date,5.0,7.0,10.0,20.0,30.0
2003-01-02,0.013073496,0.014038032,0.017107017,,
2003-01-03,0.012870679,0.013728638,0.01690864,,
2003-01-06,0.013167564,0.013918512,0.016989275,,
2003-01-07,0.012873694,0.013836398,0.016893702,,
2003-01-08,0.013382731,0.014453873,0.017835217,,
2003-01-09,0.014185137,0.015693502,0.018511544,,
2003-01-10,0.014092563,0.015494687,0.018197042,,
2003-01-13,0.014088721,0.015489259,0.018425078,,
2003-01-14,0.013890129,0.015609135,0.018320826,,
2003-01-15,0.014192061,0.015805476,0.018747017,,
2003-01-16,0.014090304,0.015382313,0.018661226,,
2003-01-17,0.014598737,0.015679925,0.018734369,,
2003-01-21,0.013890966,0.015289637,0.018564606,,
2003-01-22,0.013484458,0.014768522,0.01793269,,
2003-01-23,0.014290639,0.015472449,0.018530942,,
2003-01-24,0.014695125,0.015773281,0.018716888,,
2003-01-27,0.014795356,0.016194823,0.018910499,,
2003-01-28,0.014795353,0.01587563,0.018824164,,
2003-01-29,0.015295565,0.016591842,0.019202103,,
2003-01-30,0.014695917,0.015879591,0.018700156,,
2003-01-31,0.014993357,0.016073302,0.018790115,,
2003-02-03,0.015301207,0.016057991,0.018766313,,
2003-02-04,0.015506516,0.016583196,0.019062205,,
2003-02-05,0.016212022,0.017186801,0.019663547,,
2003-02-06,0.016317169,0.01728931,0.019430579,,
2003-02-07,0.016117633,0.016988156,0.019592556,,
2003-02-10,0.016724468,0.017594479,0.019959763,,
2003-02-11,0.016322332,0.017407228,0.019996355,,
2003-02-12,0.016117763,0.017202855,0.019585281,,
2003-02-13,0.015715399,0.016906809,0.019520342,,
2003-02-14,0.016320236,0.017301642,0.01992563,,
2003-02-18,0.016413782,0.017288029,0.019574127,,
2003-02-19,0.016313319,0.016863006,0.01959593,,
2003-02-20,0.017022823,0.017684196,0.020086599,,
2003-02-21,0.01742367,0.018090673,0.020394718,,
2003-02-24,0.017929661,0.018178048,0.020593001,,
2003-02-25,0.017829509,0.01839085,0.020356023,,
2003-02-26,0.017521953,0.017762694,0.020062824,,
2003-02-27,0.017822111,0.017746793,0.020040391,,
2003-02-28,0.017624328,0.017864917,0.020042887,,
2003-03-03,0.017421285,0.017658546,0.019726346,,
2003-03-04,0.017320769,0.017453779,0.019417142,,
2003-03-05,0.016918925,0.017261332,0.019448434,,
2003-03-06,0.017426701,0.017770092,0.019960237,,
2003-03-07,0.017540024,0.017783251,0.01975159,,
2003-03-10,0.017337023,0.01747389,0.019672346,,
2003-03-11,0.017740771,0.017983613,0.019841397,,
2003-03-12,0.018033235,0.018171021,0.019798753,,
2003-03-13,0.01883824,0.019082682,0.020691381,,
2003-03-14,0.015804295,0.017826803,0.018877118,,
2003-03-17,0.016811833,0.018000949,0.019060101,,
2003-03-18,0.01640125,0.017693001,0.018861232,,
2003-03-19,0.016003679,0.017515211,0.018900131,,
2003-03-20,0.016810338,0.017363591,0.018651689,,
2003-03-21,0.01711688,0.017567862,0.018740975,,
2003-03-24,0.016717849,0.017484669,0.018533718,,
2003-03-25,0.016516752,0.017605538,0.018537351,,
2003-03-26,0.016617886,0.017387869,0.018665959,,
2003-03-27,0.017233083,0.017796813,0.019081591,,
2003-03-28,0.017339767,0.017586299,0.018886396,,
2003-03-31,0.016628487,0.017185574,0.01859523,,
2003-04-01,0.016527952,0.017513431,0.018814673,,
2003-04-02,0.016728815,0.017717556,0.018892524,,
2003-04-03,0.016530722,0.017411587,0.018709592,,
2003-04-04,0.016433749,0.017635548,0.018597987,,
2003-04-07,0.01621779,0.017205151,0.018837563,,
2003-04-08,0.015815327,0.017011509,0.018301963,,
2003-04-09,0.01561854,0.016598717,0.018677375,,
2003-04-10,0.016522156,0.016655411,0.018525566,,
2003-04-11,0.016312043,0.016547223,0.01831942,,
2003-04-14,0.016705861,0.017052362,0.018813638,,
2003-04-15,0.016305278,0.016538132,0.018631139,,
2003-04-16,0.015904019,0.016453045,0.018198494,,
2003-04-17,0.015898971,0.01622944,0.018201395,,
2003-04-21,0.015802564,0.016131279,0.018088386,,
2003-04-22,0.015195742,0.015848195,0.01803648,,
2003-04-23,0.015498989,0.015942481,0.01824368,,
2003-04-24,0.014695546,0.015561058,0.017737668,,
2003-04-25,0.014700955,0.015461206,0.017977932,,
2003-04-28,0.01490053,0.015874,0.018277705,,
2003-04-29,0.014797988,0.01566541,0.018073074,,
2003-04-30,0.014605686,0.015366464,0.01799644,,
2003-05-01,0.013089189,0.015868448,0.018258069,,
2003-05-02,0.013493187,0.016274128,0.01821077,,
2003-05-05,0.015106859,0.015764714,0.017961739,,
2003-05-06,0.01430357,0.015172878,0.01737226,,
2003-05-07,0.013890263,0.014751053,0.017721872,,
2003-05-08,0.013476742,0.015298392,0.017703211,,
2003-05-09,0.014091369,0.014954565,0.017585828,,
2003-05-12,0.013782156,0.014638753,0.017486267,,
2003-05-13,0.01398386,0.014732656,0.017575226,,
2003-05-14,0.013276862,0.014660962,0.017265277,,
2003-05-15,0.013983109,0.015258762,0.017288227,,
2003-05-16,0.013182322,0.014771309,0.016792342,,
2003-05-19,0.013486678,0.014339868,0.016707979,,
2003-05-20,0.013585053,0.01474925,0.017116497,,
2003-05-21,0.013474516,0.014955931,0.017204675,,
2003-05-22,0.013072838,0.014440854,0.016901104,,
2003-05-23,0.013168143,0.014647996,0.016777284,,
2003-05-27,0.012578415,0.0144802,0.016728282,,
2003-05-28,0.012370727,0.014178825,0.016765342,,
2003-05-29,0.012369201,0.013958344,0.016430382,,
2003-05-30,0.012668845,0.014265219,0.016628803,,
2003-06-02,0.012978173,0.014575164,0.016608653,,
2003-06-03,0.0125851,0.014271888,0.016430095,,
2003-06-04,0.012579756,0.013962654,0.016335883,,
2003-06-05,0.013183498,0.014567102,0.01650331,,
2003-06-06,0.013384259,0.014882119,0.016699847,,
2003-06-09,0.013290077,0.014886514,0.01670184,,
2003-06-10,0.01318766,0.014569893,0.016494046,,
2003-06-11,0.013692521,0.014862447,0.016452208,,
2003-06-12,0.013289383,0.014671029,0.01669842,,
2003-06-13,0.013791662,0.014862982,0.016776875,,
2003-06-16,0.013589565,0.01496636,0.016435692,,
2003-06-17,0.013586884,0.014964001,0.016210019,,
2003-06-18,0.013692082,0.014863442,0.016338217,,
2003-06-19,0.01400921,0.015080432,0.016671549,,
2003-06-20,0.014004657,0.0151808,0.016898627,,
2003-06-23,0.013700345,0.014875788,0.016695015,,
2003-06-24,0.01380137,0.014766292,0.016699035,,
2003-06-25,0.01459753,0.016203038,0.017251687,,
2003-06-26,0.014799241,0.015984073,0.017590336,,
2003-06-27,0.014906168,0.015774198,0.017387755,,
2003-06-30,0.014606297,0.015364865,0.016987773,,
2003-07-01,0.014613498,0.015688323,0.016972967,,
2003-07-02,0.014409147,0.015486395,0.016552963,,
2003-07-03,0.014516203,0.015814009,0.016329387,,
2003-07-07,0.014515574,0.015706159,0.016557357,,
2003-07-08,0.014208141,0.015183298,0.016927512,,
2003-07-09,0.014716062,0.015798677,0.017988208,,
2003-07-10,0.014616487,0.015913271,0.018325481,,
2003-07-11,0.014315881,0.015717128,0.018574795,,
2003-07-14,0.014818699,0.016545648,0.018968636,,
2003-07-15,0.015427278,0.016953838,0.019612845,,
2003-07-16,0.015727821,0.017040381,0.019694881,,
2003-07-17,0.015833653,0.017253495,0.02012839,,
2003-07-18,0.016641877,0.018061412,0.020371018,,
2003-07-21,0.016439216,0.018190777,0.020625978,,
2003-07-22,0.016038209,0.017887684,0.020664752,,
2003-07-23,0.016848833,0.018385025,0.020928332,,
2003-07-24,0.016855197,0.018614011,0.021065116,,
2003-07-25,0.017777817,0.019214257,0.021667651,,
2003-07-28,0.017365789,0.019013819,0.021238993,,
2003-07-29,0.017162447,0.018921812,0.02126172,,
2003-07-30,0.017469454,0.019117997,0.020982831,,
2003-07-31,0.017656222,0.019326677,0.021667871,,
2003-08-01,0.017657694,0.019424934,0.021143077,,
2003-08-04,0.017358971,0.019120287,0.020882186,,
2003-08-05,0.017646211,0.019077312,0.021199542,,
2003-08-06,0.01734327,0.018640474,0.020541692,,
2003-08-07,0.01795239,0.018513618,0.020885589,,
2003-08-08,0.017548553,0.018645439,0.0207755,,
2003-08-11,0.018352328,0.019677852,0.021485857,,
2003-08-12,0.01827148,0.019592407,0.021624196,,
2003-08-13,0.018975943,0.020418868,0.022577737,,
2003-08-14,0.01907684,0.020624104,0.022536988,,
2003-08-15,0.019381184,0.020496991,0.02276275,,
2003-08-18,0.018966483,0.020399071,0.022426512,,
2003-08-19,0.018865016,0.020404284,0.022188934,,
2003-08-20,0.019576634,0.021009474,0.022689191,,
2003-08-21,0.020776124,0.021889944,0.023100666,,
2003-08-22,0.020671642,0.021676998,0.022878423,,
2003-08-25,0.020463438,0.021580076,0.022892893,,
2003-08-26,0.020472757,0.021368288,0.022904685,,
2003-08-27,0.020259819,0.021482967,0.022437827,,
2003-08-28,0.019960512,0.020533341,0.021963232,,
2003-08-29,0.020063406,0.020956667,0.02226382,,
2003-09-02,0.020167561,0.021391048,0.022460086,,
2003-09-03,0.020473584,0.021262948,0.022689065,,
2003-09-04,0.020279362,0.020957806,0.022745228,,
2003-09-05,0.019885315,0.020677783,0.022595341,,
2003-09-08,0.01958092,0.020585285,0.022514484,,
2003-09-09,0.019586399,0.020483996,0.022403277,,
2003-09-10,0.019177557,0.019647761,0.021808161,,
2003-09-11,0.019372504,0.019845168,0.022134073,,
2003-09-12,0.018969596,0.019765567,0.021700773,,
2003-09-15,0.018873328,0.019670305,0.021849313,,
2003-09-16,0.018165873,0.019175455,0.021124677,,
2003-09-17,0.01785064,0.018857801,0.020789868,,
2003-09-18,0.018047249,0.018733645,0.020867696,,
2003-09-19,0.01824697,0.019028547,0.020702261,,
2003-09-22,0.018558271,0.019459109,0.021262341,,
2003-09-23,0.018559132,0.019348139,0.021273492,,
2003-09-24,0.018754822,0.019331707,0.021029555,,
2003-09-25,0.019260218,0.019515932,0.021208751,,
2003-09-26,0.019257743,0.019516229,0.021221649,,
2003-09-29,0.019261657,0.019740734,0.021334521,,
2003-09-30,0.01876173,0.01912841,0.020823446,,
2003-10-01,0.018563435,0.0190344,0.02073531,,
2003-10-02,0.01847079,0.019156793,0.020961637,,
2003-10-03,0.019071422,0.019969465,0.021206097,,
2003-10-06,0.018869835,0.019771744,0.021354481,,
2003-10-07,0.019274237,0.020181163,0.021772777,,
2003-10-08,0.019074257,0.019873897,0.021696532,,
2003-10-09,0.019376458,0.020401263,0.022002452,,
2003-10-10,0.019884466,0.020687001,0.022309365,,
2003-10-14,0.020185203,0.021214254,0.022710828,,
2003-10-15,0.020382941,0.02119735,0.023148443,,
2003-10-16,0.020967376,0.021675304,0.023368138,,
2003-10-17,0.020869599,0.02189459,0.02348,,
2003-10-20,0.020770829,0.021891147,0.023599515,,
2003-10-21,0.02056158,0.021574755,0.023392579,,
2003-10-22,0.01986072,0.021289165,0.022987692,,
2003-10-23,0.020262318,0.021804085,0.023962441,,
2003-10-24,0.020057754,0.021597438,0.024104648,,
2003-10-27,0.020355749,0.021997007,0.024282185,,
2003-10-28,0.020169218,0.021812209,0.024098941,,
2003-10-29,0.020468031,0.022114038,0.02417773,,
2003-10-30,0.020664989,0.022310937,0.024799815,,
2003-10-31,0.020763718,0.022518412,0.024890445,,
2003-11-03,0.020865267,0.022831505,0.02520016,,
2003-11-04,0.02076385,0.022507758,0.024875696,,
2003-11-05,0.020249394,0.02221215,0.024447128,,
2003-11-06,0.020346635,0.022414046,0.02453601,,
2003-11-07,0.020647648,0.022496805,0.024625928,,
2003-11-10,0.021048808,0.022682794,0.02481767,,
2003-11-12,0.021044216,0.022573171,0.024814382,,
2003-11-13,0.020646202,0.022167015,0.024418349,,
2003-11-14,0.020348433,0.022077665,0.024332314,,
2003-11-17,0.020356202,0.022302623,0.024424214,,
2003-11-18,0.020143063,0.021983093,0.024222011,,
2003-11-19,0.020141336,0.022084127,0.0240926,,
2003-11-20,0.019235938,0.021274846,0.023165706,,
2003-11-21,0.019335095,0.02095079,0.022943514,,
2003-11-24,0.019931703,0.02145176,0.02311039,,
2003-11-25,0.020039332,0.021553452,0.02343251,,
2003-11-26,0.020233585,0.021751367,0.023626007,,
2003-11-28,0.020328113,0.021960219,0.023824926,,
2003-12-01,0.020530281,0.022482315,0.023877067,,
2003-12-02,0.020638409,0.022376246,0.024002811,,
2003-12-03,0.020739317,0.022476646,0.023995036,,
2003-12-04,0.020839516,0.022463153,0.024114862,,
2003-12-05,0.020452087,0.022072953,0.023844574,,
2003-12-08,0.020748153,0.022162221,0.024060459,,
2003-12-09,0.021050843,0.022147351,0.023929025,,
2003-12-10,0.021053338,0.022047629,0.024061,,
2003-12-11,0.021271948,0.022485972,0.024519586,,
2003-12-12,0.021166632,0.022153965,0.024301029,,
2003-12-15,0.020961105,0.022064728,0.023745595,,
2003-12-16,0.020357723,0.021453506,0.023251344,,
2003-12-17,0.020150161,0.021344079,0.023021639,,
2003-12-18,0.019837221,0.021027653,0.022922304,,
2003-12-19,0.019946471,0.021031231,0.022695936,,
2003-12-22,0.019945608,0.021032516,0.02269766,,
2003-12-23,0.020540345,0.021748443,0.023185698,,
2003-12-24,0.020254287,0.021558857,0.023111674,,
2003-12-26,0.020248385,0.021341651,0.023020652,,
2003-12-29,0.020354177,0.021669419,0.023221148,,
2003-12-30,0.02045949,0.02188645,0.023558875,,
2003-12-31,0.020458484,0.02188202,0.023450398,,
2004-01-02,0.020961999,0.022397652,0.023953988,,
2004-01-05,0.021063922,0.022701015,0.024272239,,
2004-01-06,0.020667725,0.02240857,0.02397116,,
2004-01-07,0.020660224,0.02229454,0.024093778,,
2004-01-08,0.020050832,0.022001278,0.023577051,,
2004-01-09,0.019455842,0.021299133,0.022989706,,
2004-01-12,0.01945625,0.021297536,0.02299172,,
2004-01-13,0.019659853,0.021182057,0.022994364,,
2004-01-14,0.019249337,0.020870976,0.022333153,,
2004-01-15,0.019749945,0.020942779,0.022402253,,
2004-01-16,0.020258064,0.021561939,0.022793895,,
2004-01-20,0.020570134,0.02208563,0.023101916,,
2004-01-21,0.02076868,0.022179561,0.02330914,,
2004-01-22,0.02036232,0.021879585,0.023002729,,
2004-01-23,0.020668338,0.022187794,0.023425136,,
2004-01-26,0.020769554,0.022399016,0.02341573,,
2004-01-27,0.021076295,0.022284744,0.023421099,,
2004-01-28,0.021457868,0.022557902,0.023696199,,
2004-01-29,0.021662608,0.02287339,0.023772888,,
2004-01-30,0.021765371,0.0228628,0.023764712,,
2004-02-02,0.022378602,0.02337076,0.024058492,,
2004-02-03,0.022079725,0.023178233,0.023862171,,
2004-02-04,0.022179074,0.023172208,0.023966342,,
2004-02-05,0.022376248,0.023150927,0.024172418,,
2004-02-06,0.021875699,0.022970004,0.023990252,,
2004-02-09,0.021772188,0.023082732,0.023991264,,
2004-02-10,0.021864611,0.023066381,0.024090262,,
2004-02-11,0.021672678,0.022771042,0.023680152,,
2004-02-12,0.021871475,0.022758529,0.024027071,,
2004-02-13,0.021777571,0.022986989,0.023802223,,
2004-02-17,0.021979527,0.022764469,0.02369089,,
2004-02-18,0.022078464,0.022755779,0.023675913,,
2004-02-19,0.022182886,0.022756109,0.023574238,,
2004-02-20,0.022583631,0.023052915,0.02376444,,
2004-02-23,0.022490823,0.023060196,0.023543044,,
2004-02-24,0.022487424,0.023058812,0.023661066,,
2004-02-25,0.022591379,0.023275048,0.023765696,,
2004-02-26,0.023097888,0.023787049,0.024281269,,
2004-02-27,0.024010424,0.024062719,0.024446262,,
2004-03-01,0.024211581,0.024795627,0.025190663,,
2004-03-02,0.02440619,0.024995424,0.025382341,,
2004-03-03,0.024409239,0.02509885,0.025488094,,
2004-03-04,0.023694562,0.02448728,0.025100557,,
2004-03-05,0.022992409,0.023677256,0.024627036,,
2004-03-08,0.022692414,0.023587056,0.024197885,,
2004-03-09,0.022178713,0.023176349,0.024011554,,
2004-03-10,0.021970351,0.022755855,0.023586833,,
2004-03-11,0.021674742,0.022452627,0.023047128,,
2004-03-12,0.021568699,0.022355257,0.023299501,,
2004-03-15,0.022173554,0.022962825,0.023795858,,
2004-03-16,0.022174883,0.022864016,0.023694563,,
2004-03-17,0.02288116,0.023466264,0.024197928,,
2004-03-18,0.023394427,0.024087566,0.024587708,,
2004-03-19,0.022888902,0.023686978,0.024297966,,
2004-03-22,0.022585294,0.023273562,0.023882863,,
2004-03-23,0.022584083,0.023272137,0.023879876,,
2004-03-24,0.022893506,0.023687573,0.024190578,,
2004-03-25,0.022792656,0.023591786,0.024199342,,
2004-03-26,0.023193449,0.023785698,0.024505003,,
2004-03-29,0.02329336,0.02409902,0.024821452,,
2004-03-30,0.02309064,0.023895051,0.024615552,,
2004-03-31,0.023089193,0.023794307,0.024521093,,
2004-04-01,0.023590834,0.024081355,0.025031676,,
2004-04-02,0.023986497,0.024472959,0.025286701,,
2004-04-05,0.024192547,0.024786203,0.025592437,,
2004-04-06,0.023891479,0.02437416,0.025297177,,
2004-04-07,0.022978283,0.023563071,0.024360948,,
2004-04-08,0.023587665,0.023962848,0.024763728,,
2004-04-12,0.023689402,0.024382717,0.025066081,,
2004-04-13,0.02408665,0.024676981,0.0253561,,
2004-04-14,0.024471043,0.024963248,0.025526005,,
2004-04-15,0.024378521,0.02508044,0.025538938,,
2004-04-16,0.024589922,0.025078486,0.025659667,,
2004-04-19,0.024786624,0.025166056,0.02585433,,
2004-04-20,0.023971049,0.024562075,0.025245048,,
2004-04-21,0.024658238,0.025034342,0.025485797,,
2004-04-22,0.023755713,0.024232163,0.024795022,,
2004-04-23,0.023031938,0.023606737,0.02413267,,
2004-04-26,0.023840395,0.02420115,0.024846186,,
2004-04-27,0.023952572,0.024096522,0.024865462,,
2004-04-28,0.02353517,0.023894092,0.024548153,,
2004-04-29,0.023534752,0.02388947,0.024536582,,
2004-04-30,0.023536852,0.023888144,0.024769317,,
2004-05-03,0.023630482,0.024094498,0.024973974,,
2004-05-04,0.024148058,0.024396044,0.025160534,,
2004-05-05,0.024348952,0.02448983,0.025719093,,
2004-05-06,0.023934239,0.024291807,0.025409334,,
2004-05-07,0.02471306,0.025058803,0.02603039,,
2004-05-10,0.024315645,0.024871741,0.026195883,,
2004-05-11,0.024615228,0.025059109,0.026388852,,
2004-05-12,0.025524853,0.02576904,0.027232825,,
2004-05-13,0.025926389,0.026274053,0.027265037,,
2004-05-14,0.025227887,0.025790569,0.026895844,,
2004-05-17,0.025131399,0.025688565,0.026913358,,
2004-05-18,0.025524792,0.026196858,0.027523738,,
2004-05-19,0.026232778,0.026794566,0.028239067,,
2004-05-20,0.02623972,0.026907456,0.028227204,,
2004-05-21,0.025827287,0.026488301,0.027811103,,
2004-05-24,0.026434588,0.02677811,0.027995387,,
2004-05-25,0.026130298,0.026469818,0.027574445,,
2004-05-26,0.025933021,0.026384977,0.027384513,,
2004-05-27,0.025634418,0.026082365,0.026858798,,
2004-05-28,0.025622246,0.026067313,0.027179357,,
2004-06-01,0.026523552,0.027084635,0.027979483,,
2004-06-02,0.026314773,0.026659072,0.02754529,,
2004-06-03,0.025915747,0.026363889,0.027115869,,
2004-06-04,0.026109059,0.026553787,0.027198661,,
2004-06-07,0.025910204,0.026357723,0.027242261,,
2004-06-08,0.025391426,0.025950179,0.026820361,,
2004-06-09,0.025483105,0.025922411,0.026692318,,
2004-06-10,0.025575337,0.025806074,0.026801403,,
2004-06-14,0.025542479,0.025882059,0.026771543,,
2004-06-15,0.02526324,0.025376082,0.025709977,,
2004-06-16,0.025355156,0.025574034,0.026019582,,
2004-06-17,0.025156981,0.025481175,0.025923398,,
2004-06-18,0.025461472,0.025679482,0.026124074,,
2004-06-21,0.025158579,0.025494689,0.025812335,,
2004-06-22,0.025160037,0.025488531,0.025931342,,
2004-06-23,0.024860702,0.025410864,0.025733312,,
2004-06-24,0.024558097,0.024998428,0.025552295,,
2004-06-25,0.024256404,0.024802164,0.025463902,,
2004-06-28,0.024543479,0.024868351,0.025762579,,
2004-06-29,0.024242356,0.024786402,0.025431573,,
2004-06-30,0.024362741,0.025124312,0.025662331,,
2004-07-01,0.024471768,0.025026886,0.025795531,,
2004-07-02,0.024178777,0.0250594,0.025719021,,
2004-07-06,0.02427932,0.02503861,0.025696683,,
2004-07-07,0.024478398,0.024825068,0.025487899,,
2004-07-08,0.024379051,0.024835866,0.025164581,,
2004-07-09,0.024175204,0.024634491,0.025191497,,
2004-07-12,0.0238743,0.024427248,0.024868031,,
2004-07-13,0.024069208,0.024627344,0.02517947,,
2004-07-14,0.024160118,0.024505681,0.02528044,,
2004-07-15,0.024256206,0.02459654,0.025375033,,
2004-07-16,0.02376205,0.024205597,0.024861255,,
2004-07-19,0.023656119,0.023992664,0.024648484,,
2004-07-20,0.023642712,0.023872102,0.024632395,,
2004-07-21,0.023739742,0.024287578,0.024927061,,
2004-07-22,0.023741218,0.024178259,0.024929406,,
2004-07-23,0.023837294,0.02406137,0.024925921,,
2004-07-26,0.023627657,0.024066732,0.024810636,,
2004-07-27,0.023828209,0.024163756,0.025141168,0.030761651,
2004-07-28,0.024036656,0.024483188,0.025468157,0.031104622,
2004-07-29,0.02434764,0.024906989,0.025769332,0.031178917,
2004-07-30,0.024148459,0.024486291,0.025351057,0.030715908,
2004-08-02,0.024248636,0.02459063,0.025243681,0.030617106,
2004-08-03,0.02434716,0.024476086,0.025121285,0.030512308,
2004-08-04,0.023944019,0.024284678,0.024927366,0.030681365,
2004-08-05,0.024145176,0.024376309,0.025141933,0.030747265,
2004-08-06,0.023468102,0.024023125,0.024683973,0.030457145,
2004-08-09,0.023762596,0.024099692,0.024768811,0.030504886,
2004-08-10,0.023545432,0.024094267,0.02463382,0.030364078,
2004-08-11,0.023848503,0.024295359,0.024833844,0.030578391,
2004-08-12,0.024050515,0.024603833,0.025036387,0.030922778,
2004-08-13,0.024158633,0.024708391,0.024916318,0.031094216,
2004-08-16,0.023952555,0.024616207,0.02481931,0.031020671,
2004-08-17,0.023356297,0.023907667,0.024335989,0.030749027,
2004-08-18,0.023258422,0.023914163,0.024450012,0.030508699,
2004-08-19,0.023965378,0.024524949,0.025063614,0.030876433,
2004-08-20,0.023658019,0.024319269,0.024965297,0.030844313,
2004-08-23,0.02335107,0.024115956,0.024652452,0.030828713,
2004-08-24,0.023050874,0.02413206,0.024546321,0.03074446,
2004-08-25,0.022944546,0.023702452,0.024229259,0.030404422,
2004-08-26,0.022845288,0.023599845,0.024018334,0.030330403,
2004-08-27,0.022947356,0.023703412,0.024120428,0.030264816,
2004-08-30,0.02284274,0.023493454,0.024019354,0.030159367,
2004-08-31,0.022748258,0.023507678,0.023920849,0.030160365,
2004-09-01,0.022849222,0.023614427,0.024026792,0.03014816,
2004-09-02,0.023250169,0.023805528,0.024110196,0.030364751,
2004-09-03,0.023629282,0.024080091,0.024610913,0.030601985,
2004-09-07,0.02342898,0.023875639,0.024406957,0.030261991,
2004-09-08,0.023032603,0.023472307,0.024010095,0.029967096,
2004-09-09,0.023038444,0.023797857,0.024335605,0.03016951,
2004-09-10,0.022626842,0.023167449,0.024050136,0.02997042,
2004-09-13,0.022727395,0.023268334,0.023916088,0.029973502,
2004-09-14,0.022429195,0.023074467,0.023838918,0.029759421,
2004-09-15,0.022325055,0.022973958,0.023617867,0.029688298,
2004-09-16,0.021721744,0.022261873,0.023127965,0.029008284,
2004-09-17,0.021808861,0.022458318,0.023327646,0.029212102,
2004-09-20,0.021916316,0.022459992,0.023109675,0.028889219,
2004-09-21,0.021403342,0.022143298,0.02290494,0.028645651,
2004-09-22,0.021697133,0.022330798,0.023085456,0.028525296,
2004-09-23,0.021888296,0.022420524,0.022943791,0.02856522,
2004-09-24,0.021981156,0.022511927,0.022921384,0.02851995,
2004-09-27,0.02248452,0.022705455,0.023235226,0.028448081,
2004-09-28,0.022798094,0.023131657,0.02355017,0.029058112,
2004-09-29,0.022997822,0.023431542,0.023735889,0.029271144,
2004-09-30,0.023300829,0.023961046,0.024043988,0.029735724,
2004-10-01,0.023510419,0.023959826,0.024159243,0.029719401,
2004-10-04,0.02310209,0.023649623,0.023621368,0.029440958,
2004-10-05,0.023301477,0.023743147,0.023717198,0.029555182,
2004-10-06,0.023296334,0.023521678,0.023605796,0.029312279,
2004-10-07,0.023499174,0.024046772,0.024011406,0.029513654,
2004-10-08,0.023206959,0.023864963,0.024054668,0.029412337,
2004-10-12,0.023114308,0.023979652,0.024059929,0.029416322,
2004-10-13,0.023218157,0.023982039,0.02406107,0.029426856,
2004-10-14,0.023221514,0.023769551,0.023853255,0.029096717,
2004-10-15,0.023416208,0.023966884,0.024050231,0.029404507,
2004-10-18,0.023208976,0.023861675,0.023947046,0.029421665,
2004-10-19,0.023306344,0.02395824,0.024036644,0.029257757,
2004-10-20,0.023406178,0.023850511,0.023829383,0.029025626,
2004-10-21,0.024405206,0.024532477,0.024180387,0.029036601,
2004-10-22,0.02430662,0.024442067,0.023876735,0.02874196,
2004-10-25,0.024202195,0.024228704,0.023898971,0.02872818,
2004-10-26,0.024506342,0.024324121,0.024106122,0.028553954,
2004-10-27,0.024702054,0.024521294,0.024074836,0.02858875,
2004-10-28,0.024910557,0.024939632,0.024386896,0.028903815,
2004-10-29,0.024912578,0.024942939,0.024499476,0.028753929,
2004-11-01,0.025208836,0.025235819,0.024688321,0.028834766,
2004-11-02,0.025613366,0.02575573,0.025208904,0.029493614,
2004-11-03,0.0257134,0.025748991,0.025092356,0.029616595,
2004-11-04,0.02530533,0.025439105,0.024773001,0.029146166,
2004-11-05,0.025982359,0.026015286,0.025236891,0.029529912,
2004-11-08,0.025879016,0.025898658,0.02524824,0.029696497,
2004-11-09,0.025680053,0.025598095,0.025046602,0.029601577,
2004-11-10,0.025876555,0.025479113,0.025273527,0.029531063,
2004-11-12,0.025866414,0.025994893,0.025097924,0.029532708,
2004-11-15,0.026158928,0.026393749,0.025503559,0.029939689,
2004-11-16,0.026358128,0.026381799,0.025483053,0.029927286,
2004-11-17,0.026059417,0.026191115,0.025302313,0.029712601,
2004-11-18,0.025952983,0.02576106,0.024983045,0.029584064,
2004-11-19,0.026347063,0.026472486,0.025459756,0.029988351,
2004-11-22,0.026645163,0.026766017,0.025752188,0.029997052,
2004-11-23,0.026440264,0.026666888,0.025531875,0.029659583,
2004-11-24,0.026734924,0.026749031,0.025725969,0.029705526,
2004-11-26,0.026939145,0.027169659,0.025916818,0.02996223,
2004-11-29,0.027341289,0.027259695,0.02613056,0.030397401,
2004-11-30,0.027557851,0.027370508,0.026249191,0.030443584,
2004-12-01,0.027260905,0.027183753,0.026063558,0.03023627,
2004-12-02,0.027156088,0.026972679,0.025850283,0.03041094,
2004-12-03,0.026757894,0.026676224,0.0255702,0.030213192,
2004-12-06,0.026556402,0.026578177,0.025572031,0.030083323,
2004-12-07,0.026551202,0.026464005,0.025560448,0.029946976,
2004-12-08,0.026548556,0.0263559,0.025346969,0.029542852,
2004-12-09,0.026342432,0.026363209,0.02570537,0.029617332,
2004-12-10,0.025832116,0.02585191,0.025184629,0.029376084,
2004-12-13,0.026124337,0.025928697,0.025267982,0.029294896,
2004-12-14,0.026319977,0.025919316,0.025368206,0.029376108,
2004-12-15,0.02641723,0.026018867,0.02536306,0.029317467,
2004-12-16,0.026726449,0.026325227,0.025657818,0.029931148,
2004-12-17,0.02682448,0.026638923,0.025861326,0.03001342,
2004-12-20,0.026915897,0.026630265,0.026071207,0.030180169,
2004-12-21,0.027016292,0.026728237,0.026055981,0.030886408,
2004-12-22,0.026721252,0.026544786,0.025982443,0.030695011,
2004-12-23,0.026928099,0.026854366,0.026301634,0.03064214,
2004-12-27,0.027025815,0.027055801,0.026502322,0.031383186,
2004-12-28,0.027024505,0.026951915,0.026396311,0.030999529,
2004-12-29,0.026917866,0.026945652,0.026165275,0.030923576,
2004-12-30,0.026613773,0.026642216,0.025861592,0.030878904,
2004-12-31,0.026313273,0.026334565,0.025768196,0.030425844,
2005-01-03,0.026105896,0.026117075,0.025437839,0.030342916,
2005-01-04,0.026091824,0.026206364,0.025184244,0.0305346,
2005-01-05,0.025885934,0.02599969,0.025083622,0.029891719,
2005-01-06,0.02579469,0.026014123,0.025430495,0.029966875,
2005-01-07,0.025591987,0.025802896,0.024986544,0.02967715,
2005-01-10,0.02608495,0.026087526,0.025274782,0.029451115,
2005-01-11,0.02587676,0.025772348,0.025071342,0.029344503,
2005-01-12,0.02588377,0.025993912,0.025278245,0.029415142,
2005-01-13,0.025877798,0.025881223,0.025062451,0.02905516,
2005-01-14,0.025670442,0.025769828,0.025179145,0.029113721,
2005-01-18,0.025565947,0.025660641,0.0250531,0.029203652,
2005-01-19,0.025466793,0.025662376,0.025043834,0.028718191,
2005-01-20,0.025074926,0.025271514,0.024759811,0.028803501,
2005-01-21,0.024984795,0.025289924,0.02478204,0.028814707,
2005-01-24,0.025070171,0.025058026,0.024665719,0.028639421,
2005-01-25,0.025374775,0.025263354,0.024641709,0.028334971,
2005-01-26,0.025665134,0.025447472,0.024939808,0.028373144,
2005-01-27,0.025765807,0.025649042,0.025025454,0.028479082,
2005-01-28,0.025661512,0.025751937,0.025140664,0.028206364,
2005-01-31,0.025649503,0.025523194,0.024908554,0.028207264,
2005-02-01,0.025450963,0.025432022,0.024813802,0.028116422,
2005-02-02,0.025341979,0.025106498,0.024492774,0.027640884,
2005-02-03,0.025442942,0.025100624,0.024479475,0.027600712,
2005-02-04,0.025542242,0.025097496,0.02437282,0.027459528,
2005-02-07,0.025434264,0.025194405,0.024464839,0.027269787,
2005-02-08,0.02592814,0.025477297,0.024745206,0.027417195,
2005-02-09,0.026139933,0.025804369,0.025090539,0.027771666,
2005-02-10,0.026438502,0.02600064,0.024962589,0.028067005,
2005-02-11,0.026831099,0.026286629,0.025243818,0.028588815,
2005-02-14,0.0270155,0.026259751,0.02533311,0.028623579,
2005-02-15,0.026323657,0.025982286,0.024823434,0.028644451,
2005-02-16,0.026623007,0.026070321,0.025017365,0.02882416,
2005-02-17,0.026833931,0.026389264,0.025342494,0.029189831,
2005-02-18,0.027627531,0.026978232,0.025933049,0.029549854,
2005-02-22,0.027928697,0.027178732,0.026132307,0.029430833,
2005-02-23,0.027926319,0.027379852,0.02622113,0.029418092,
2005-02-24,0.027912843,0.027470317,0.026311074,0.02926676,
2005-02-25,0.027805511,0.027359615,0.026194459,0.029039801,
2005-02-28,0.028005659,0.027660016,0.02648972,0.029086895,
2005-03-01,0.028307296,0.027854074,0.026802463,0.029248854,
2005-03-02,0.028414539,0.028072084,0.026794442,0.029538577,
2005-03-03,0.028508877,0.028060746,0.026900766,0.029723672,
2005-03-04,0.028306391,0.027855579,0.02657389,0.029477613,
2005-03-07,0.028395092,0.028042333,0.026648543,0.029640638,
2005-03-08,0.028705075,0.028352452,0.026952136,0.030206933,
2005-03-09,0.029115402,0.028661332,0.027367476,0.030753216,
2005-03-10,0.028596708,0.028137596,0.027084617,0.029909633,
2005-03-11,0.028600425,0.028555047,0.027257997,0.030140694,
2005-03-14,0.028388395,0.02823256,0.026826745,0.029973458,
2005-03-15,0.028591946,0.028434304,0.027028238,0.030199647,
2005-03-16,0.028695343,0.028545774,0.02714856,0.030303824,
2005-03-17,0.028892863,0.028533148,0.027252193,0.030516376,
2005-03-18,0.028994647,0.028634618,0.02724199,0.030663972,
2005-03-21,0.028793317,0.028432555,0.027158372,0.030799059,
2005-03-22,0.029168757,0.028593955,0.027429695,0.030679573,
2005-03-23,0.028376745,0.028110856,0.026703122,0.030338423,
2005-03-24,0.028263697,0.028105523,0.026807145,0.030179382,
2005-03-28,0.028263945,0.028107212,0.026806031,0.030419418,
2005-03-29,0.028267047,0.027900111,0.026710121,0.030321573,
2005-03-30,0.028162688,0.027902452,0.026498164,0.030328033,
2005-03-31,0.028467604,0.028214923,0.026933546,0.030513357,
2005-04-01,0.028276277,0.02802804,0.026744309,0.030561005,
2005-04-04,0.028280135,0.028033476,0.026639079,0.030198935,
2005-04-05,0.028080073,0.027933059,0.026537119,0.030260616,
2005-04-06,0.027685786,0.027541418,0.026262846,0.030117137,
2005-04-07,0.027486282,0.027445615,0.026278985,0.030019533,
2005-04-08,0.02777478,0.027518561,0.026456984,0.029901394,
2005-04-11,0.027574626,0.027419695,0.026135982,0.02984743,
2005-04-12,0.027372056,0.027430007,0.026375082,0.029718232,
2005-04-13,0.026985982,0.027249517,0.026298917,0.029903651,
2005-04-14,0.027098214,0.027059029,0.026446013,0.029905253,
2005-04-15,0.026803551,0.026871264,0.025918245,0.029800908,
2005-04-18,0.026896853,0.02685875,0.026025587,0.029599353,
2005-04-19,0.02700104,0.026751588,0.025815584,0.029492882,
2005-04-20,0.02729771,0.027052448,0.026117415,0.029590351,
2005-04-21,0.027776492,0.027430188,0.026495894,0.029706334,
2005-04-22,0.027876526,0.027427347,0.026381336,0.029612483,
2005-04-25,0.027670463,0.027212565,0.026167755,0.028887023,
2005-04-26,0.027665859,0.027106999,0.026060705,0.028785359,
2005-04-27,0.027266902,0.026704908,0.025884949,0.028484302,
2005-04-28,0.027170676,0.026720811,0.026014911,0.028717161,
2005-04-29,0.027058218,0.026605605,0.025882313,0.028587015,
2005-05-02,0.026761752,0.026519358,0.025908847,0.028598474,
2005-05-03,0.026354241,0.026215769,0.025592671,0.028273952,
2005-05-04,0.026364659,0.026120408,0.025616267,0.028603928,
2005-05-05,0.026173585,0.026040803,0.025657959,0.028639087,
2005-05-06,0.026548396,0.026306039,0.025802891,0.0287508,
2005-05-09,0.026843019,0.026593267,0.025869298,0.028826196,
2005-05-10,0.026650165,0.026180402,0.025688751,0.028758676,
2005-05-11,0.026447857,0.025872917,0.025605259,0.028604831,
2005-05-12,0.025752608,0.02559712,0.025099828,0.028370315,
2005-05-13,0.02506361,0.025004474,0.02448814,0.02816042,
2005-05-16,0.025052005,0.024466187,0.024651371,0.02809539,
2005-05-17,0.025147689,0.024457503,0.024760779,0.02816599,
2005-05-18,0.024654726,0.023960336,0.024155058,0.027673561,
2005-05-19,0.024737906,0.023730432,0.024149571,0.027633522,
2005-05-20,0.025227745,0.024115845,0.024530556,0.027871466,
2005-05-23,0.024730125,0.023820788,0.024126718,0.027693588,
2005-05-24,0.024537088,0.023842819,0.024143454,0.02759082,
2005-05-25,0.024745184,0.024056441,0.024130513,0.027516166,
2005-05-26,0.024452174,0.024286611,0.023762393,0.027151129,
2005-05-27,0.024751008,0.024585991,0.023956518,0.027353015,
2005-05-31,0.024454725,0.024292341,0.023537582,0.026917274,
2005-06-01,0.024161766,0.024003743,0.023596593,0.026905911,
2005-06-02,0.023958584,0.023691803,0.023268241,0.026568862,
2005-06-03,0.023958574,0.024002928,0.02357266,0.026727708,
2005-06-06,0.024051837,0.023990348,0.02344897,0.026597416,
2005-06-07,0.023652229,0.023587179,0.023046469,0.026059551,
2005-06-08,0.023649099,0.023480917,0.023046841,0.026169665,
2005-06-09,0.02364375,0.023479298,0.023256501,0.026125249,
2005-06-10,0.023439276,0.023379381,0.022930196,0.026198916,
2005-06-13,0.023544369,0.023480603,0.023138916,0.026197891,
2005-06-14,0.023648372,0.023585985,0.023250859,0.026442864,
2005-06-15,0.023546906,0.023480247,0.023138331,0.026467943,
2005-06-16,0.023647373,0.023686478,0.023236693,0.026549419,
2005-06-17,0.024042547,0.024087155,0.023520784,0.026377094,
2005-06-20,0.023943231,0.023984475,0.023536449,0.026381314,
2005-06-21,0.023738923,0.023677332,0.023231352,0.025936021,
2005-06-22,0.02294729,0.022885114,0.022555491,0.025485664,
2005-06-23,0.023145122,0.022873608,0.022653082,0.025574238,
2005-06-24,0.022949926,0.022779632,0.022561001,0.025361716,
2005-06-27,0.023244563,0.023074951,0.022636131,0.02532731,
2005-06-28,0.023341781,0.023170823,0.022836368,0.025384656,
2005-06-29,0.023243151,0.02307204,0.022851645,0.025518323,
2005-06-30,0.022835442,0.022565552,0.022560917,0.025426978,
2005-07-01,0.023125826,0.022963532,0.022954015,0.025790361,
2005-07-05,0.023226532,0.023058095,0.022934655,0.025815067,
2005-07-06,0.023127791,0.023064445,0.022834612,0.025493681,
2005-07-07,0.023039366,0.022767038,0.022643442,0.02528381,
2005-07-08,0.02303036,0.022862345,0.022630766,0.02516405,
2005-07-11,0.023322822,0.023044579,0.022811632,0.025351281,
2005-07-12,0.023425052,0.023249152,0.023015287,0.025561689,
2005-07-13,0.023222315,0.02294479,0.022824032,0.025340458,
2005-07-14,0.022424987,0.022250937,0.022340771,0.024843002,
2005-07-15,0.022027835,0.022160987,0.022132486,0.024522722,
2005-07-18,0.02192694,0.02216867,0.022244577,0.024780295,
2005-07-19,0.022222043,0.02246253,0.022656348,0.024924876,
2005-07-20,0.022415708,0.022551526,0.022517044,0.02504394,
2005-07-21,0.022911014,0.022941586,0.023130856,0.025531117,
2005-07-22,0.02291342,0.023045613,0.023235453,0.025496762,
2005-07-25,0.02271154,0.022950984,0.022914936,0.024962635,
2005-07-26,0.022712022,0.023051406,0.023008517,0.025194356,
2005-07-27,0.022803702,0.023142701,0.023323834,0.025240936,
2005-07-28,0.022802782,0.023034709,0.023211178,0.02489735,
2005-07-29,0.022901141,0.023240522,0.023403954,0.025679484,
2005-08-01,0.023395712,0.023523946,0.023484978,0.025418328,
2005-08-02,0.023393814,0.023319246,0.023281631,0.025347814,
2005-08-03,0.023497357,0.023522919,0.023486986,0.025547857,
2005-08-04,0.023495256,0.023625354,0.023587804,0.025881911,
2005-08-05,0.023786793,0.023709482,0.023779251,0.025922675,
2005-08-08,0.02397884,0.023998281,0.023732509,0.026044108,
2005-08-09,0.023583949,0.023814822,0.023668229,0.025937031,
2005-08-10,0.023582814,0.023503402,0.023683505,0.025684921,
2005-08-11,0.023483555,0.023400293,0.02324647,0.025681292,
2005-08-12,0.02348422,0.023190064,0.02304279,0.025463111,
2005-08-15,0.023780619,0.0234862,0.023222078,0.02517295,
2005-08-16,0.023884686,0.023591429,0.023336012,0.025159272,
2005-08-17,0.023882065,0.023486789,0.023444048,0.025234809,
2005-08-18,0.023688696,0.023291065,0.02325115,0.025180567,
2005-08-19,0.023881866,0.023382004,0.023344916,0.025029296,
2005-08-22,0.023783565,0.023387649,0.023349906,0.025036005,
2005-08-23,0.023885492,0.02338601,0.023240508,0.024933147,
2005-08-24,0.023888723,0.023487311,0.023343918,0.025167031,
2005-08-25,0.024085276,0.02368594,0.023534332,0.02536329,
2005-08-26,0.024072786,0.023676067,0.023631667,0.02543909,
2005-08-29,0.024171868,0.023881132,0.023835811,0.025513655,
2005-08-30,0.024782927,0.024279563,0.024247504,0.025488276,
2005-08-31,0.02409953,0.02340474,0.02348159,0.02447303,
2005-09-01,0.024424546,0.023712093,0.023915018,0.024783183,
2005-09-02,0.025016003,0.024214995,0.024202909,0.025105963,
2005-09-06,0.024611431,0.024022503,0.02422717,0.024881278,
2005-09-07,0.02469741,0.0240094,0.024448137,0.025205494,
2005-09-08,0.025298358,0.024508778,0.02450427,0.0252961,
2005-09-09,0.02588859,0.024680824,0.024801462,0.025592471,
2005-09-12,0.025786773,0.024684844,0.024687583,0.025859584,
2005-09-13,0.025591157,0.024491803,0.024502193,0.025908308,
2005-09-14,0.02569017,0.024692301,0.024702343,0.026113779,
2005-09-15,0.025894329,0.024896687,0.0249146,0.026340366,
2005-09-16,0.026181303,0.025179208,0.02508631,0.026785378,
2005-09-19,0.026387554,0.025392781,0.025305032,0.02699413,
2005-09-20,0.02597526,0.025286831,0.024966957,0.026776443,
2005-09-21,0.026178672,0.025176369,0.024853282,0.026427556,
2005-09-22,0.025979616,0.025189881,0.024978804,0.026538683,
2005-09-23,0.02607116,0.025171529,0.024847072,0.026528793,
2005-09-26,0.025962749,0.025063096,0.024961793,0.026359779,
2005-09-27,0.026263143,0.025361562,0.025028863,0.026805275,
2005-09-28,0.026355246,0.025451873,0.025008078,0.026780564,
2005-09-29,0.026546619,0.025540491,0.02509969,0.026894435,
2005-09-30,0.026833514,0.025516203,0.025312168,0.026928623,
2005-10-03,0.026739689,0.025723905,0.025167807,0.026730288,
2005-10-04,0.026437591,0.025530614,0.024756356,0.026798837,
2005-10-05,0.026239537,0.025228608,0.024668129,0.026553672,
2005-10-06,0.025545773,0.024632859,0.024294605,0.026040293,
2005-10-07,0.025552611,0.024845624,0.024163676,0.026182817,
2005-10-11,0.025645966,0.02493731,0.024363505,0.026246917,
2005-10-12,0.025747093,0.025035909,0.024576124,0.026334383,
2005-10-13,0.025549027,0.025051682,0.024927736,0.026813144,
2005-10-14,0.025941845,0.025338209,0.024662796,0.026945158,
2005-10-17,0.02643296,0.025622045,0.025281923,0.026815643,
2005-10-18,0.026436611,0.025730152,0.025390561,0.02730568,
2005-10-19,0.026240198,0.025429291,0.02519806,0.026751698,
2005-10-20,0.026136492,0.025322441,0.025083687,0.02687578,
2005-10-21,0.025642377,0.024829443,0.024698566,0.026354918,
2005-10-24,0.025742292,0.024923779,0.024900526,0.026553568,
2005-10-25,0.025632946,0.02481826,0.024574867,0.026439898,
2005-10-26,0.025829594,0.025222354,0.025085165,0.026851082,
2005-10-27,0.025830732,0.025225955,0.025303773,0.027158997,
2005-10-28,0.026021516,0.025416213,0.025377877,0.0272366,
2005-10-31,0.026017534,0.025411356,0.025383885,0.027368951,
2005-11-01,0.025916334,0.025514777,0.025476881,0.027358552,
2005-11-02,0.025918576,0.025411062,0.025588563,0.027565269,
2005-11-03,0.026015638,0.025820467,0.025875403,0.02791885,
2005-11-04,0.026215829,0.025707403,0.02565919,0.02782683,
2005-11-07,0.026015211,0.025818649,0.025874236,0.028014017,
2005-11-08,0.025518793,0.025207814,0.025263632,0.027648609,
2005-11-09,0.025213784,0.025009779,0.025286462,0.027769703,
2005-11-10,0.024325692,0.024322119,0.024472991,0.027449109,
2005-11-14,0.024022043,0.024131721,0.024383827,0.027341973,
2005-11-15,0.023922668,0.023814301,0.024073981,0.027098258,
2005-11-16,0.023628368,0.023526862,0.023892948,0.026911471,
2005-11-17,0.023537461,0.023539473,0.023903847,0.026935259,
2005-11-18,0.023435092,0.023335144,0.023814626,0.026834801,
2005-11-21,0.023631908,0.023221022,0.02348567,0.026659333,
2005-11-22,0.023741248,0.023331258,0.02371883,0.026802148,
2005-11-23,0.02373689,0.02332878,0.023607898,0.026711217,
2005-11-25,0.023639508,0.023230561,0.023510917,0.026606218,
2005-11-28,0.023437872,0.023134201,0.023412756,0.026220392,
2005-11-29,0.023331318,0.023023606,0.023411063,0.02645118,
2005-11-30,0.023134217,0.02314386,0.023398619,0.026965558,
2005-12-01,0.023326853,0.023126691,0.023394274,0.026711447,
2005-12-02,0.023234704,0.023138893,0.023285904,0.026468226,
2005-12-05,0.02372645,0.023628652,0.023668727,0.026738285,
2005-12-06,0.023230495,0.023134081,0.023399547,0.02657705,
2005-12-07,0.022737642,0.022748573,0.0231257,0.026138854,
2005-12-08,0.022442619,0.022353215,0.023070975,0.026024812,
2005-12-09,0.022737265,0.022854466,0.023345305,0.026477796,
2005-12-12,0.02303206,0.023043487,0.023644394,0.026364874,
2005-12-13,0.02303406,0.023149235,0.023533172,0.026409179,
2005-12-14,0.022838055,0.022742798,0.023239316,0.026220083,
2005-12-15,0.022842792,0.022851225,0.023229017,0.026346069,
2005-12-16,0.022443862,0.022771079,0.02314018,0.026238226,
2005-12-19,0.022441258,0.022655062,0.023138604,0.026453304,
2005-12-20,0.022632098,0.022739453,0.023227231,0.026659905,
2005-12-21,0.022535244,0.022852077,0.023218961,0.026769571,
2005-12-22,0.022436484,0.022547821,0.023023108,0.026418602,
2005-12-23,0.022237024,0.022349104,0.022826141,0.026324285,
2005-12-27,0.022141413,0.022355584,0.022599247,0.026107291,
2005-12-28,0.021942501,0.022159343,0.022518342,0.026130887,
2005-12-29,0.022236749,0.022450165,0.022694647,0.025965197,
2005-12-30,0.022627246,0.022635688,0.02299045,0.026006605,
2006-01-03,0.022637537,0.022545337,0.023130698,0.025931709,
2006-01-04,0.022742193,0.022651299,0.023235461,0.026128446,
2006-01-05,0.022442861,0.022348509,0.02293419,0.025847213,
2006-01-06,0.022930483,0.02252422,0.02300926,0.0259353,
2006-01-09,0.023130512,0.022724986,0.022987283,0.02571422,
2006-01-10,0.023419814,0.023123819,0.023391376,0.026120788,
2006-01-11,0.023515169,0.023428593,0.023584519,0.026199879,
2006-01-12,0.023719971,0.023421657,0.02379699,0.026266153,
2006-01-13,0.02342447,0.023336595,0.023609449,0.025831251,
2006-01-17,0.023623577,0.023636953,0.023580477,0.025839719,
2006-01-18,0.023626036,0.023530742,0.023362253,0.025883196,
2006-01-19,0.023718564,0.023629357,0.023787876,0.025916636,
2006-01-20,0.024311149,0.024010771,0.023960955,0.026204386,
2006-01-23,0.0242155,0.02391104,0.023862982,0.026122517,
2006-01-24,0.024114865,0.023815627,0.023988103,0.026677846,
2006-01-25,0.023907257,0.023716776,0.024313226,0.02640399,
2006-01-26,0.024298906,0.024004286,0.02493471,0.026989328,
2006-01-27,0.02479154,0.02449579,0.024659731,0.027262305,
2006-01-30,0.024989459,0.024590653,0.024757025,0.027247395,
2006-01-31,0.025380437,0.024978839,0.024923826,0.027405446,
2006-02-01,0.025271761,0.024973369,0.025140974,0.027582709,
2006-02-02,0.025075616,0.024778673,0.024936218,0.027593223,
2006-02-03,0.025270491,0.02496867,0.025012579,0.027515232,
2006-02-06,0.025361946,0.025058855,0.025105776,0.027461848,
2006-02-07,0.025269017,0.024966865,0.025119258,0.027502142,
2006-02-08,0.024966803,0.02465158,0.02447148,0.027527361,
2006-02-09,0.025065283,0.02484214,0.024451526,0.027070907,
2006-02-10,0.025259593,0.024928087,0.024550598,0.027154419,
2006-02-13,0.025062635,0.024731321,0.024567987,0.027183919,
2006-02-14,0.024767577,0.024435143,0.024386109,0.026993645,
2006-02-15,0.024760852,0.024434729,0.02438459,0.02686387,
2006-02-16,0.025160532,0.024621618,0.024461744,0.027080244,
2006-02-17,0.025555888,0.02490961,0.024647885,0.026916935,
2006-02-21,0.025746517,0.025205784,0.024824336,0.026766648,
2006-02-22,0.025948189,0.025193251,0.024703231,0.026641168,
2006-02-23,0.026140084,0.025271972,0.024783407,0.026617608,
2006-02-24,0.026533964,0.025675936,0.025075062,0.026899286,
2006-02-27,0.02653572,0.025461398,0.02497392,0.026932789,
2006-02-28,0.026344669,0.025270956,0.024784837,0.026852173,
2006-03-01,0.026640607,0.025679329,0.025194551,0.027047393,
2006-03-02,0.026944397,0.026081784,0.025370607,0.02738116,
2006-03-03,0.027135737,0.026173828,0.02557868,0.027683444,
2006-03-06,0.026844884,0.025984245,0.025499658,0.027703486,
2006-03-07,0.026647812,0.025887436,0.025287491,0.02773901,
2006-03-08,0.026165168,0.025290359,0.024801552,0.027377867,
2006-03-09,0.026164327,0.025396089,0.02491283,0.027352658,
2006-03-10,0.025765557,0.025203652,0.024825524,0.027373182,
2006-03-13,0.02566967,0.025314814,0.024815669,0.027309428,
2006-03-14,0.02567551,0.025121403,0.024976051,0.027172515,
2006-03-15,0.025768255,0.025223274,0.025084097,0.027420737,
2006-03-16,0.025773427,0.025134537,0.02489342,0.027169133,
2006-03-17,0.0257682,0.024923738,0.024802748,0.027157577,
2006-03-20,0.025569741,0.024833883,0.024699361,0.027061502,
2006-03-21,0.025265016,0.024728617,0.024360819,0.026874309,
2006-03-22,0.025163898,0.02483672,0.024232484,0.027009732,
2006-03-23,0.025359352,0.024927934,0.024430303,0.027066662,
2006-03-24,0.025064967,0.024640757,0.02425745,0.027000258,
2006-03-27,0.025069757,0.02463938,0.024257171,0.026889263,
2006-03-28,0.025259073,0.024930829,0.02442783,0.026832111,
2006-03-29,0.025057327,0.024727375,0.024462409,0.026978577,
2006-03-30,0.025354361,0.024709712,0.024675413,0.027159019,
2006-03-31,0.025359442,0.02482116,0.024674402,0.027303732,
2006-04-03,0.025452889,0.024918403,0.024760942,0.027248157,
2006-04-04,0.025059029,0.024632376,0.024482535,0.027229737,
2006-04-05,0.025159505,0.024630405,0.02459808,0.027355305,
2006-04-06,0.025457572,0.024928946,0.024786516,0.027561031,
2006-04-07,0.025353278,0.025038684,0.025007849,0.027677173,
2006-04-10,0.025551109,0.025234107,0.025206449,0.027869215,
2006-04-11,0.025844559,0.025215017,0.025194147,0.027734734,
2006-04-12,0.026140916,0.025403659,0.025275927,0.027719176,
2006-04-13,0.026137833,0.025400791,0.025271846,0.027706924,
2006-04-17,0.026343344,0.025606227,0.025368254,0.027940568,
2006-04-18,0.026452938,0.025721764,0.025718666,0.028027388,
2006-04-19,0.027048677,0.026218419,0.026222497,0.028421671,
2006-04-20,0.02674524,0.026020989,0.025794846,0.02829074,
2006-04-21,0.026838805,0.026004942,0.025773391,0.028140743,
2006-04-24,0.02644395,0.025820053,0.0255755,0.027819483,
2006-04-25,0.025550272,0.025873532,0.025603899,0.028003027,
2006-04-26,0.025841303,0.025847991,0.025705355,0.027912233,
2006-04-27,0.025752889,0.025975001,0.0260722,0.028162952,
2006-04-28,0.026256372,0.026485376,0.026470601,0.028696592,
2006-05-01,0.026739649,0.02664834,0.02687366,0.02892903,
2006-05-02,0.026644898,0.0264442,0.026552773,0.028496279,
2006-05-03,0.026644125,0.026444189,0.026441029,0.028541057,
2006-05-04,0.026441601,0.026344383,0.026331356,0.028288204,
2006-05-05,0.026539719,0.026334622,0.02633701,0.028299705,
2006-05-08,0.0264359,0.026437683,0.02630937,0.028403029,
2006-05-09,0.026732652,0.026529312,0.026630858,0.02856722,
2006-05-10,0.026823016,0.026726049,0.026597307,0.028669501,
2006-05-11,0.027325334,0.026905027,0.026677999,0.029045549,
2006-05-12,0.027328495,0.027018066,0.026784114,0.029291278,
2006-05-15,0.026634101,0.026425774,0.026411486,0.029029706,
2006-05-16,0.026436711,0.026335809,0.026209856,0.028976098,
2006-05-17,0.026639047,0.026539025,0.026530021,0.029045604,
2006-05-18,0.026436768,0.02634112,0.026331287,0.028686777,
2006-05-19,0.026032843,0.025930055,0.025804482,0.028401379,
2006-05-22,0.025836392,0.025624853,0.025732515,0.028291251,
2006-05-23,0.026329431,0.025908816,0.025900026,0.028366639,
2006-05-24,0.025936659,0.025734235,0.025718175,0.028316761,
2006-05-25,0.025929393,0.025616889,0.025724539,0.028309282,
2006-05-26,0.026030235,0.025616767,0.025842884,0.02828595,
2006-05-30,0.026225736,0.025910603,0.026020072,0.028371418,
2006-05-31,0.02632012,0.026109586,0.02597841,0.028476127,
2006-06-01,0.026417898,0.026106056,0.026084901,0.028449251,
2006-06-02,0.02613201,0.02571321,0.025934314,0.028260627,
2006-06-05,0.026122814,0.026023667,0.025771428,0.028146427,
2006-06-06,0.025725205,0.025409196,0.025272177,0.027392414,
2006-06-07,0.025424184,0.025105939,0.024961017,0.027096268,
2006-06-08,0.025324811,0.025114748,0.024857273,0.026988892,
2006-06-09,0.025521655,0.025204604,0.024831246,0.026964059,
2006-06-12,0.025321707,0.025216656,0.024948048,0.026936412,
2006-06-13,0.025121273,0.025122676,0.024852858,0.026842219,
2006-06-14,0.025607155,0.025498911,0.02499639,0.027151245,
2006-06-15,0.025901351,0.025580615,0.025308096,0.027294787,
2006-06-16,0.025799022,0.025475882,0.025433431,0.027520281,
2006-06-19,0.025598799,0.025487521,0.025093818,0.027478704,
2006-06-20,0.025600478,0.025486509,0.025202503,0.027456853,
2006-06-21,0.02559719,0.025381666,0.025213897,0.027201437,
2006-06-22,0.025693639,0.025682327,0.025404943,0.027523563,
2006-06-23,0.025786276,0.025570673,0.025404171,0.027510867,
2006-06-26,0.025590698,0.02547706,0.02531026,0.027421292,
2006-06-27,0.025594583,0.025584694,0.025297472,0.027310298,
2006-06-28,0.025388537,0.02538001,0.025210465,0.027209577,
2006-06-29,0.025499905,0.02560116,0.025663197,0.02727591,
2006-06-30,0.025797808,0.025691741,0.025649349,0.027271708,
2006-07-03,0.025698066,0.025587173,0.025430334,0.027324593,
2006-07-05,0.025690145,0.025579807,0.0255373,0.027287616,
2006-07-06,0.025790648,0.025581589,0.025530405,0.027165995,
2006-07-07,0.025793478,0.025474614,0.025437183,0.02706511,
2006-07-10,0.025596297,0.025274309,0.025230084,0.027096665,
2006-07-11,0.025396811,0.025291938,0.025232567,0.026873744,
2006-07-12,0.025398696,0.025184697,0.025119605,0.026884814,
2006-07-13,0.025306101,0.025201901,0.025257367,0.026876912,
2006-07-14,0.025312993,0.025203743,0.025271488,0.026993036,
2006-07-17,0.025403118,0.025188506,0.025359951,0.027055313,
2006-07-18,0.025294942,0.025189009,0.025356884,0.027059911,
2006-07-19,0.025201804,0.025097486,0.025274306,0.026984747,
2006-07-20,0.025312563,0.025103662,0.02539014,0.02709584,
2006-07-21,0.025209115,0.025005393,0.025189479,0.026909377,
2006-07-24,0.025006382,0.024804145,0.025207283,0.026917949,
2006-07-25,0.025206574,0.025211491,0.025491268,0.027339333,
2006-07-26,0.025314157,0.025208861,0.025602064,0.027541808,
2006-07-27,0.025211122,0.025015398,0.025650215,0.027508127,
2006-07-28,0.02493051,0.024937778,0.025557241,0.027359127,
2006-07-31,0.024931202,0.024832551,0.025455428,0.027389332,
2006-08-01,0.025028478,0.02493682,0.025565819,0.027375232,
2006-08-02,0.025322113,0.025126579,0.025640144,0.027373095,
2006-08-03,0.025419864,0.02521748,0.025723321,0.027332223,
2006-08-04,0.025428954,0.025224812,0.025740326,0.027468507,
2006-08-07,0.025615585,0.025521093,0.026034359,0.02761537,
2006-08-08,0.025726615,0.025524353,0.026264227,0.027955866,
2006-08-09,0.026025365,0.025709799,0.026005167,0.028182432,
2006-08-10,0.025723202,0.025410342,0.025933272,0.028076538,
2006-08-11,0.025920712,0.025708513,0.026003561,0.02816664,
2006-08-14,0.025913189,0.025698633,0.025986829,0.028163084,
2006-08-15,0.025624907,0.02541129,0.025696722,0.027755434,
2006-08-16,0.025139075,0.025138446,0.025533854,0.027585497,
2006-08-17,0.025034898,0.024928942,0.025542957,0.027570415,
2006-08-18,0.025032772,0.024821751,0.025450123,0.027467624,
2006-08-21,0.025037955,0.024933002,0.025546807,0.027701494,
2006-08-22,0.025131896,0.02503298,0.025644522,0.027895809,
2006-08-23,0.024738124,0.024739367,0.025342944,0.027719153,
2006-08-24,0.024440521,0.024443461,0.024926854,0.027554664,
2006-08-25,0.02454115,0.024540605,0.025134252,0.027648938,
2006-08-28,0.02414233,0.024249409,0.024838768,0.027362551,
2006-08-29,0.024244679,0.024141915,0.024617763,0.027273464,
2006-08-30,0.023653715,0.023758926,0.024466528,0.02732811,
2006-08-31,0.023958051,0.023962237,0.024666314,0.027274735,
2006-09-01,0.023566721,0.023779326,0.024481174,0.027201277,
2006-09-05,0.023468077,0.023681683,0.024382191,0.027127392,
2006-09-06,0.023663114,0.023770612,0.024473982,0.027109253,
2006-09-07,0.023166975,0.023485354,0.02430123,0.026903002,
2006-09-08,0.022772768,0.02309461,0.02402583,0.026607507,
2006-09-11,0.022671444,0.02288363,0.02392052,0.026631734,
2006-09-12,0.022572503,0.022897736,0.023928111,0.026487432,
2006-09-13,0.02267489,0.023001357,0.023921511,0.026491691,
2006-09-14,0.023066293,0.023278355,0.024088868,0.026795063,
2006-09-15,0.022665497,0.023091673,0.023887888,0.026472425,
2006-09-18,0.02266459,0.023090599,0.023887137,0.026473052,
2006-09-19,0.02227782,0.022699321,0.023621407,0.026174165,
2006-09-20,0.02178243,0.022308803,0.023103131,0.025916939,
2006-09-21,0.021596144,0.022235875,0.023137602,0.025707754,
2006-09-22,0.021598651,0.022233119,0.023030581,0.025852627,
2006-09-25,0.02150193,0.022029743,0.022944051,0.02563145,
2006-09-26,0.021891091,0.022208268,0.023121642,0.025553439,
2006-09-27,0.021995842,0.022309058,0.023115347,0.025689662,
2006-09-28,0.021993523,0.022418446,0.023336993,0.025894042,
2006-09-29,0.022087849,0.022620476,0.023418122,0.025771475,
2006-10-02,0.022095426,0.022517083,0.023220405,0.025821306,
2006-10-03,0.021698045,0.022332072,0.023029516,0.025634646,
2006-10-04,0.021313084,0.02204953,0.022744973,0.02570312,
2006-10-05,0.021306805,0.021936793,0.022744985,0.025922617,
2006-10-06,0.021396357,0.022135087,0.023048765,0.02620902,
2006-10-10,0.02158299,0.022108957,0.023022226,0.026066314,
2006-10-11,0.021680609,0.022206549,0.023002504,0.025956749,
2006-10-12,0.02157901,0.022212241,0.023239423,0.025791967,
2006-10-13,0.021579524,0.022319512,0.023117134,0.025955048,
2006-10-16,0.021582988,0.022423254,0.023102537,0.025843739,
2006-10-17,0.021288646,0.022128746,0.022927354,0.025763043,
2006-10-18,0.021183643,0.021920479,0.022827226,0.02551872,
2006-10-19,0.020989163,0.021723424,0.022741228,0.025421391,
2006-10-20,0.02108523,0.0218211,0.022721412,0.025422589,
2006-10-23,0.021083595,0.021921839,0.02271305,0.025434601,
2006-10-24,0.021378859,0.022113467,0.022788775,0.025528978,
2006-10-25,0.021574504,0.022207771,0.02311076,0.025786644,
2006-10-26,0.021288539,0.022020888,0.022923636,0.025822866,
2006-10-27,0.021192544,0.021821879,0.022839628,0.025618284,
2006-10-30,0.020892496,0.021630828,0.02264665,0.025504321,
2006-10-31,0.02060356,0.02133711,0.022460659,0.025430826,
2006-11-01,0.020706311,0.021443421,0.022571568,0.025414485,
2006-11-02,0.020709836,0.021440915,0.022564016,0.025321699,
2006-11-03,0.021385151,0.022117307,0.022901059,0.025671829,
2006-11-06,0.021679759,0.022409998,0.02319602,0.026055975,
2006-11-07,0.02148558,0.02221519,0.023117562,0.025988949,
2006-11-08,0.02158587,0.0223217,0.023218879,0.026068578,
2006-11-09,0.02148667,0.022216328,0.0231097,0.02599958,
2006-11-10,0.021585637,0.022212745,0.023106975,0.025974943,
2006-11-13,0.021386325,0.022116963,0.022893725,0.025900122,
2006-11-14,0.021190376,0.021921311,0.022582568,0.025811504,
2006-11-15,0.021282602,0.022117076,0.022769971,0.02587939,
2006-11-16,0.020979704,0.021812919,0.022475438,0.025707946,
2006-11-17,0.020795099,0.021732434,0.02250665,0.025483895,
2006-11-20,0.020892031,0.021620646,0.022398549,0.025374994,
2006-11-21,0.021091072,0.021714278,0.022380061,0.025258174,
2006-11-22,0.021092288,0.021822224,0.022377145,0.02526431,
2006-11-24,0.02128933,0.021808969,0.022477588,0.025346664,
2006-11-27,0.021687046,0.022101717,0.022664125,0.025427055,
2006-11-28,0.021789176,0.021992068,0.022676626,0.025302086,
2006-11-29,0.021884419,0.022090466,0.022667201,0.025322627,
2006-11-30,0.021991364,0.022194029,0.02266295,0.025339622,
2006-12-01,0.022301761,0.022194823,0.023011534,0.025524221,
2006-12-04,0.022203365,0.02209576,0.022913173,0.025555658,
2006-12-05,0.022302909,0.022200347,0.023131906,0.025529596,
2006-12-06,0.022291979,0.022296089,0.023108624,0.025421114,
2006-12-07,0.022296163,0.022297361,0.023110569,0.02529079,
2006-12-08,0.022384323,0.022598407,0.023176193,0.025386951,
2006-12-11,0.022480125,0.022587961,0.023169907,0.025506703,
2006-12-12,0.022289127,0.022399243,0.023102853,0.025410487,
2006-12-13,0.022380156,0.022488861,0.023294397,0.025494321,
2006-12-14,0.022772441,0.022773128,0.023358276,0.025721136,
2006-12-15,0.022080002,0.022189049,0.02277908,0.025369827,
2006-12-18,0.0217884,0.021786987,0.022597031,0.025048688,
2006-12-19,0.021887141,0.021885933,0.022588405,0.025068865,
2006-12-20,0.021788511,0.021787215,0.022489744,0.024971062,
2006-12-21,0.021497295,0.021495709,0.022304759,0.024803445,
2006-12-22,0.021693772,0.021795447,0.022496473,0.024865892,
2006-12-26,0.021692546,0.021795136,0.022379313,0.024865782,
2006-12-27,0.021586793,0.021688419,0.022381396,0.024862914,
2006-12-28,0.021878136,0.021986528,0.02255857,0.02504709,
2006-12-29,0.022175362,0.022068559,0.022649397,0.025116782,
2007-01-02,0.02227562,0.022171682,0.022631722,0.025137149,
2007-01-03,0.022282108,0.022174002,0.022750793,0.024987664,
2007-01-04,0.021794125,0.021792098,0.022257805,0.024732722,
2007-01-05,0.021985749,0.021981711,0.022334209,0.024813915,
2007-01-08,0.021981887,0.02197714,0.022439036,0.024661758,
2007-01-09,0.021780182,0.021883813,0.022350333,0.024457433,
2007-01-10,0.021779721,0.021779691,0.022356807,0.024564453,
2007-01-11,0.021873192,0.021871381,0.022775156,0.024483144,
2007-01-12,0.021872907,0.021867965,0.022449189,0.024565336,
2007-01-16,0.021775939,0.021875672,0.02234514,0.02472483,
2007-01-17,0.021967024,0.022069955,0.022539472,0.024788199,
2007-01-18,0.021869281,0.022183234,0.022421167,0.024952075,
2007-01-19,0.022060824,0.022273952,0.022729519,0.025102302,
2007-01-22,0.02245736,0.022453426,0.022808999,0.025171036,
2007-01-23,0.022654626,0.022759931,0.023110862,0.025951181,
2007-01-24,0.022952776,0.023056177,0.023298261,0.026054344,
2007-01-25,0.022846376,0.022953283,0.023539038,0.025997605,
2007-01-26,0.023143297,0.023249546,0.023607793,0.026005496,
2007-01-29,0.023244616,0.023135579,0.02361016,0.025973775,
2007-01-30,0.023439593,0.023232597,0.023823682,0.026181459,
2007-01-31,0.023740931,0.023534627,0.023898212,0.026167194,
2007-02-01,0.02364009,0.0235356,0.023781255,0.025942725,
2007-02-02,0.023740013,0.023213565,0.023697343,0.025952253,
2007-02-05,0.023545159,0.023230612,0.023599035,0.025867565,
2007-02-06,0.02334727,0.02293217,0.023301721,0.025452468,
2007-02-07,0.023152943,0.022630149,0.023001479,0.025417082,
2007-02-08,0.023154179,0.022734788,0.022992121,0.025349209,
2007-02-09,0.023246755,0.022830729,0.023202498,0.02543301,
2007-02-12,0.02294951,0.022635721,0.022998934,0.025238204,
2007-02-13,0.02314547,0.022833369,0.023204427,0.0254368,
2007-02-14,0.022954067,0.022642583,0.023238109,0.025331785,
2007-02-15,0.022565476,0.022359516,0.022835144,0.025213076,
2007-02-16,0.022761714,0.022551623,0.022921312,0.025177215,
2007-02-20,0.022764872,0.022450725,0.022821415,0.025190204,
2007-02-21,0.022961068,0.022745503,0.023226022,0.025351246,
2007-02-22,0.023447881,0.023029636,0.023404112,0.025543203,
2007-02-23,0.023650574,0.023025844,0.023401941,0.025437069,
2007-02-26,0.02365583,0.023130105,0.023292268,0.025443954,
2007-02-27,0.023479362,0.022850652,0.023253048,0.025373381,
2007-02-28,0.023573575,0.022950702,0.023233313,0.025381625,
2007-03-01,0.02347572,0.022852345,0.023368297,0.025477703,
2007-03-02,0.02358694,0.022857434,0.023373053,0.025376716,
2007-03-05,0.023493886,0.022653972,0.02306574,0.025194994,
2007-03-06,0.023584391,0.022742602,0.023042083,0.02519414,
2007-03-07,0.023590213,0.022749166,0.023046011,0.025098226,
2007-03-08,0.023486205,0.022648158,0.023061225,0.024982123,
2007-03-09,0.023771111,0.022722321,0.023023923,0.02495645,
2007-03-12,0.023576731,0.0226332,0.023050513,0.024730735,
2007-03-13,0.023589602,0.02275618,0.023185264,0.024890225,
2007-03-14,0.023688261,0.022854942,0.023175321,0.024894519,
2007-03-15,0.023780535,0.022944729,0.023375067,0.025183973,
2007-03-16,0.023979352,0.023248638,0.023561247,0.025273897,
2007-03-19,0.024171443,0.023231703,0.023664683,0.025228717,
2007-03-20,0.024072235,0.023246231,0.023565089,0.02492852,
2007-03-21,0.023990803,0.023056685,0.023598747,0.025301622,
2007-03-22,0.024279697,0.023558571,0.023990632,0.025843492,
2007-03-23,0.024474828,0.023539248,0.023977762,0.025947042,
2007-03-26,0.024381224,0.023554728,0.024104952,0.026071854,
2007-03-27,0.02467612,0.023853304,0.024295363,0.026271534,
2007-03-28,0.024788368,0.023748212,0.02419362,0.02608636,
2007-03-29,0.024877423,0.023842031,0.024285296,0.0260333,
2007-03-30,0.024685081,0.023854599,0.024063921,0.026080469,
2007-04-02,0.024579395,0.023755079,0.024078249,0.026192828,
2007-04-03,0.024277253,0.023449672,0.023883648,0.02597397,
2007-04-04,0.024478636,0.023652433,0.023975845,0.025980508,
2007-04-05,0.024674983,0.023952643,0.024276195,0.026163209,
2007-04-06,0.025052453,0.02422643,0.024544264,0.026281786,
2007-04-09,0.024759709,0.024034199,0.024459379,0.026201081,
2007-04-10,0.024661221,0.023834362,0.024269663,0.026250694,
2007-04-11,0.024758487,0.023928621,0.024246668,0.026249729,
2007-04-12,0.024758441,0.023928822,0.024246241,0.026000405,
2007-04-13,0.024557301,0.023932103,0.024133396,0.026029088,
2007-04-16,0.024463425,0.02394434,0.024023602,0.025901379,
2007-04-17,0.02397315,0.023352498,0.023663457,0.025864777,
2007-04-18,0.023680905,0.023062513,0.023707006,0.025608121,
2007-04-19,0.023980123,0.023362826,0.023790506,0.025736116,
2007-04-20,0.023980048,0.023362641,0.023790875,0.025868631,
2007-04-23,0.024178361,0.023353142,0.023792494,0.025859366,
2007-04-24,0.023788392,0.023485279,0.023914972,0.025635665,
2007-04-25,0.024077289,0.023673269,0.024103521,0.025710682,
2007-04-26,0.024172178,0.023763696,0.023972611,0.025864342,
2007-04-27,0.024271306,0.023970717,0.024293652,0.02593751,
2007-04-30,0.024081809,0.023779743,0.023986977,0.025758735,
2007-05-01,0.024276039,0.024077817,0.024166636,0.025709041,
2007-05-02,0.024272063,0.023868595,0.023958732,0.025620856,
2007-05-03,0.024063439,0.023868538,0.02395559,0.02572565,
2007-05-04,0.023770089,0.023681295,0.02376716,0.025284296,
2007-05-07,0.023274949,0.023185662,0.023376049,0.025002649,
2007-05-08,0.023372239,0.023073426,0.023270212,0.025041944,
2007-05-09,0.02336549,0.023169897,0.023476229,0.025221079,
2007-05-10,0.023666911,0.023371682,0.023459396,0.025260578,
2007-05-11,0.023371301,0.023283044,0.023366271,0.025172349,
2007-05-14,0.02366717,0.023366098,0.023337898,0.025147732,
2007-05-15,0.02307291,0.022881063,0.023062881,0.024851601,
2007-05-16,0.022977761,0.022781449,0.022973675,0.024988589,
2007-05-17,0.023169655,0.022971579,0.02316428,0.02503275,
2007-05-18,0.023266947,0.022963582,0.02314711,0.025147075,
2007-05-21,0.023069137,0.02307902,0.023260635,0.02537389,
2007-05-22,0.022973048,0.02308614,0.023145687,0.025285961,
2007-05-23,0.02306939,0.02307759,0.023255507,0.025494299,
2007-05-24,0.023168054,0.023383788,0.023451295,0.025800485,
2007-05-25,0.023270949,0.023380183,0.023323164,0.025835375,
2007-05-29,0.022770272,0.022986174,0.023042188,0.025392854,
2007-05-30,0.022868828,0.023185229,0.023233158,0.025589951,
2007-05-31,0.022867271,0.023288242,0.023216305,0.025793339,
2007-06-01,0.022960194,0.023272493,0.023421895,0.025860337,
2007-06-04,0.023156581,0.02347276,0.023392741,0.025829659,
2007-06-05,0.02305963,0.023475555,0.023393705,0.025838795,
2007-06-06,0.023259446,0.023469064,0.023508363,0.02607672,
2007-06-07,0.023361434,0.023469912,0.023733725,0.026127077,
2007-06-08,0.023368104,0.023684819,0.023941437,0.026355129,
2007-06-11,0.02337137,0.023690456,0.023835687,0.026384118,
2007-06-12,0.023468327,0.02367818,0.023945586,0.026582194,
2007-06-13,0.023461359,0.02388991,0.024140779,0.026527756,
2007-06-14,0.023757135,0.023972089,0.02422997,0.026478407,
2007-06-15,0.023760505,0.02365653,0.023922665,0.026219746,
2007-06-18,0.0234697,0.023573536,0.023846679,0.026272153,
2007-06-19,0.023377662,0.02337578,0.023879473,0.026139995,
2007-06-20,0.023280034,0.023386625,0.023766017,0.026038458,
2007-06-21,0.023278818,0.023390816,0.023887096,0.026526317,
2007-06-22,0.023486663,0.023595744,0.024102911,0.026705022,
2007-06-25,0.023290894,0.023290745,0.023918866,0.026380549,
2007-06-26,0.023089759,0.023086784,0.023710002,0.026315692,
2007-06-27,0.022888337,0.023110997,0.023612025,0.026219848,
2007-06-28,0.023178303,0.023292507,0.023568505,0.026201402,
2007-06-29,0.022889315,0.023001461,0.023507509,0.02572006,
2007-07-02,0.022985407,0.02299171,0.023609417,0.02580347,
2007-07-03,0.022987254,0.022994571,0.02338198,0.025739607,
2007-07-05,0.023175911,0.023295268,0.023678288,0.025911976,
2007-07-06,0.023380066,0.023387404,0.023652386,0.026046088,
2007-07-09,0.023478871,0.023483672,0.023750093,0.026024691,
2007-07-10,0.023191675,0.023196463,0.023583108,0.026088953,
2007-07-11,0.023089983,0.02299498,0.023499143,0.025835464,
2007-07-12,0.023185589,0.02319167,0.023568747,0.025825592,
2007-07-13,0.022983118,0.022887193,0.023494965,0.025810204,
2007-07-16,0.022492529,0.022608948,0.023319024,0.025520306,
2007-07-17,0.022294863,0.022514197,0.023223768,0.025527322,
2007-07-18,0.022597679,0.022708194,0.023539603,0.025458457,
2007-07-19,0.022694019,0.022912373,0.023621362,0.025681537,
2007-07-20,0.022405915,0.022630786,0.023335386,0.025559509,
2007-07-23,0.022007476,0.022222464,0.023161388,0.025333957,
2007-07-24,0.022010795,0.022445056,0.023374388,0.025909119,
2007-07-25,0.022114585,0.022439557,0.023372602,0.025920497,
2007-07-26,0.02144075,0.021673208,0.023070285,0.025589643,
2007-07-27,0.021144533,0.021593394,0.023102315,0.025583047,
2007-07-30,0.021338915,0.021781128,0.02317576,0.025796142,
2007-07-31,0.021340467,0.021883237,0.023276693,0.025876031,
2007-08-01,0.021340046,0.0216753,0.023062084,0.025894906,
2007-08-02,0.021138867,0.021679844,0.022948268,0.025691503,
2007-08-03,0.0207603,0.021092807,0.022605171,0.02532629,
2007-08-06,0.020464916,0.021010595,0.022518288,0.025375525,
2007-08-07,0.020549019,0.021088212,0.022484076,0.025337763,
2007-08-08,0.02074201,0.021170996,0.022450654,0.025838163,
2007-08-09,0.020466573,0.020692029,0.022440069,0.026075654,
2007-08-10,0.020376334,0.020812014,0.022445133,0.026079139,
2007-08-13,0.020373442,0.020805938,0.022548312,0.026066304,
2007-08-14,0.020383547,0.020713388,0.022344782,0.025924122,
2007-08-15,0.020104344,0.020341232,0.022328678,0.025921252,
2007-08-16,0.01963474,0.019875126,0.022213874,0.025740247,
2007-08-17,0.02001887,0.020051488,0.022399401,0.026171839,
2007-08-20,0.019638777,0.019768224,0.022102766,0.026030331,
2007-08-21,0.019645489,0.020209696,0.022298246,0.02615698,
2007-08-22,0.019827697,0.020186133,0.022152626,0.026239914,
2007-08-23,0.020016271,0.02047147,0.022314203,0.026158026,
2007-08-24,0.01999631,0.020554015,0.022270909,0.025803303,
2007-08-27,0.019994413,0.020542797,0.022154166,0.025390073,
2007-08-28,0.019320379,0.019878485,0.022058994,0.025414558,
2007-08-29,0.019624472,0.019964836,0.021927788,0.025396576,
2007-08-30,0.019231846,0.019677298,0.021979963,0.025291934,
2007-08-31,0.019416165,0.01977293,0.022070995,0.025101662,
2007-09-04,0.01942096,0.019872496,0.022066086,0.02521116,
2007-09-05,0.019431295,0.019678562,0.021985644,0.025132748,
2007-09-06,0.019424343,0.01977777,0.021975859,0.025105156,
2007-09-07,0.019345681,0.019703765,0.022014018,0.02517253,
2007-09-10,0.019545859,0.019795383,0.022104953,0.025125877,
2007-09-11,0.019833702,0.020183576,0.02214599,0.025177173,
2007-09-12,0.020137041,0.020485682,0.022341343,0.02536702,
2007-09-13,0.02041864,0.020872497,0.02249814,0.025672502,
2007-09-14,0.020421632,0.020986101,0.02272398,0.025855008,
2007-09-17,0.02051564,0.021073153,0.022697057,0.025835109,
2007-09-18,0.020732652,0.021302978,0.023152329,0.026643103,
2007-09-19,0.020931806,0.02129052,0.023273074,0.026682882,
2007-09-20,0.021030087,0.021601247,0.02358567,0.026728108,
2007-09-21,0.021033616,0.021491967,0.023372212,0.0265936,
2007-09-24,0.02073799,0.021195925,0.023065905,0.026410559,
2007-09-25,0.02044642,0.020913667,0.023023773,0.025992746,
2007-09-26,0.020556766,0.021127974,0.02299915,0.026372049,
2007-09-27,0.020850511,0.021215846,0.023203578,0.026414061,
2007-09-28,0.020846627,0.021214972,0.023311519,0.026471563,
2007-10-01,0.02103244,0.021188634,0.023054388,0.026235783,
2007-10-02,0.020937644,0.021201633,0.023180507,0.026338774,
2007-10-03,0.021032845,0.021286388,0.023037223,0.026140918,
2007-10-04,0.021034196,0.021285586,0.023045747,0.026123624,
2007-10-05,0.021129663,0.021273204,0.023151728,0.026092259,
2007-10-09,0.021513491,0.021552069,0.023314111,0.026013661,
2007-10-10,0.021515415,0.021656511,0.023184576,0.026169103,
2007-10-11,0.021616844,0.021658901,0.023421675,0.026245911,
2007-10-12,0.021698871,0.021740025,0.023389761,0.026129217,
2007-10-15,0.021897496,0.021835932,0.023488345,0.026125776,
2007-10-16,0.022013493,0.021741526,0.023521683,0.02615796,
2007-10-17,0.021828695,0.021672124,0.023564276,0.026183624,
2007-10-18,0.021839934,0.021470559,0.023254924,0.025896737,
2007-10-19,0.021654784,0.021392921,0.02328663,0.026029785,
2007-10-22,0.0217441,0.021375255,0.0231514,0.025902995,
2007-10-23,0.02145459,0.021187243,0.023070504,0.025843035,
2007-10-24,0.021363976,0.021311047,0.022977639,0.02576174,
2007-10-25,0.021961434,0.021702333,0.023368705,0.026054741,
2007-10-26,0.022159044,0.021908893,0.023681725,0.026089935,
2007-10-29,0.022253822,0.022094201,0.023533535,0.026106759,
2007-10-30,0.022248159,0.021989373,0.023426531,0.025906571,
2007-10-31,0.022332327,0.022078931,0.023400781,0.026219577,
2007-11-01,0.022554915,0.022193291,0.02362923,0.025983549,
2007-11-02,0.022871536,0.022421072,0.02397191,0.026325968,
2007-11-05,0.02326518,0.022603601,0.02417054,0.026370381,
2007-11-06,0.023765003,0.02300097,0.024569498,0.026538199,
2007-11-07,0.023583055,0.022626543,0.024418275,0.026656993,
2007-11-08,0.023206164,0.022257684,0.024174644,0.026826209,
2007-11-09,0.023512929,0.022451389,0.024254557,0.026783596,
2007-11-13,0.023588743,0.022425258,0.024106483,0.026615175,
2007-11-14,0.023386111,0.022438091,0.024113712,0.0263583,
2007-11-15,0.023023483,0.022072217,0.023756372,0.025922606,
2007-11-16,0.022925489,0.021984919,0.023662579,0.02559406,
2007-11-19,0.022947511,0.021905043,0.023914523,0.025845447,
2007-11-20,0.023050699,0.02180067,0.024055551,0.025880212,
2007-11-21,0.022774939,0.021631902,0.024122163,0.02629496,
2007-11-23,0.02265656,0.021824705,0.024094069,0.02623328,
2007-11-26,0.022566834,0.021634023,0.024112255,0.026006378,
2007-11-27,0.022554276,0.021622762,0.023991377,0.025869632,
2007-11-28,0.022342209,0.021284009,0.023431942,0.025760869,
2007-11-29,0.022458645,0.021503646,0.023525706,0.025686111,
2007-11-30,0.022261193,0.021309877,0.023679959,0.025711228,
2007-12-03,0.021879211,0.020941036,0.023536463,0.025553145,
2007-12-04,0.02158083,0.020751919,0.02333464,0.025124234,
2007-12-05,0.021181182,0.020252172,0.022960081,0.024755936,
2007-12-06,0.021265937,0.020548132,0.02282515,0.025259483,
2007-12-07,0.021260259,0.020637264,0.022916574,0.025582771,
2007-12-10,0.021253016,0.020737271,0.022909316,0.025457169,
2007-12-11,0.020877316,0.020043249,0.022887768,0.025279274,
2007-12-12,0.021360321,0.020629576,0.023036855,0.025673275,
2007-12-13,0.021742817,0.020817247,0.02345678,0.025670345,
2007-12-14,0.022230068,0.021407154,0.023711572,0.025962022,
2007-12-17,0.022337766,0.021410733,0.023722435,0.025960619,
2007-12-18,0.022443446,0.021409137,0.023707337,0.025813822,
2007-12-19,0.022352132,0.021420058,0.023594276,0.025829316,
2007-12-20,0.02215842,0.021230998,0.023280783,0.025547943,
2007-12-21,0.022452894,0.021736291,0.023684913,0.025940592,
2007-12-24,0.022645462,0.021711609,0.023777302,0.025889769,
2007-12-26,0.022738471,0.021805476,0.023767477,0.0258788,
2007-12-27,0.023146834,0.021907656,0.023855623,0.025996577,
2007-12-28,0.022759133,0.021619429,0.023570689,0.025697584,
2007-12-31,0.022564804,0.021420329,0.023369274,0.025623814,
2008-01-02,0.02268387,0.021239455,0.023523054,0.025650907,
2008-01-03,0.022696796,0.021463905,0.023636708,0.026036163,
2008-01-04,0.022407317,0.021079147,0.023600812,0.025974668,
2008-01-07,0.022099978,0.020980151,0.023276943,0.025794481,
2008-01-08,0.022002319,0.02109132,0.023272237,0.025820862,
2008-01-09,0.021507129,0.020491325,0.023011799,0.025644,
2008-01-10,0.021114423,0.020513241,0.022716485,0.026017808,
2008-01-11,0.021427988,0.020835019,0.023041196,0.026391755,
2008-01-14,0.021833149,0.021132824,0.023216105,0.026564254,
2008-01-15,0.021531746,0.02103637,0.02311255,0.026336368,
2008-01-16,0.021038143,0.020643032,0.022827588,0.026195071,
2008-01-17,0.020539066,0.020250626,0.022763209,0.026215806,
2008-01-18,0.020354508,0.02028052,0.02291128,0.026396691,
2008-01-22,0.019689541,0.019734139,0.023019453,0.026456183,
2008-01-23,0.019185948,0.019544927,0.022602739,0.026882492,
2008-01-24,0.019880585,0.02023476,0.022967616,0.027014685,
2008-01-25,0.020481186,0.020623282,0.023239851,0.027266547,
2008-01-28,0.020487723,0.020733167,0.023348878,0.027281768,
2008-01-29,0.020980804,0.021346291,0.023751224,0.027199756,
2008-01-30,0.021192375,0.021432743,0.023855487,0.027681927,
2008-01-31,0.021507785,0.02166359,0.023978643,0.027815914,
2008-02-01,0.020912441,0.021057002,0.023699483,0.027652231,
2008-02-04,0.020417041,0.020872757,0.023634387,0.02756396,
2008-02-05,0.01983254,0.02029312,0.023387927,0.027548514,
2008-02-06,0.019625539,0.020185139,0.023175647,0.027773096,
2008-02-07,0.019937735,0.020489531,0.02339095,0.028161799,
2008-02-08,0.020239415,0.020594538,0.023482253,0.028038487,
2008-02-11,0.020538378,0.02089397,0.023674587,0.028006089,
2008-02-12,0.02064253,0.020891302,0.023677177,0.028152232,
2008-02-13,0.020346677,0.020495943,0.023522289,0.02766077,
2008-02-14,0.020360361,0.020512961,0.023564975,0.027604164,
2008-02-15,0.020861764,0.020799697,0.023506543,0.027681152,
2008-02-19,0.021554528,0.021599044,0.023968347,0.02776473,
2008-02-20,0.022556294,0.022379869,0.024404407,0.027804602,
2008-02-21,0.021757031,0.021589054,0.024072696,0.027591618,
2008-02-22,0.021759737,0.021799406,0.024177759,0.027636563,
2008-02-25,0.022754611,0.022379401,0.024420507,0.028000969,
2008-02-26,0.023273407,0.022797055,0.025072736,0.028184897,
2008-02-27,0.023279011,0.0227101,0.024974313,0.02823872,
2008-02-28,0.023492115,0.022824221,0.025202301,0.0283873,
2008-02-29,0.023112061,0.022450708,0.025049696,0.028361952,
2008-03-03,0.023021298,0.022467544,0.025394117,0.028335501,
2008-03-04,0.023423837,0.022473175,0.025644607,0.028463291,
2008-03-05,0.023738261,0.023304194,0.026266857,0.029388456,
2008-03-06,0.023859926,0.023325976,0.026400518,0.030066154,
2008-03-07,0.023850392,0.023215572,0.026390696,0.030248399,
2008-03-10,0.023751147,0.023219567,0.02648631,0.02997237,
2008-03-11,0.024219182,0.023778608,0.026266485,0.02985353,
2008-03-12,0.023826228,0.023699442,0.02617315,0.029580349,
2008-03-13,0.023936696,0.023398353,0.025885217,0.029048846,
2008-03-14,0.022639088,0.022315068,0.025122628,0.028564458,
2008-03-17,0.02112967,0.02048678,0.023728858,0.026686237,
2008-03-18,0.022213661,0.021889417,0.024806278,0.026275519,
2008-03-19,0.021507742,0.021484006,0.02415901,0.025819795,
2008-03-20,0.021493958,0.021467504,0.023910112,0.025930705,
2008-03-24,0.021770265,0.021833112,0.023839097,0.025596397,
2008-03-25,0.021374148,0.021225219,0.023214559,0.025108879,
2008-03-26,0.021385398,0.021037896,0.023378807,0.025154826,
2008-03-27,0.022198916,0.021857138,0.023981152,0.025909791,
2008-03-28,0.022197067,0.021751521,0.024102616,0.026189734,
2008-03-31,0.022001288,0.021547606,0.024126148,0.026406886,
2008-04-01,0.022185031,0.021941638,0.024170491,0.026601495,
2008-04-02,0.022173261,0.022120934,0.024022487,0.0267556,
2008-04-03,0.022169199,0.022114301,0.023899974,0.026669407,
2008-04-04,0.021868296,0.02181466,0.023814434,0.026837981,
2008-04-07,0.022358915,0.022196667,0.023966461,0.026745205,
2008-04-08,0.021971693,0.021909952,0.023801231,0.027028231,
2008-04-09,0.02177779,0.021618707,0.023626039,0.026987555,
2008-04-10,0.021975354,0.02150908,0.023502231,0.026822953,
2008-04-11,0.02178064,0.021422831,0.023640039,0.026847919,
2008-04-14,0.02177992,0.021421264,0.023649806,0.026996881,
2008-04-15,0.022079842,0.021719166,0.023839238,0.026982288,
2008-04-16,0.022266089,0.022006379,0.023698444,0.02702656,
2008-04-17,0.02223912,0.022290844,0.023639688,0.02708579,
2008-04-18,0.022428997,0.022267227,0.023731398,0.027183562,
2008-04-21,0.022525996,0.022253663,0.023602776,0.02669513,
2008-04-22,0.02241789,0.022448615,0.023573164,0.02679547,
2008-04-23,0.022527249,0.022552705,0.023787555,0.026773867,
2008-04-24,0.02259968,0.022518189,0.02352202,0.026388389,
2008-04-25,0.023103242,0.022708986,0.023491809,0.026522781,
2008-04-28,0.023014435,0.022615755,0.02339814,0.026434422,
2008-04-29,0.022913098,0.022522347,0.023310619,0.026552617,
2008-04-30,0.022614084,0.022223447,0.023115406,0.026487051,
2008-05-01,0.022698446,0.021999385,0.022992103,0.025989493,
2008-05-02,0.023194605,0.022707152,0.024020588,0.026500182,
2008-05-05,0.022898874,0.022716827,0.023942885,0.026693926,
2008-05-06,0.023118774,0.022941867,0.024270043,0.027041292,
2008-05-07,0.022926151,0.022638354,0.02407356,0.026996811,
2008-05-08,0.023025558,0.0223245,0.024110681,0.027020049,
2008-05-09,0.023223595,0.022517455,0.024294777,0.027083111,
2008-05-12,0.023009935,0.02250704,0.024180176,0.027083188,
2008-05-13,0.023191948,0.022896485,0.024333483,0.02700897,
2008-05-14,0.023579676,0.023061503,0.024734532,0.027137489,
2008-05-15,0.023480957,0.022964817,0.024760373,0.027052344,
2008-05-16,0.023684156,0.023279198,0.024842224,0.027285875,
2008-05-19,0.023994121,0.023380951,0.02516725,0.027466513,
2008-05-20,0.024208811,0.023499703,0.02517405,0.027742443,
2008-05-21,0.024696709,0.023972984,0.025550476,0.028009558,
2008-05-22,0.024680384,0.024054512,0.025505591,0.028070651,
2008-05-23,0.024188992,0.023666065,0.025341817,0.027765879,
2008-05-27,0.023979445,0.023452213,0.025123925,0.027679519,
2008-05-28,0.023877241,0.023338159,0.024901951,0.027286285,
2008-05-29,0.023973672,0.02334776,0.025012707,0.027273311,
2008-05-30,0.02397748,0.023658386,0.025196618,0.027206734,
2008-06-02,0.023995335,0.023252412,0.025151925,0.026925514,
2008-06-03,0.023599111,0.022754746,0.024540285,0.026321557,
2008-06-04,0.023199022,0.022352437,0.024363793,0.026276381,
2008-06-05,0.023700956,0.022752589,0.024769586,0.026132564,
2008-06-06,0.024516268,0.023256859,0.025175811,0.026330832,
2008-06-09,0.024755539,0.023791086,0.025128378,0.026125009,
2008-06-10,0.024728474,0.024060605,0.025171819,0.026169037,
2008-06-11,0.025042083,0.023747381,0.025105124,0.025981549,
2008-06-12,0.025318159,0.024326825,0.025224973,0.02592688,
2008-06-13,0.025522205,0.024318069,0.025210024,0.026119286,
2008-06-16,0.025729875,0.024422614,0.025083965,0.026495863,
2008-06-17,0.025442207,0.024146088,0.025044672,0.026699353,
2008-06-18,0.025642372,0.02404299,0.025057024,0.026467983,
2008-06-19,0.025429675,0.023926408,0.024924937,0.026320859,
2008-06-20,0.025244916,0.023647767,0.024654959,0.026163055,
2008-06-23,0.025529337,0.023816704,0.024590509,0.025971587,
2008-06-24,0.025642466,0.023943512,0.024836789,0.026000955,
2008-06-25,0.025660748,0.024062185,0.02495159,0.026074931,
2008-06-26,0.026387824,0.024282951,0.02552404,0.026380951,
2008-06-27,0.026183939,0.024400231,0.0254115,0.025923237,
2008-06-30,0.026285338,0.024399955,0.025423353,0.025920988,
2008-07-01,0.026589602,0.024713761,0.025529414,0.026159307,
2008-07-02,0.026998319,0.025230266,0.025938348,0.026544611,
2008-07-03,0.027214147,0.025455098,0.026059761,0.026699273,
2008-07-07,0.026314329,0.024751401,0.02558547,0.026346433,
2008-07-08,0.025200234,0.024149019,0.024981625,0.026081201,
2008-07-09,0.025406433,0.024051638,0.024999103,0.026341687,
2008-07-10,0.025698414,0.02393135,0.024666007,0.026168687,
2008-07-11,0.025985437,0.024413732,0.02514017,0.026155066,
2008-07-14,0.025808803,0.024230744,0.025060346,0.026191776,
2008-07-15,0.025518912,0.024057136,0.025120273,0.026279856,
2008-07-16,0.025621327,0.024163691,0.025346278,0.026748009,
2008-07-17,0.02540457,0.024142966,0.025085789,0.026589812,
2008-07-18,0.024990169,0.024142503,0.024957273,0.026445272,
2008-07-21,0.02468558,0.023725627,0.024649782,0.026005759,
2008-07-22,0.024171281,0.023519537,0.024652444,0.02585087,
2008-07-23,0.022853056,0.022507118,0.023962984,0.025850525,
2008-07-24,0.022781593,0.022227813,0.023780242,0.025826336,
2008-07-25,0.022369882,0.022131283,0.023804202,0.025831407,
2008-07-28,0.022483114,0.022042745,0.024054074,0.025924604,
2008-07-29,0.021772607,0.021744297,0.023743905,0.025595013,
2008-07-30,0.022172189,0.021940096,0.024057311,0.025689073,
2008-07-31,0.02158506,0.021669393,0.023891017,0.025675264,
2008-08-01,0.021684979,0.021563838,0.023892225,0.025781284,
2008-08-04,0.021378532,0.021363847,0.023908871,0.025781474,
2008-08-05,0.020980577,0.020757745,0.023529797,0.02570828,
2008-08-06,0.020779275,0.020344818,0.023229137,0.025686443,
2008-08-07,0.020889117,0.020245995,0.022901615,0.025636171,
2008-08-08,0.020372409,0.020036728,0.022684887,0.025379198,
2008-08-11,0.020067418,0.019731777,0.022374738,0.025095241,
2008-08-12,0.019875911,0.019545281,0.02241173,0.024887555,
2008-08-13,0.020072074,0.019742042,0.022386793,0.024873103,
2008-08-14,0.020175661,0.019955206,0.022700805,0.024941412,
2008-08-15,0.019479633,0.019567876,0.022295612,0.024775534,
2008-08-18,0.019185856,0.019272138,0.022005451,0.024573605,
2008-08-19,0.019192452,0.019171387,0.02202318,0.024608045,
2008-08-20,0.019402957,0.019595369,0.022449742,0.024556504,
2008-08-21,0.020196193,0.019971398,0.022826619,0.024909578,
2008-08-22,0.019381414,0.019567295,0.022298693,0.024829468,
2008-08-25,0.018786142,0.019282212,0.022010627,0.024567806,
2008-08-26,0.018986859,0.019369534,0.022095127,0.024421295,
2008-08-27,0.019191609,0.019688406,0.022415795,0.024384071,
2008-08-28,0.019391121,0.020103086,0.022132028,0.02404178,
2008-08-29,0.018894512,0.019825427,0.021966483,0.02399414,
2008-09-02,0.017200003,0.018853703,0.020971799,0.023504674,
2008-09-03,0.0165846,0.017823977,0.020517948,0.022709186,
2008-09-04,0.015884241,0.017120997,0.019923127,0.021880466,
2008-09-05,0.015982458,0.017218499,0.020013429,0.021948669,
2008-09-08,0.016172016,0.017510885,0.020288101,0.022585018,
2008-09-09,0.01517624,0.016827088,0.019816931,0.022288112,
2008-09-10,0.015179697,0.016940203,0.020044988,0.022739746,
2008-09-11,0.015083927,0.017058053,0.020274757,0.023039347,
2008-09-12,0.014986861,0.016967619,0.02007638,0.022776199,
2008-09-15,0.012314703,0.014816737,0.018359339,0.021769506,
2008-09-16,0.010300353,0.013313015,0.016945189,0.020863426,
2008-09-17,0.010432591,0.013122752,0.016660069,0.02067221,
2008-09-18,0.010225661,0.013244672,0.016665389,0.020371282,
2008-09-19,0.013709668,0.016514946,0.019934243,0.022733758,
2008-09-22,0.014417689,0.017128518,0.020445911,0.023258227,
2008-09-23,0.012514303,0.015436222,0.019316406,0.022409815,
2008-09-24,0.010907367,0.01374219,0.018303011,0.021800728,
2008-09-25,0.0117996,0.014635448,0.018616924,0.021358457,
2008-09-26,0.011497123,0.014238263,0.018214953,0.020813985,
2008-09-29,0.0094135388,0.012050151,0.016578138,0.019678118,
2008-09-30,0.0097024651,0.012554687,0.016774706,0.019006917,
2008-10-01,0.0095184615,0.011515017,0.015858333,0.018517758,
2008-10-02,0.009324827,0.011223469,0.01569636,0.01886924,
2008-10-03,0.0096241826,0.0108914,0.015267154,0.0190113,
2008-10-06,0.0075148089,0.0090943239,0.013453946,0.017828267,
2008-10-07,0.0061965172,0.0076791256,0.012604702,0.016799175,
2008-10-08,0.0042759254,0.0055629924,0.011190198,0.01576185,
2008-10-09,0.004686929,0.0062922084,0.011391016,0.016325445,
2008-10-10,0.0019589899,0.0039186783,0.010271606,0.015719403,
2008-10-14,0.0023463502,0.0046642571,0.011477728,0.017479432,
2008-10-15,0.0013516211,0.0042013055,0.011477025,0.017685127,
2008-10-16,-0.00044279388,0.0028125098,0.011099143,0.018092585,
2008-10-17,0.0003536526,0.0033984706,0.012580209,0.019549674,
2008-10-20,0.00088110589,0.00333164,0.012932722,0.019487189,
2008-10-21,-0.0012035481,0.0015345537,0.01287361,0.019100869,
2008-10-22,-0.0024097557,0.00054538442,0.012156331,0.018811298,
2008-10-23,-0.0039248555,-0.00072786959,0.011194001,0.017119663,
2008-10-24,-0.0080267337,-0.0039312689,0.0093030634,0.015484148,
2008-10-27,-0.010722272,-0.0057292505,0.0099117508,0.014224273,
2008-10-28,-0.010446179,-0.005629594,0.010621262,0.014778777,
2008-10-29,-0.0096700739,-0.0050503476,0.01112798,0.015225083,
2008-10-30,-0.008179296,-0.0044255197,0.011716541,0.016270289,
2008-10-31,-0.0096713886,-0.0057112958,0.011152643,0.015159853,
2008-11-03,-0.0095767091,-0.0060648567,0.011157103,0.015795606,
2008-11-04,-0.0089708409,-0.0055919547,0.011627989,0.015974933,
2008-11-05,-0.0090390205,-0.0053796255,0.011974664,0.016222132,
2008-11-06,-0.010216623,-0.0059406675,0.011776071,0.017101081,
2008-11-07,-0.010015473,-0.006717424,0.012189679,0.017262161,
2008-11-10,-0.010075397,-0.0069432557,0.012318841,0.017258913,
2008-11-12,-0.010896159,-0.0071047354,0.012117265,0.017131337,
2008-11-13,-0.010701663,-0.0075573675,0.011472027,0.017535694,
2008-11-14,-0.01101338,-0.0075254746,0.010952196,0.017836718,
2008-11-17,-0.011214773,-0.0076167796,0.010710844,0.01814889,
2008-11-18,-0.01291483,-0.0098728546,0.0084425836,0.01754192,
2008-11-19,-0.015299734,-0.012502597,0.0063566174,0.013873662,
2008-11-20,-0.017916171,-0.015640718,0.0025878968,0.0111799,
2008-11-21,-0.019379961,-0.016133682,0.0028889617,0.009833981,
2008-11-24,-0.019490726,-0.015175681,0.0049726922,0.0075827272,
2008-11-25,-0.020557977,-0.014096169,0.0055792044,0.007830524,
2008-11-26,-0.022232814,-0.013505527,0.0053938701,0.0075317208,
2008-11-28,-0.022349354,-0.013518253,0.0055604171,0.0082123675,
2008-12-01,-0.0031941171,-0.00045687674,0.0040053429,0.0086321898,
2008-12-02,-0.00079544049,0.0013121703,0.0046875675,0.0098946979,
2008-12-03,0.00030010133,0.0022094091,0.005817747,0.010970698,
2008-12-04,0.00040233574,0.002511652,0.0062119203,0.011454794,
2008-12-05,-0.0012004759,0.0012277017,0.0049222188,0.011429507,
2008-12-08,-0.0028045099,-0.0012166937,0.0036009259,0.011133169,
2008-12-09,-0.0032969005,-0.0018347111,0.003198923,0.010343528,
2008-12-10,-0.0035831904,-0.0020361539,0.0031191132,0.011079522,
2008-12-11,-0.0034866642,-0.0017248388,0.0035289005,0.010905009,
2008-12-12,-0.0038021815,-0.0022342489,0.0022318383,0.010818693,
2008-12-15,-0.005899954,-0.0033875609,0.001596794,0.0095339362,
2008-12-16,-0.0029980999,-0.0013390186,0.0019950083,0.010529658,
2008-12-17,0.00091548232,0.0017312155,0.0036460153,0.010903437,
2008-12-18,-0.0010863964,-7.0959325e-05,0.002576262,0.009845653,
2008-12-19,-0.0030829478,-0.0014452595,0.0018406047,0.0096257391,
2008-12-22,-0.0036900837,-0.0018284621,0.0018816216,0.0091983408,
2008-12-23,-0.002710097,-0.00081685235,0.0017950572,0.0087736116,
2008-12-24,-0.0027083168,-0.00092276685,0.0015866125,0.0086854373,
2008-12-26,-0.0028198024,-0.00091417276,0.0015833306,0.0085729864,
2008-12-29,-0.0021246289,-0.00084431516,0.0013371251,0.0085238203,
2008-12-30,-0.0025304363,-0.00092717657,0.0011327395,0.0079538539,
2008-12-31,-0.0026218587,-0.00081833773,0.00137022,0.0081174147,
2009-01-02,-0.0025232541,-0.00039122233,0.0020312043,0.0082994647,
2009-01-05,-0.0019063304,-1.1703225e-05,0.001776187,0.0087408304,
2009-01-06,-0.0014045578,0.00081121304,0.0046822116,0.0085440418,
2009-01-07,-0.00089794639,0.0016238636,0.0051760614,0.0085918253,
2009-01-08,-0.0007911677,0.0017147341,0.0054872917,0.0098675295,
2009-01-09,-0.0008782168,0.0019181749,0.0061327863,0.011093199,
2009-01-12,-0.00097577938,0.0020195611,0.0064266559,0.011264337,
2009-01-13,-0.00028252561,0.0024100818,0.0063876165,0.011745269,
2009-01-14,-0.0012811662,0.0010891453,0.00494421,0.010263048,
2009-01-15,-0.00098543722,0.001286892,0.0049238072,0.0093078623,
2009-01-16,1.4668832e-05,0.0022993994,0.005957913,0.0099204486,
2009-01-20,0.00031645617,0.0026011305,0.0062741568,0.010513791,
2009-01-21,0.00041244126,0.0028182599,0.0063001034,0.0095328155,
2009-01-22,0.00091721266,0.0032183938,0.0070521387,0.01126359,
2009-01-23,0.00091304567,0.0036405934,0.0077982892,0.012023392,
2009-01-26,0.0010189168,0.0040549154,0.0084431941,0.013877162,
2009-01-27,0.0015082626,0.0043435015,0.008813759,0.013708055,
2009-01-28,0.0025135271,0.0052513534,0.0096410618,0.014035896,
2009-01-29,0.003019342,0.0062915067,0.011125818,0.014995091,
2009-01-30,0.0038227899,0.0075125121,0.012136258,0.015571845,
2009-02-02,0.0034256004,0.0067818384,0.011393532,0.015405512,
2009-02-03,0.0043259348,0.0073838831,0.012020008,0.015964887,
2009-02-04,0.005133157,0.0078753488,0.012429395,0.016067821,
2009-02-05,0.00513279,0.0075642386,0.011795966,0.015788605,
2009-02-06,0.0070454845,0.0092750865,0.012998561,0.016527887,
2009-02-09,0.0093561039,0.011379457,0.01479671,0.017470889,
2009-02-10,0.0076481898,0.0096614748,0.013165524,0.016671116,
2009-02-11,0.0066427606,0.0086368449,0.011768817,0.01605719,
2009-02-12,0.0051379925,0.0077531123,0.012058379,0.016320031,
2009-02-13,0.0067419222,0.0090629185,0.012742579,0.017300311,
2009-02-17,0.0045339039,0.0073482122,0.011733798,0.016603216,
2009-02-18,0.0050274304,0.0075476207,0.011713432,0.016814253,
2009-02-19,0.0062347692,0.0082404768,0.011791011,0.018080506,
2009-02-20,0.0057315323,0.0080510773,0.011696575,0.01753526,
2009-02-23,0.0060390566,0.0079280457,0.011358153,0.017281116,
2009-02-24,0.0053256546,0.0071236721,0.010321072,0.017247493,
2009-02-25,0.0060322328,0.0074139767,0.010191524,0.017022153,
2009-02-26,0.0059842541,0.010290283,0.0099072434,0.016603978,
2009-02-27,0.0058879937,0.010308484,0.0099512787,0.016324016,
2009-03-02,0.0052824637,0.0093740793,0.0094721067,0.015920796,
2009-03-03,0.0042835681,0.0091049643,0.0095196951,0.016210089,
2009-03-04,0.0047874543,0.0094044841,0.0095978162,0.016257787,
2009-03-05,0.0042810554,0.0086648779,0.0088590382,0.015084939,
2009-03-06,0.0037832198,0.008049354,0.0084629244,0.014536534,
2009-03-09,0.0038731459,0.0079463764,0.0086912506,0.014675318,
2009-03-10,0.0038763925,0.0081664372,0.0088017884,0.015333109,
2009-03-11,0.0039657605,0.0081543927,0.0096725368,0.015007863,
2009-03-12,0.0051640872,0.0091447635,0.010555738,0.015891303,
2009-03-13,0.0050663932,0.0091552153,0.010683734,0.015808983,
2009-03-16,0.0056726553,0.0099808524,0.011411367,0.016597492,
2009-03-17,0.0059733716,0.010503443,0.011694456,0.016958436,
2009-03-18,0.0060694131,0.010731758,0.01278891,0.018061026,
2009-03-19,0.0066617529,0.010827933,0.013536895,0.017865784,
2009-03-20,0.0063559083,0.010113493,0.012732645,0.017628485,
2009-03-23,0.0064489846,0.010322005,0.013370245,0.018028127,
2009-03-24,0.0073547376,0.011231845,0.013739564,0.018078892,
2009-03-25,0.0082678046,0.011942488,0.014244137,0.018515376,
2009-03-26,0.0095837978,0.013361574,0.015115328,0.018931661,
2009-03-27,0.0090814661,0.013075871,0.014504532,0.018724335,
2009-03-30,0.0078778917,0.012281071,0.01391781,0.018855645,
2009-03-31,0.0073751095,0.011676685,0.013315558,0.017512234,
2009-04-01,0.0072711681,0.01167156,0.013628006,0.017414356,
2009-04-02,0.0074773769,0.01198395,0.013836784,0.016911619,
2009-04-03,0.0080850024,0.012818157,0.014344781,0.017114262,
2009-04-06,0.0088981133,0.013735656,0.014840125,0.017286549,
2009-04-07,0.0080903819,0.012510754,0.013725859,0.017104717,
2009-04-08,0.0078814037,0.01207747,0.013407675,0.017364899,
2009-04-09,0.0082775055,0.012287008,0.013962816,0.017907307,
2009-04-13,0.0077726627,0.011776179,0.013887318,0.01766735,
2009-04-14,0.0075715584,0.011566837,0.013354259,0.017182954,
2009-04-15,0.006965181,0.010853495,0.013305565,0.017311311,
2009-04-16,0.0073642662,0.011159165,0.013273015,0.017351834,
2009-04-17,0.0073610138,0.011276233,0.013394142,0.017316871,
2009-04-20,0.0061519337,0.010271364,0.01279979,0.016424499,
2009-04-21,0.0062559255,0.01058898,0.013118433,0.016389041,
2009-04-22,0.0064529245,0.011003754,0.013964648,0.017152818,
2009-04-23,0.0064580282,0.011734834,0.015113971,0.018175985,
2009-04-24,0.0073655324,0.012547176,0.015720917,0.019088177,
2009-04-27,0.0075766967,0.012425274,0.015386538,0.019027865,
2009-04-28,0.0081827382,0.01304121,0.015795784,0.019404412,
2009-04-29,0.0088010745,0.014094462,0.01596653,0.019392498,
2009-04-30,0.0082973289,0.013286094,0.015390262,0.018534237,
2009-05-01,0.0079933156,0.012885099,0.014791086,0.018173117,
2009-05-04,0.0084933468,0.013171225,0.014861527,0.017752312,
2009-05-05,0.0086924544,0.013046444,0.014966566,0.017815967,
2009-05-06,0.0093971687,0.01333983,0.015028864,0.018581962,
2009-05-07,0.01060693,0.014785302,0.016158265,0.019987791,
2009-05-08,0.010499341,0.014370683,0.015856107,0.019829942,
2009-05-11,0.010098356,0.01395611,0.015321763,0.019668474,
2009-05-12,0.010004379,0.014063999,0.015433493,0.019627244,
2009-05-13,0.009697569,0.013648942,0.015006921,0.019526933,
2009-05-14,0.0097004089,0.013650081,0.014784207,0.019650473,
2009-05-15,0.010101694,0.014064801,0.01542193,0.020504692,
2009-05-18,0.010402496,0.014587943,0.016273531,0.021261877,
2009-05-19,0.011014391,0.015096317,0.01667813,0.021565766,
2009-05-20,0.011017405,0.015519902,0.01697646,0.02113041,
2009-05-21,0.011429121,0.016168612,0.017531849,0.021499446,
2009-05-22,0.012041563,0.016907437,0.018055308,0.022404479,
2009-05-26,0.012654621,0.017739487,0.018533049,0.022869093,
2009-05-27,0.013885569,0.0190106,0.019616091,0.023764006,
2009-05-28,0.013477498,0.018276631,0.018733217,0.023116005,
2009-05-29,0.013774982,0.018440448,0.01865772,0.022768774,
2009-06-01,0.015512604,0.019901928,0.019798613,0.023704641,
2009-06-02,0.016125998,0.020715125,0.020262812,0.024339055,
2009-06-03,0.015210139,0.019673141,0.019450119,0.023185502,
2009-06-04,0.015724001,0.020111031,0.019553493,0.023431413,
2009-06-05,0.01730924,0.02127428,0.020096191,0.023744223,
2009-06-08,0.017296071,0.0211546,0.02019395,0.023629119,
2009-06-09,0.017708495,0.02113306,0.020327846,0.023901552,
2009-06-10,0.018720865,0.022057783,0.021283513,0.024993882,
2009-06-11,0.018002804,0.020999088,0.020450721,0.024408418,
2009-06-12,0.016896246,0.020311339,0.019505027,0.023910925,
2009-06-15,0.016182902,0.019598741,0.019131946,0.023375901,
2009-06-16,0.015470603,0.018874803,0.018392793,0.022538571,
2009-06-17,0.01446402,0.018190261,0.017804981,0.02196775,
2009-06-18,0.01548046,0.01944356,0.019382291,0.022992547,
2009-06-19,0.015581073,0.019532026,0.019359013,0.023009794,
2009-06-22,0.014570875,0.018615514,0.018885143,0.022828988,
2009-06-23,0.01446861,0.018394161,0.018658422,0.022804464,
2009-06-24,0.013558147,0.018134623,0.018492064,0.023375369,
2009-06-25,0.013450381,0.017695343,0.017841637,0.02268107,
2009-06-26,0.01223315,0.016688222,0.017274521,0.022653533,
2009-06-29,0.012233613,0.01678988,0.017370691,0.023024462,
2009-06-30,0.013554434,0.017789221,0.018059292,0.023832112,
2009-07-01,0.013666112,0.017917065,0.017749896,0.023687824,
2009-07-02,0.012861268,0.017103496,0.01694913,0.022792168,
2009-07-06,0.012352852,0.016497475,0.015356352,0.022772507,
2009-07-07,0.012351052,0.016897789,0.016541524,0.022328488,
2009-07-08,0.011330437,0.015639708,0.015971103,0.021152928,
2009-07-09,0.011130361,0.015671922,0.016322023,0.021093902,
2009-07-10,0.010720921,0.01513875,0.015793127,0.020539452,
2009-07-13,0.010720771,0.01525698,0.016021707,0.02039844,
2009-07-14,0.011633181,0.016187725,0.017074161,0.021617829,
2009-07-15,0.012854492,0.017309751,0.01830766,0.022709486,
2009-07-16,0.012951948,0.017410441,0.018422121,0.022942128,
2009-07-17,0.013870326,0.018446226,0.019353753,0.023669762,
2009-07-20,0.014172463,0.018632698,0.019552969,0.023842919,
2009-07-21,0.01345589,0.017694962,0.018610091,0.022900027,
2009-07-22,0.013560517,0.01802556,0.019046112,0.022974104,
2009-07-23,0.014473256,0.019172458,0.01994893,0.023942674,
2009-07-24,0.014068587,0.018765342,0.019657907,0.023730034,
2009-07-27,0.014375096,0.018971877,0.019747867,0.024374819,
2009-07-28,0.013961952,0.018553432,0.019311567,0.02375742,
2009-07-29,0.014056075,0.018422033,0.019150701,0.023425939,
2009-07-30,0.013953649,0.018849218,0.019561577,0.023411372,
2009-07-31,0.013335181,0.017791067,0.018736032,0.022307408,
2009-08-03,0.013952589,0.018637987,0.019455757,0.022551929,
2009-08-04,0.01435635,0.018938352,0.019558006,0.022413375,
2009-08-05,0.014561287,0.019377316,0.020226364,0.023719458,
2009-08-06,0.014053748,0.018868919,0.019933101,0.023223946,
2009-08-07,0.01496048,0.019896918,0.020843419,0.02426079,
2009-08-10,0.014354554,0.019276025,0.020447886,0.023696829,
2009-08-11,0.013746016,0.018534423,0.019812136,0.023292087,
2009-08-12,0.01355307,0.018451614,0.019494473,0.023638805,
2009-08-13,0.012534596,0.017422329,0.018568178,0.023334923,
2009-08-14,0.011425113,0.016518362,0.017668274,0.022793998,
2009-08-17,0.010915143,0.016109301,0.01759086,0.022638471,
2009-08-18,0.01172431,0.016712945,0.017972231,0.023269401,
2009-08-19,0.012132924,0.017002624,0.018157473,0.02306792,
2009-08-20,0.013142001,0.01790368,0.018829085,0.022913645,
2009-08-21,0.013748653,0.018528298,0.019337125,0.023324038,
2009-08-24,0.013044432,0.017813216,0.018727842,0.022778481,
2009-08-25,0.012231225,0.01688902,0.017910654,0.02225843,
2009-08-26,0.012128793,0.016889558,0.017804101,0.022259205,
2009-08-27,0.012238303,0.016996365,0.017805448,0.022279044,
2009-08-28,0.011933657,0.016586566,0.017625388,0.021694643,
2009-08-31,0.011327084,0.015975333,0.017013543,0.020999345,
2009-09-01,0.011231356,0.015980572,0.017034567,0.021058123,
2009-09-02,0.01082353,0.015456863,0.016394263,0.020386291,
2009-09-03,0.011635342,0.016272889,0.016996852,0.020936111,
2009-09-04,0.012552634,0.017530796,0.018151925,0.021899424,
2009-09-08,0.013365504,0.018018038,0.018772073,0.022301327,
2009-09-09,0.013771798,0.018326606,0.018863366,0.022550869,
2009-09-10,0.013358263,0.017685431,0.018330484,0.021577872,
2009-09-11,0.013760874,0.017664121,0.018094906,0.021604493,
2009-09-14,0.0142676,0.018080972,0.01829103,0.021890183,
2009-09-15,0.014676927,0.018710569,0.018913367,0.022176451,
2009-09-16,0.015384672,0.019310173,0.019170917,0.022562301,
2009-09-17,0.014773063,0.018477055,0.01856134,0.021655338,
2009-09-18,0.014671071,0.018593633,0.01866571,0.021990378,
2009-09-21,0.014062902,0.018196466,0.018601142,0.022232555,
2009-09-22,0.01436618,0.018392894,0.018684665,0.022319913,
2009-09-23,0.014169692,0.018297052,0.018713171,0.022377051,
2009-09-24,0.013767233,0.018000234,0.018179807,0.022097584,
2009-09-25,0.013754568,0.017654993,0.01794377,0.021585166,
2009-09-28,0.013649686,0.017655378,0.01794372,0.021175287,
2009-09-29,0.013542269,0.017232796,0.017745278,0.021052697,
2009-09-30,0.013855403,0.017648128,0.018062769,0.021373246,
2009-10-01,0.013453197,0.017232585,0.017656564,0.021236952,
2009-10-02,0.013451143,0.017022201,0.017567284,0.021152947,
2009-10-05,0.013348485,0.017023872,0.017901353,0.02098674,
2009-10-06,0.013854222,0.017316707,0.017982998,0.02125901,
2009-10-07,0.013648034,0.017219512,0.018222126,0.021181865,
2009-10-08,0.014054895,0.017525262,0.01842301,0.021825948,
2009-10-09,0.014767241,0.018357363,0.019027015,0.022731507,
2009-10-13,0.014871306,0.018457842,0.019468312,0.0232384,
2009-10-14,0.015279313,0.019203626,0.020104375,0.023699923,
2009-10-15,0.015789324,0.019714128,0.020616917,0.023849715,
2009-10-16,0.015883898,0.019483451,0.020497628,0.023685597,
2009-10-19,0.016489248,0.020190567,0.020986317,0.024177973,
2009-10-20,0.015883489,0.019685609,0.02046966,0.023668694,
2009-10-21,0.015680433,0.019696999,0.02057857,0.023659434,
2009-10-22,0.015282315,0.019301335,0.020178952,0.023141138,
2009-10-23,0.015783697,0.019813435,0.020691839,0.023280677,
2009-10-26,0.01619305,0.020021713,0.020690621,0.023423698,
2009-10-27,0.016293361,0.019905673,0.020701336,0.023426252,
2009-10-28,0.015891384,0.019600062,0.020278177,0.023141728,
2009-10-29,0.01661131,0.020651938,0.02098843,0.023696181,
2009-10-30,0.016305616,0.020222011,0.020688962,0.023346527,
2009-11-02,0.016505367,0.020431116,0.021129628,0.023753905,
2009-11-03,0.016511908,0.020444597,0.021250645,0.024289376,
2009-11-04,0.017227832,0.021175279,0.022008185,0.025287706,
2009-11-05,0.017327062,0.021381708,0.022461557,0.025472901,
2009-11-06,0.017228438,0.021385001,0.02258388,0.025615125,
2009-11-09,0.018139679,0.021981995,0.023066719,0.025791924,
2009-11-10,0.018043891,0.021880074,0.022732244,0.025772481,
2009-11-12,0.017538332,0.021368343,0.021980595,0.025488834,
2009-11-13,0.017536439,0.021368733,0.021968923,0.025296986,
2009-11-16,0.017532298,0.021248344,0.021958493,0.025370285,
2009-11-17,0.017634287,0.021350216,0.022059942,0.025356155,
2009-11-18,0.018249975,0.021873307,0.022259843,0.025700776,
2009-11-19,0.018051569,0.021675304,0.022174326,0.025501658,
2009-11-20,0.01825368,0.021986851,0.022261409,0.025496405,
2009-11-23,0.018453422,0.022077683,0.022475112,0.025542161,
2009-11-24,0.018347579,0.02134017,0.021865205,0.025372297,
2009-11-25,0.018342572,0.021430889,0.021961541,0.025385147,
2009-11-27,0.017632118,0.020823876,0.021345876,0.025081102,
2009-11-30,0.017732148,0.020929105,0.021575075,0.025156116,
2009-12-01,0.018246831,0.021456008,0.022232104,0.025562334,
2009-12-02,0.018448013,0.021767482,0.022202068,0.025499473,
2009-12-03,0.018453899,0.02198752,0.022317809,0.025878683,
2009-12-04,0.0183453,0.021778433,0.02220803,0.025633155,
2009-12-07,0.018349685,0.021684284,0.022115076,0.025482573,
2009-12-08,0.017741622,0.021174568,0.021730092,0.025363165,
2009-12-09,0.01733116,0.020875514,0.021769327,0.02508317,
2009-12-10,0.017538873,0.021197146,0.021746406,0.025334263,
2009-12-11,0.018147999,0.021819547,0.022253266,0.025610209,
2009-12-14,0.018651614,0.022212679,0.022752913,0.026094365,
2009-12-15,0.019266071,0.022720798,0.02315657,0.026139063,
2009-12-16,0.019578948,0.023144675,0.023580467,0.026308632,
2009-12-17,0.019070792,0.022516253,0.023066965,0.025649549,
2009-12-18,0.01947745,0.022933527,0.023250833,0.026092606,
2009-12-21,0.020092078,0.023668476,0.023877903,0.02632649,
2009-12-22,0.020391414,0.023873779,0.024201825,0.026470134,
2009-12-23,0.020495022,0.023866822,0.02397092,0.026380083,
2009-12-24,0.020800524,0.024072019,0.024056622,0.026534986,
2009-12-28,0.021086439,0.024147806,0.024364008,0.026788959,
2009-12-29,0.021290035,0.024341371,0.024435183,0.026833946,
2009-12-30,0.021397596,0.024551515,0.02440221,0.027052392,
2009-12-31,0.021594163,0.024539481,0.024497134,0.027323878,
2010-01-04,0.021600523,0.024546934,0.024643862,0.027481388,
2010-01-05,0.02150638,0.024345171,0.024223051,0.027687762,
2010-01-06,0.021919643,0.024557255,0.024570889,0.028096241,
2010-01-07,0.022220212,0.024854101,0.024981083,0.028000456,
2010-01-08,0.022132168,0.024982546,0.025105977,0.028188399,
2010-01-11,0.02152327,0.025110055,0.024692313,0.028234247,
2010-01-12,0.021822123,0.02508232,0.024773439,0.027655019,
2010-01-13,0.02161497,0.024884427,0.024567262,0.027653595,
2010-01-14,0.021511626,0.024573123,0.024477153,0.027079176,
2010-01-15,0.021311376,0.024574436,0.024485379,0.026731444,
2010-01-19,0.021203487,0.024990579,0.024686017,0.026711036,
2010-01-20,0.021200186,0.024876978,0.024563865,0.026322483,
2010-01-21,0.020080493,0.02322355,0.024211036,0.02612422,
2010-01-22,0.019781601,0.023133765,0.024010836,0.0260506,
2010-01-25,0.019983987,0.023349163,0.024233438,0.026057034,
2010-01-26,0.019981061,0.023449032,0.024336493,0.026323103,
2010-01-27,0.019876906,0.023123198,0.023992406,0.026068788,
2010-01-28,0.019681005,0.023249658,0.024236623,0.026668389,
2010-01-29,0.019376153,0.02293957,0.024268802,0.026394001,
2010-02-01,0.020187001,0.023761523,0.024889415,0.027042388,
2010-02-02,0.020491425,0.023856179,0.025094491,0.02699789,
2010-02-03,0.020799664,0.024279006,0.025315192,0.027260306,
2010-02-04,0.020193449,0.023768917,0.024463239,0.026569933,
2010-02-05,0.019170893,0.022643272,0.023677652,0.025864231,
2010-02-08,0.019374139,0.022851262,0.023669369,0.025956448,
2010-02-09,0.01967548,0.022941585,0.0239826,0.026285223,
2010-02-10,0.019974486,0.023137508,0.02373626,0.026370768,
2010-02-11,0.019874119,0.022939052,0.023532769,0.026228276,
2010-02-12,0.019884784,0.022940367,0.02320782,0.026175164,
2010-02-16,0.01978334,0.022730081,0.023325506,0.026135759,
2010-02-17,0.020393949,0.023456962,0.023728026,0.026572586,
2010-02-18,0.020500433,0.023460985,0.024042963,0.026985364,
2010-02-19,0.019981444,0.022936446,0.023496189,0.026524893,
2010-02-22,0.019481906,0.022231412,0.023451283,0.027938933,0.026959387
2010-02-23,0.019270217,0.021899546,0.02279887,0.027176598,0.026927549
2010-02-24,0.019270235,0.021690079,0.022802894,0.027143213,0.026634381
2010-02-25,0.018563096,0.021182619,0.022176281,0.026530054,0.026147655
2010-02-26,0.018559199,0.021176125,0.022177174,0.026401759,0.026207755
2010-03-01,0.018559777,0.021181427,0.02240949,0.026516043,0.026191617
2010-03-02,0.018559209,0.021187192,0.022532543,0.026629436,0.026306332
2010-03-03,0.018656361,0.0212876,0.02264332,0.026620568,0.026301621
2010-03-04,0.018647132,0.021268965,0.022617905,0.026601659,0.026470021
2010-03-05,0.019153828,0.02157665,0.023048486,0.027277938,0.026957348
2010-03-08,0.018956554,0.021594301,0.023283944,0.027533802,0.027259108
2010-03-09,0.019057704,0.021796317,0.023282237,0.027439697,0.026970862
2010-03-10,0.019360066,0.021892494,0.023365155,0.027633694,0.027217937
2010-03-11,0.019148661,0.021569229,0.023351068,0.027657813,0.026945288
2010-03-12,0.019554888,0.021974496,0.023531196,0.027457608,0.026769527
2010-03-15,0.019556759,0.021872596,0.023427964,0.027492175,0.026930865
2010-03-16,0.01945591,0.021760237,0.023317205,0.027273089,0.026762055
2010-03-17,0.019858863,0.022062603,0.023392634,0.027204785,0.02679599
2010-03-18,0.019449482,0.021646602,0.023182494,0.027350056,0.026978837
2010-03-19,0.018832017,0.02102525,0.02288228,0.026972527,0.02680241
2010-03-22,0.018422961,0.020718056,0.022803512,0.027138945,0.026772683
2010-03-23,0.018217806,0.020621095,0.022931466,0.027160883,0.026979452
2010-03-24,0.019139209,0.021225709,0.023329823,0.027428181,0.027078938
2010-03-25,0.018945034,0.021473037,0.023561697,0.027877666,0.027287166
2010-03-26,0.018848491,0.021261583,0.023359007,0.027958762,0.027531444
2010-03-29,0.01874728,0.021266219,0.023153825,0.027631293,0.027475081
2010-03-30,0.018539164,0.020956866,0.023169059,0.027482709,0.027396566
2010-03-31,0.018541873,0.021068559,0.023385116,0.027824175,0.027781253
2010-04-01,0.018743359,0.021171845,0.023828839,0.027947271,0.027889486
2010-04-02,0.018843307,0.021275297,0.023709446,0.027986572,0.028055113
2010-04-05,0.019445951,0.021776583,0.024095211,0.028142949,0.027955408
2010-04-06,0.020570059,0.023318067,0.023896889,0.026816908,0.028948771
2010-04-07,0.020678156,0.023206207,0.02433554,0.027760467,0.02878055
2010-04-08,0.019759627,0.022080551,0.024289667,0.028671281,0.028421817
2010-04-09,0.01996137,0.021957996,0.024393952,0.028519543,0.028474805
2010-04-12,0.019752405,0.021749992,0.024529391,0.028474654,0.028445689
2010-04-13,0.019546837,0.021749908,0.0244099,0.028502791,0.028326438
2010-04-14,0.019755842,0.021862013,0.024415339,0.028636141,0.028402149
2010-04-15,0.019859781,0.02217879,0.024740418,0.029002291,0.028941015
2010-04-16,0.019251143,0.021454696,0.024346442,0.028722813,0.028704213
2010-04-19,0.019353909,0.021561057,0.024446363,0.028812703,0.028616027
2010-04-20,0.019853117,0.022061089,0.024500978,0.028626714,0.028440402
2010-04-21,0.019750143,0.021946582,0.024494105,0.028463943,0.028291434
2010-04-22,0.019750372,0.02205773,0.024358902,0.028510806,0.028507514
2010-04-23,0.020155874,0.022466292,0.024663946,0.0287878,0.028611323
2010-04-26,0.020256821,0.022878823,0.024650596,0.028361623,0.028896018
2010-04-27,0.020249944,0.02350206,0.024315082,0.028645987,0.028273272
2010-04-28,0.020262689,0.02288829,0.025005686,0.02899355,0.028547758
2010-04-29,0.020872,0.024959811,0.02546183,0.029242396,0.029378809
2010-04-30,0.020362443,0.024340764,0.024944223,0.028922486,0.028869522
2010-05-03,0.020260207,0.022879047,0.02498157,0.028455398,0.028564668
2010-05-04,0.019647151,0.02225896,0.024137696,0.027580511,0.027682967
2010-05-05,0.019146224,0.021537164,0.023755765,0.027286143,0.027385109
2010-05-06,0.018136213,0.020618493,0.022497228,0.025948572,0.026425276
2010-05-07,0.017717304,0.020311805,0.022406327,0.026069385,0.026574333
2010-05-10,0.018738368,0.021345504,0.023352183,0.026838893,0.027532325
2010-05-11,0.018842595,0.021453473,0.023458189,0.027099535,0.027780465
2010-05-12,0.019452735,0.022276703,0.023710695,0.02786557,0.028377813
2010-05-13,0.019145745,0.021761967,0.02363757,0.027666799,0.028856229
2010-05-14,0.018537858,0.021143167,0.022687939,0.026493836,0.027577483
2010-05-17,0.018333971,0.020834225,0.022486089,0.026519448,0.02742555
2010-05-18,0.017928652,0.020527144,0.022166174,0.026295055,0.027186694
2010-05-19,0.017209368,0.019799279,0.021201623,0.02534307,0.026187583
2010-05-20,0.015985543,0.018347985,0.019631623,0.023511606,0.025005311
2010-05-21,0.016286035,0.019370091,0.019356221,0.022951293,0.0248871
2010-05-24,0.016387885,0.019472774,0.01946826,0.02321994,0.025150924
2010-05-25,0.015864646,0.018320738,0.019180886,0.023199865,0.024370536
2010-05-26,0.016378792,0.018926538,0.019784062,0.023959792,0.025038316
2010-05-27,0.0173983,0.020068601,0.020824895,0.025279969,0.02605143
2010-05-28,0.017107699,0.019878919,0.020656102,0.025105817,0.026039067
2010-06-01,0.01700151,0.019669158,0.020437187,0.024862525,0.025628426
2010-06-02,0.017307944,0.02009007,0.020635469,0.025195511,0.025956712
2010-06-03,0.017920405,0.020709191,0.02126589,0.025741259,0.026678762
2010-06-04,0.016800453,0.019467541,0.020123909,0.024702074,0.025787924
2010-06-07,0.01659096,0.019255283,0.019912536,0.024844406,0.025656207
2010-06-08,0.016389569,0.018832567,0.019596941,0.024372041,0.025455732
2010-06-09,0.016490425,0.019048361,0.019925463,0.02469624,0.025524133
2010-06-10,0.017003893,0.019681429,0.02055151,0.024913052,0.026202453
2010-06-11,0.016694781,0.019259956,0.020244343,0.024658401,0.025764579
2010-06-14,0.017103705,0.019781076,0.020435846,0.025022448,0.025988513
2010-06-15,0.017002926,0.01989227,0.020766268,0.025218062,0.02615319
2010-06-16,0.016904666,0.019789098,0.020652586,0.024979295,0.026087991
2010-06-17,0.017005037,0.019779613,0.020643826,0.024971251,0.026199748
2010-06-18,0.017105963,0.019884258,0.020640032,0.024848643,0.026085769
2010-06-21,0.017311602,0.020197346,0.020956214,0.02517267,0.026409734
2010-06-22,0.017002969,0.019778888,0.020533908,0.024627836,0.025987986
2010-06-23,0.01659991,0.019258154,0.020126778,0.024191478,0.025550078
2010-06-24,0.016192051,0.018961674,0.01982561,0.024178968,0.025522525
2010-06-25,0.016295308,0.018963303,0.019826335,0.02394125,0.025549176
2010-06-28,0.015885642,0.018646316,0.019516134,0.023624606,0.025135125
2010-06-29,0.015577766,0.018227051,0.018971806,0.023082443,0.024543775
2010-06-30,0.015576116,0.018011893,0.01887031,0.022797794,0.023982194
2010-07-01,0.014964891,0.017503763,0.018125884,0.021801854,0.023127591
2010-07-02,0.014968956,0.017297544,0.017927926,0.022103969,0.023284522
2010-07-06,0.014254194,0.016684003,0.017530317,0.021789883,0.022873014
2010-07-07,0.014155768,0.016802929,0.017648834,0.021844616,0.023189489
2010-07-08,0.014462405,0.017848064,0.018600933,0.02236239,0.02401294
2010-07-09,0.014871956,0.018051493,0.01879728,0.022356745,0.024413046
2010-07-12,0.014968698,0.018039506,0.018911899,0.022692423,0.024353967
2010-07-13,0.015275168,0.018460322,0.019451623,0.022740492,0.024526989
2010-07-14,0.014970447,0.018151256,0.019137098,0.022071095,0.024290839
2010-07-15,0.01445871,0.017635421,0.018607482,0.021775181,0.023753803
2010-07-16,0.013741583,0.016814392,0.017790394,0.021428989,0.022901234
2010-07-19,0.013540898,0.016719905,0.017693793,0.021120767,0.022608732
2010-07-20,0.013337524,0.016621497,0.017703127,0.021021045,0.022646075
2010-07-21,0.013539562,0.016602727,0.017786053,0.021049077,0.02240379
2010-07-22,0.013845889,0.017236468,0.018209964,0.021506949,0.022952641
2010-07-23,0.014051756,0.017448398,0.018536305,0.021370182,0.022982162
2010-07-26,0.014154229,0.017652163,0.018629524,0.021263818,0.023452125
2010-07-27,0.014561945,0.018062505,0.018930549,0.021353261,0.023788066
2010-07-28,0.014761685,0.017846723,0.01884074,0.022005785,0.024037863
2010-07-29,0.014660294,0.017852531,0.018977572,0.02226182,0.0240633
2010-07-30,0.014452632,0.017539943,0.018771143,0.021770265,0.023776333
2010-08-02,0.015165258,0.018370122,0.019394051,0.022597394,0.024337879
2010-08-03,0.015263133,0.018363435,0.019518098,0.022748186,0.024560981
2010-08-04,0.01516361,0.018363197,0.019396423,0.022398509,0.02462841
2010-08-05,0.015162831,0.018363074,0.019509354,0.022530583,0.024660164
2010-08-06,0.014755658,0.017839011,0.018971296,0.021785553,0.024390848
2010-08-09,0.014950477,0.017825216,0.018957576,0.022023016,0.024446957
2010-08-10,0.014948574,0.017918568,0.019163506,0.022915155,0.025251193
2010-08-11,0.014430958,0.0170807,0.018411419,0.021532839,0.024317744
2010-08-12,0.013621872,0.01626491,0.01757938,0.02102403,0.023805781
2010-08-13,0.01351957,0.01604504,0.017450919,0.020745245,0.023641327
2010-08-16,0.01301311,0.015632321,0.016906465,0.019978515,0.022401668
2010-08-17,0.012916047,0.015748348,0.016916996,0.019760012,0.022600332
2010-08-18,0.012915084,0.01554304,0.016811972,0.019346075,0.022025397
2010-08-19,0.012309212,0.015135466,0.016175453,0.018803534,0.021323412
2010-08-20,0.012517195,0.015339536,0.016268466,0.01817073,0.021509374
2010-08-23,0.012210632,0.01503371,0.016074401,0.018898074,0.022139529
2010-08-24,0.011998359,0.014507114,0.01542759,0.018715512,0.021308041
2010-08-25,0.012202238,0.014917809,0.015840032,0.019353076,0.021777682
2010-08-26,0.012507985,0.015110737,0.016031249,0.019281021,0.021700253
2010-08-27,0.012810947,0.015434808,0.016699776,0.019738818,0.022728064
2010-08-30,0.012406106,0.014915151,0.016059588,0.01923123,0.022380312
2010-08-31,0.012003066,0.014602729,0.015741797,0.018761539,0.021602874
2010-09-01,0.012206623,0.015032534,0.016177648,0.019378486,0.02266938
2010-09-02,0.012109073,0.015147173,0.016406801,0.019416245,0.023166043
2010-09-03,0.012620129,0.015666465,0.016833383,0.019958228,0.023562761
2010-09-07,0.012516497,0.015545535,0.016920528,0.019766978,0.022825173
2010-09-08,0.012412865,0.015657347,0.017031662,0.0195442,0.023021057
2010-09-09,0.013021526,0.016382735,0.01787024,0.01996779,0.024029037
2010-09-10,0.013530809,0.017107664,0.018602291,0.020493055,0.02444517
2010-09-13,0.01352982,0.016994078,0.018714644,0.020966088,0.024778565
2010-09-14,0.012923193,0.016689738,0.018197154,0.020113263,0.02431075
2010-09-15,0.013025909,0.016702527,0.018434521,0.020496206,0.024645528
2010-09-16,0.013034245,0.016920005,0.018436563,0.020664425,0.024660108
2010-09-17,0.01262516,0.016405681,0.018244087,0.020791051,0.024077439
2010-09-20,0.012521089,0.016194371,0.018569447,0.021561146,0.02416616
2010-09-21,0.013025715,0.016680299,0.019058654,0.022216182,0.02464667
2010-09-22,0.0133249,0.016769775,0.018918338,0.021849491,0.024692592
2010-09-23,0.013017164,0.016364146,0.018611737,0.021855141,0.024138015
2010-09-24,0.013225474,0.016680512,0.018837545,0.021863255,0.024132887
2010-09-27,0.013015325,0.016253014,0.018197029,0.02047879,0.023686662
2010-09-28,0.013226502,0.016439452,0.018608721,0.021035012,0.024123395
2010-09-29,0.013119345,0.016555421,0.018500029,0.020814433,0.023921683
2010-09-30,0.013121487,0.016564073,0.018513432,0.020454311,0.02332471
2010-10-01,0.013422679,0.01666584,0.018629125,0.02093181,0.023791582
2010-10-04,0.013421556,0.016553866,0.018516188,0.020874711,0.024154536
2010-10-05,0.014124891,0.017060074,0.019256937,0.022140386,0.025057187
2010-10-06,0.014632964,0.017658306,0.019629148,0.022334375,0.025470093
2010-10-07,0.014229336,0.017359881,0.01954428,0.022554858,0.025616833
2010-10-08,0.014940067,0.018175336,0.020378013,0.023480412,0.026752897
2010-10-12,0.014938987,0.018065696,0.020279923,0.023532612,0.026954359
2010-10-13,0.015849652,0.01878554,0.021021058,0.024800659,0.027959576
2010-10-14,0.016867946,0.019916292,0.021956959,0.025707429,0.029439992
2010-10-15,0.015961912,0.019428395,0.021799773,0.025662025,0.029636637
2010-10-18,0.015445118,0.018908291,0.021374553,0.025471907,0.029410925
2010-10-19,0.015242518,0.01880567,0.021479898,0.025786916,0.029499189
2010-10-20,0.014941445,0.018607039,0.021287719,0.025310219,0.029229803
2010-10-21,0.015347793,0.019137184,0.021612701,0.025322203,0.029782396
2010-10-22,0.015761986,0.019548412,0.021814208,0.025480699,0.029261267
2010-10-25,0.016367411,0.020054392,0.022313208,0.025364481,0.029396475
2010-10-26,0.016473498,0.020277037,0.022427979,0.02575886,0.029656904
2010-10-27,0.016076714,0.019983697,0.022241252,0.025775926,0.029706369
2010-10-28,0.015361601,0.019575406,0.022170551,0.026005592,0.030089772
2010-10-29,0.014951419,0.019053014,0.022285319,0.026426999,0.029714148
2010-11-01,0.015255445,0.019265489,0.022726904,0.027084992,0.029995483
2010-11-02,0.015050042,0.018947346,0.022403421,0.026636703,0.029521172
2010-11-03,0.015248622,0.018953781,0.022780734,0.027961901,0.030913085
2010-11-04,0.015338429,0.018414095,0.021880775,0.02732385,0.030193864
2010-11-05,0.015839364,0.018612655,0.02198644,0.027521896,0.030747579
2010-11-08,0.015937558,0.018592644,0.022193564,0.027568574,0.03061844
2010-11-09,0.015940847,0.018810989,0.022415333,0.027522983,0.031182335
2010-11-10,0.016140105,0.018386223,0.021871363,0.028267135,0.031758445
2010-11-12,0.015840445,0.018294892,0.021453272,0.027297463,0.03058384
2010-11-15,0.015856449,0.018629717,0.021469119,0.026356532,0.03062268
2010-11-16,0.015046568,0.01811661,0.020700438,0.025212665,0.029496282
2010-11-17,0.015456563,0.018850765,0.0214529,0.025670004,0.029989483
2010-11-18,0.015864106,0.019373566,0.021636722,0.025940564,0.029861503
2010-11-19,0.016067241,0.019465647,0.022028107,0.026527305,0.029505208
2010-11-22,0.015961627,0.019356,0.021922814,0.026574385,0.029701354
2010-11-23,0.015561019,0.019050844,0.021720248,0.026493333,0.029660178
2010-11-24,0.016070706,0.019574938,0.022260435,0.02686742,0.029546107
2010-11-26,0.01617396,0.019673741,0.022117538,0.026563302,0.029472935
2010-11-29,0.015966746,0.019569556,0.022001348,0.026513352,0.029011583
2010-11-30,0.015571737,0.019268498,0.021592853,0.025708086,0.028284552
2010-12-01,0.016184641,0.019795223,0.022335533,0.026773042,0.028459694
2010-12-02,0.01659097,0.020210382,0.022645944,0.026858272,0.028874107
2010-12-03,0.016396443,0.02023328,0.02269468,0.026849131,0.029189924
2010-12-06,0.016196719,0.020018397,0.022603017,0.026500652,0.028954937
2010-12-07,0.016915211,0.02098346,0.023324745,0.027550901,0.029235041
2010-12-08,0.017010353,0.020676227,0.022908514,0.027042207,0.02870742
2010-12-09,0.01670418,0.020045246,0.022352618,0.026915668,0.027978303
2010-12-10,0.016712171,0.019955152,0.022596424,0.026770207,0.02764006
2010-12-13,0.016811674,0.020056757,0.022831332,0.026841037,0.027711808
2010-12-14,0.017129055,0.020407215,0.023299824,0.027122004,0.027668766
2010-12-15,0.017944928,0.021234877,0.02424252,0.028227452,0.028643738
2010-12-16,0.018041941,0.021112566,0.0243386,0.028513769,0.029342549
2010-12-17,0.017734353,0.020569004,0.023875107,0.028071855,0.028204244
2010-12-20,0.017735427,0.02067894,0.023987062,0.027962442,0.028151489
2010-12-21,0.017935939,0.020771846,0.023973775,0.028090994,0.028138473
2010-12-22,0.018344079,0.021179723,0.024367617,0.028502852,0.027971264
2010-12-23,0.018551455,0.02128104,0.024357396,0.028326908,0.027761511
2010-12-27,0.018537063,0.021052748,0.024005968,0.027973229,0.027454142
2010-12-28,0.018646239,0.021391712,0.024365038,0.028056085,0.027454865
2010-12-29,0.018348295,0.021076975,0.023922335,0.027772299,0.027518079
2010-12-30,0.01844498,0.021071653,0.024042908,0.027745492,0.027364364
2010-12-31,0.018553848,0.021169559,0.024002025,0.027684005,0.026995065
2011-01-03,0.01845424,0.021183306,0.024155444,0.027691306,0.027139577
2011-01-04,0.018853477,0.021481191,0.024580427,0.02822435,0.027753026
2011-01-05,0.019670289,0.022203569,0.025322398,0.028937288,0.02825836
2011-01-06,0.019872893,0.022195071,0.025200322,0.02901406,0.02836307
2011-01-07,0.019367392,0.021784,0.024686235,0.028814419,0.028312151
2011-01-10,0.019362836,0.021573477,0.024702798,0.028711275,0.028396186
2011-01-11,0.020284111,0.022291217,0.02510826,0.028962848,0.02861493
2011-01-12,0.020281171,0.022297974,0.025346863,0.028960096,0.028807364
2011-01-13,0.019768073,0.021673007,0.024820851,0.028853244,0.028911683
2011-01-14,0.01956569,0.021363738,0.024617234,0.028921239,0.028970377
2011-01-18,0.019772224,0.021896899,0.025155581,0.029340777,0.029075074
2011-01-19,0.019669394,0.021798929,0.024934893,0.028983986,0.02904328
2011-01-20,0.019267278,0.021291661,0.02355346,0.028289399,0.028486379
2011-01-21,0.01946975,0.021174561,0.023442525,0.028040112,0.028376615
2011-01-24,0.01956617,0.021170455,0.023545096,0.027755172,0.027971406
2011-01-25,0.019664042,0.021369045,0.023415141,0.027289538,0.027544517
2011-01-26,0.019877638,0.021688574,0.023979969,0.027772646,0.028046016
2011-01-27,0.019272373,0.021404692,0.023670886,0.027485763,0.027797962
2011-01-28,0.019576209,0.021382382,0.023781697,0.027366214,0.027727225
2011-01-31,0.019879793,0.021806572,0.024547651,0.027993156,0.027860736
2011-02-01,0.020394545,0.022534248,0.024834743,0.028177236,0.028193085
2011-02-02,0.020387297,0.02220564,0.024713408,0.02825008,0.028139258
2011-02-03,0.02028822,0.021998155,0.024600049,0.028081829,0.028080221
2011-02-04,0.020184172,0.021798641,0.024958626,0.028330597,0.028123818
2011-02-07,0.020083869,0.021690519,0.024725854,0.028302788,0.027904918
2011-02-08,0.019772961,0.021475059,0.024719644,0.028382964,0.027809194
2011-02-09,0.019674422,0.021260818,0.024140613,0.028167294,0.027796172
2011-02-10,0.019468749,0.021153161,0.024148339,0.02815009,0.027259229
2011-02-11,0.019054528,0.020514182,0.02381837,0.027956422,0.027447603
2011-02-14,0.018845679,0.020303654,0.023814272,0.027891965,0.027210338
2011-02-15,0.019360721,0.020819371,0.023790539,0.027780905,0.027228711
2011-02-16,0.019662625,0.020810393,0.023456236,0.027458816,0.026896202
2011-02-17,0.019975099,0.021234625,0.023669454,0.027861228,0.027044473
2011-02-18,0.020692699,0.021746419,0.024408188,0.028554565,0.027990117
2011-02-22,0.021191997,0.02214924,0.024379512,0.028461328,0.027785999
2011-02-23,0.022319447,0.022965457,0.024866581,0.028306233,0.027803522
2011-02-24,0.022319019,0.023067921,0.025066407,0.028345487,0.027859105
2011-02-25,0.02201204,0.022860605,0.024955557,0.028365101,0.027873913
2011-02-28,0.021810788,0.022770444,0.024881307,0.028228509,0.027690264
2011-03-01,0.022021387,0.022983885,0.025094131,0.028441968,0.027769528
2011-03-02,0.022838195,0.023810692,0.025496151,0.029027693,0.028485635
2011-03-03,0.023038878,0.024218345,0.025895391,0.02955804,0.028895112
2011-03-04,0.0227405,0.023918859,0.02594067,0.029783339,0.029341178
2011-03-07,0.022942622,0.024124506,0.026149361,0.02997516,0.029490523
2011-03-08,0.023448376,0.024424073,0.026584405,0.030296018,0.029825496
2011-03-09,0.022834579,0.023698545,0.026054203,0.030008552,0.029521995
2011-03-10,0.022522381,0.023382469,0.025629161,0.029885904,0.029795809
2011-03-11,0.022018054,0.022982554,0.025455054,0.029754204,0.029239938
2011-03-14,0.021810613,0.022675489,0.02537258,0.029454737,0.029172959
2011-03-15,0.021905635,0.022660867,0.025025801,0.029063624,0.028727126
2011-03-16,0.021186246,0.021944494,0.024731899,0.02875726,0.028595105
2011-03-17,0.022104122,0.022550092,0.025345257,0.029414678,0.029131376
2011-03-18,0.022109819,0.022552148,0.025331616,0.029370247,0.029048156
2011-03-21,0.022311223,0.022859483,0.025412943,0.029281684,0.028792222
2011-03-22,0.022208519,0.022435665,0.024870293,0.028829342,0.028470644
2011-03-23,0.021903279,0.022348484,0.024781948,0.028578513,0.0280397
2011-03-24,0.022518655,0.023276313,0.025711422,0.029270834,0.028303026
2011-03-25,0.022203322,0.022955931,0.0253852,0.029169123,0.028471807
2011-03-28,0.022099389,0.02295147,0.025586775,0.029119726,0.028438934
2011-03-29,0.022308123,0.023264185,0.025690117,0.029359715,0.028536959
2011-03-30,0.022200166,0.022948747,0.025711847,0.02936695,0.028546866
2011-03-31,0.02241059,0.023155958,0.025784046,0.029438276,0.028578752
2011-04-01,0.022818738,0.023665631,0.026181067,0.029691226,0.0286686
2011-04-04,0.023227489,0.023988071,0.026417763,0.029961886,0.028973038
2011-04-05,0.023527663,0.024176039,0.026595293,0.030098604,0.02908509
2011-04-06,0.023736224,0.024493293,0.026713668,0.030139717,0.028975197
2011-04-07,0.023641955,0.024411445,0.026980392,0.030566438,0.029436962
2011-04-08,0.024150439,0.024921423,0.027484039,0.030953366,0.029981022
2011-04-11,0.02414282,0.024914864,0.027381189,0.031105631,0.030120569
2011-04-12,0.023535459,0.024297244,0.027312333,0.031009125,0.030215282
2011-04-13,0.023331917,0.024193568,0.02720826,0.031007811,0.029890902
2011-04-14,0.022819875,0.023677147,0.027328997,0.030895383,0.029764733
2011-04-15,0.022621089,0.023686069,0.027212734,0.030941406,0.02998284
2011-04-18,0.02221201,0.023286347,0.027132303,0.030628337,0.029850089
2011-04-19,0.022723444,0.023694311,0.02743184,0.030799998,0.029899025
2011-04-20,0.023034996,0.023896364,0.027204253,0.030478927,0.02970107
2011-04-21,0.023238152,0.02357798,0.027000647,0.030503465,0.029317111
2011-04-25,0.023338112,0.023581012,0.027105038,0.030533596,0.0295273
2011-04-26,0.023540308,0.023370552,0.026887893,0.029898437,0.028720992
2011-04-27,0.024054507,0.024107854,0.026903601,0.029732463,0.028981954
2011-04-28,0.024464855,0.02483931,0.02667306,0.029572816,0.029057427
2011-04-29,0.02487039,0.025355852,0.026772947,0.029337853,0.029133416
2011-05-02,0.02476878,0.025564672,0.026656426,0.029096194,0.028973916
2011-05-03,0.02456165,0.025038616,0.02654039,0.029219631,0.029013476
2011-05-04,0.024457773,0.02492649,0.026533817,0.029205028,0.028999138
2011-05-05,0.023124071,0.022853302,0.025827211,0.028644498,0.028233462
2011-05-06,0.022819622,0.022758427,0.025849436,0.028816442,0.028262412
2011-05-09,0.023222757,0.023999357,0.025831057,0.028682428,0.028669761
2011-05-10,0.023429492,0.024085772,0.025928287,0.028637005,0.028776429
2011-05-11,0.022309512,0.022655007,0.025330913,0.028462728,0.028329075
2011-05-12,0.02231058,0.023074715,0.025327336,0.028332565,0.028869887
2011-05-13,0.021797079,0.02245379,0.024904686,0.027975105,0.028188076
2011-05-16,0.021494019,0.02235407,0.024375524,0.027188268,0.027653996
2011-05-17,0.021079721,0.022355807,0.023948386,0.02637538,0.027096614
2011-05-18,0.021692127,0.022450432,0.024580036,0.027243508,0.027724914
2011-05-19,0.021292012,0.022050084,0.023523789,0.026580823,0.027568876
2011-05-20,0.020981061,0.02215694,0.023961669,0.026700708,0.027334482
2011-05-23,0.020568972,0.021428448,0.023876426,0.026669341,0.02703981
2011-05-24,0.020974661,0.022147753,0.024270532,0.026982613,0.027350412
2011-05-25,0.021080969,0.02183967,0.024289419,0.027226606,0.027282275
2011-05-26,0.020881411,0.022261322,0.024082504,0.026583853,0.027337018
2011-05-27,0.020573551,0.021543697,0.023790111,0.026625301,0.027243264
2011-05-31,0.020271634,0.021341248,0.023478678,0.026309617,0.027098343
2011-06-01,0.020160349,0.021125784,0.023148391,0.025882148,0.026962139
2011-06-02,0.020470871,0.021853505,0.0235868,0.026047511,0.027737609
2011-06-03,0.020571782,0.021843883,0.023373817,0.02585241,0.027611628
2011-06-06,0.020569979,0.022059149,0.023491265,0.025526603,0.027891892
2011-06-07,0.02068143,0.021852634,0.023498908,0.02603528,0.027992711
2011-06-08,0.020368252,0.021864296,0.023203498,0.024929724,0.027507045
2011-06-09,0.02057259,0.022167784,0.02305722,0.024559209,0.027507004
2011-06-10,0.0201667,0.021447991,0.022968398,0.025229864,0.026941318
2011-06-13,0.020171946,0.021760934,0.022959087,0.024906563,0.027165221
2011-06-14,0.02068497,0.022180116,0.023813161,0.026242559,0.027674148
2011-06-15,0.02017102,0.021349216,0.023413505,0.026163569,0.02701842
2011-06-16,0.019758006,0.021030287,0.022974768,0.025524049,0.026728032
2011-06-17,0.019249602,0.020210149,0.022890919,0.025919701,0.026495832
2011-06-20,0.019149903,0.0202157,0.02279965,0.025649608,0.026458752
2011-06-21,0.019351854,0.020630208,0.023113231,0.025982667,0.026886347
2011-06-22,0.019254204,0.020434489,0.022913644,0.025637423,0.026683779
2011-06-23,0.018332779,0.019917553,0.023258462,0.026839978,0.027821303
2011-06-24,0.01812212,0.019920936,0.023478648,0.027392005,0.028542638
2011-06-27,0.018217939,0.020431078,0.023907385,0.028181579,0.029078615
2011-06-28,0.019036783,0.021252947,0.024284612,0.028165861,0.029263016
2011-06-29,0.020277065,0.022610893,0.025109231,0.028646282,0.0295863
2011-06-30,0.020597061,0.022720795,0.025415557,0.028849899,0.029443264
2011-07-01,0.020795119,0.022822716,0.025627155,0.029139619,0.029292773
2011-07-05,0.020593649,0.022830335,0.025010353,0.028390313,0.02955008
2011-07-06,0.02058918,0.022407141,0.024909928,0.028488446,0.029373793
2011-07-07,0.021299301,0.023222459,0.025292093,0.028504611,0.029491487
2011-07-08,0.02037969,0.022192035,0.024476549,0.028050449,0.029174331
2011-07-11,0.020372402,0.022076643,0.024148222,0.027627249,0.029348834
2011-07-12,0.02036984,0.022074137,0.024250324,0.027868106,0.029632636
2011-07-13,0.020162444,0.02186872,0.02437973,0.028050434,0.029763324
2011-07-14,0.020065496,0.021565107,0.024075043,0.028029471,0.02994265
2011-07-15,0.020060905,0.021564199,0.024398296,0.028567325,0.030263699
2011-07-18,0.020263043,0.02217858,0.024714889,0.028739939,0.030700063
2011-07-19,0.020461839,0.022066702,0.024790033,0.028534959,0.030172659
2011-07-20,0.02036471,0.022181032,0.024484216,0.028151459,0.030193247
2011-07-21,0.020681454,0.022393658,0.02458811,0.028731448,0.030392604
2011-07-22,0.020574055,0.02218442,0.024902601,0.028768253,0.030036288
2011-07-25,0.020878619,0.022597987,0.025652803,0.029445003,0.030472188
2011-07-26,0.020365757,0.022287949,0.025336893,0.02937261,0.030433133
2011-07-27,0.021280018,0.023406724,0.025613225,0.028980776,0.030836435
2011-07-28,0.021385047,0.023617907,0.025712008,0.029312165,0.030837795
2011-07-29,0.020967086,0.023300927,0.025496317,0.029095966,0.03105546
2011-08-01,0.020957979,0.023183847,0.025472565,0.029063743,0.031007839
2011-08-02,0.020139974,0.022446481,0.024726743,0.028199674,0.030174296
2011-08-03,0.018920305,0.020900668,0.023774217,0.027735425,0.0293277
2011-08-04,0.018100629,0.02015869,0.023217316,0.027308758,0.028558405
2011-08-05,0.018419692,0.020794396,0.023536235,0.027473213,0.028874753
2011-08-08,0.017589773,0.020140782,0.022852078,0.026726559,0.02874922
2011-08-09,0.017682686,0.020112059,0.022831025,0.026924738,0.029216431
2011-08-10,0.019711174,0.023051845,0.023832323,0.026020043,0.030652192
2011-08-11,0.018809949,0.021675944,0.023697792,0.026552278,0.031758399
2011-08-12,0.018594537,0.021143201,0.023455711,0.027987215,0.031367906
2011-08-15,0.018195208,0.020841804,0.023166949,0.028095906,0.031023928
2011-08-16,0.017577058,0.02011136,0.022635385,0.027917893,0.030341005
2011-08-17,0.017471223,0.020088935,0.022408546,0.027689163,0.029904151
2011-08-18,0.016348211,0.018446617,0.020604586,0.025745551,0.027660766
2011-08-19,0.017160758,0.019157727,0.02121173,0.025832697,0.027699046
2011-08-22,0.017465704,0.019465784,0.0214128,0.026055014,0.027933845
2011-08-23,0.016758881,0.018861231,0.020925954,0.025775694,0.027624064
2011-08-24,0.016667337,0.01898681,0.021177212,0.026215727,0.027695939
2011-08-25,0.016968815,0.01959776,0.021784208,0.026566858,0.028296845
2011-08-26,0.016560564,0.018983865,0.021168512,0.026086487,0.027828834
2011-08-29,0.016873123,0.019411545,0.021403833,0.026356378,0.028126643
2011-08-30,0.016864532,0.019188894,0.021270393,0.026060198,0.027677511
2011-08-31,0.017377257,0.019610351,0.021280651,0.026144027,0.02764752
2011-09-01,0.017372347,0.019696431,0.021569263,0.026289243,0.027776736
2011-09-02,0.017363305,0.019155384,0.020876245,0.02532864,0.026851826
2011-09-06,0.016448776,0.018332493,0.019920842,0.024200037,0.025699049
2011-09-07,0.016858392,0.018651549,0.020255868,0.024607097,0.026006521
2011-09-08,0.017468476,0.019757697,0.020654471,0.025035547,0.026179444
2011-09-09,0.016654589,0.018628856,0.020234415,0.024592584,0.025844611
2011-09-12,0.016448358,0.01842137,0.020001312,0.024206014,0.025456611
2011-09-13,0.016248617,0.018231414,0.019926411,0.024279674,0.025420089
2011-09-14,0.01595136,0.018136414,0.019728506,0.023922235,0.025308133
2011-09-15,0.017475664,0.019783825,0.020251271,0.024228556,0.025459323
2011-09-16,0.017074629,0.019276903,0.020152518,0.023873953,0.025312587
2011-09-19,0.016256175,0.018546192,0.019411468,0.022958196,0.024239088
2011-09-20,0.016860626,0.019150453,0.019706982,0.023375695,0.024289057
2011-09-21,0.016752903,0.018608747,0.019138962,0.021960507,0.022608005
2011-09-22,0.01502278,0.016954521,0.017555145,0.020622969,0.020784228
2011-09-23,0.014924224,0.017074587,0.017881606,0.020853371,0.020902534
2011-09-26,0.014926457,0.017390609,0.01841515,0.021230134,0.021036947
2011-09-27,0.015847397,0.018522926,0.019361267,0.02232255,0.021994592
2011-09-28,0.015843114,0.017817857,0.019274284,0.022420901,0.022315897
2011-09-29,0.015537939,0.017503349,0.018739262,0.021830659,0.021695921
2011-09-30,0.015132995,0.016777294,0.017995257,0.02075362,0.020184049
2011-10-03,0.014923628,0.01665923,0.017762755,0.020595213,0.020420691
2011-10-04,0.015024805,0.016761294,0.018063806,0.021121264,0.020812747
2011-10-05,0.015136075,0.017287967,0.018499696,0.021352458,0.021188169
2011-10-06,0.015944594,0.018116167,0.019344676,0.0220012,0.02184345
2011-10-07,0.016460137,0.018739564,0.019973933,0.022391227,0.022219789
2011-10-11,0.016666447,0.018952151,0.02009224,0.022642388,0.022466797
2011-10-12,0.016877719,0.019169338,0.02042727,0.022901435,0.02275161
2011-10-13,0.016264703,0.018655375,0.019807468,0.022499522,0.022337151
2011-10-14,0.01677703,0.019285152,0.020463246,0.022831116,0.022671839
2011-10-17,0.016771179,0.019067791,0.02002035,0.022366066,0.022204856
2011-10-18,0.017377683,0.019478441,0.020342561,0.02295461,0.022939257
2011-10-19,0.017273166,0.019274461,0.020141686,0.02287169,0.023123012
2011-10-20,0.017376886,0.01938081,0.020455353,0.023412894,0.023911041
2011-10-21,0.017577555,0.01969404,0.020673684,0.023592796,0.023997303
2011-10-24,0.017786296,0.020110396,0.020873127,0.024014589,0.024270388
2011-10-25,0.017784202,0.02009228,0.020852943,0.023711524,0.024207509
2011-10-26,0.018500071,0.020813576,0.021484314,0.024368047,0.024993748
2011-10-27,0.019628412,0.022074351,0.022576102,0.025452928,0.025970756
2011-10-28,0.019521595,0.021649149,0.022260349,0.025089883,0.02548143
2011-10-31,0.01900035,0.020916114,0.021614165,0.02446501,0.025082507
2011-11-01,0.018382162,0.019967027,0.021153143,0.02396276,0.024541719
2011-11-02,0.01929212,0.020889915,0.021692975,0.024322289,0.024959514
2011-11-03,0.019294418,0.02089863,0.021614849,0.024472308,0.025078652
2011-11-04,0.019498389,0.021100754,0.021923402,0.024924069,0.025560607
2011-11-07,0.019591401,0.021197478,0.022115248,0.024874157,0.025629663
2011-11-08,0.01909156,0.020701651,0.022023426,0.024823046,0.025734959
2011-11-09,0.0188794,0.020271273,0.021063586,0.023727913,0.024766031
2011-11-10,0.018985956,0.020282741,0.021484703,0.024355857,0.025586798
2011-11-14,0.018580949,0.019974909,0.021167038,0.023771143,0.025235666
2011-11-15,0.017767633,0.019361327,0.020859668,0.023440813,0.024761163
2011-11-16,0.016952555,0.018736451,0.020224963,0.023013503,0.024353609
2011-11-17,0.016035686,0.01801312,0.019585645,0.022114329,0.023560923
2011-11-18,0.01654749,0.018631174,0.020196184,0.022364386,0.023531564
2011-11-21,0.01604099,0.018118382,0.019567823,0.021737528,0.02304124
2011-11-22,0.016140327,0.01801114,0.01945678,0.021483484,0.022781305
2011-11-23,0.016239036,0.018100813,0.019543772,0.021297963,0.022646813
2011-11-25,0.016545399,0.018423667,0.019769444,0.021777592,0.023168301
2011-11-28,0.016750872,0.018631386,0.020088798,0.022221518,0.023726949
2011-11-29,0.017160287,0.019249676,0.020500904,0.022652689,0.024048606
2011-11-30,0.017777452,0.019774608,0.021156073,0.023338696,0.024370165
2011-12-01,0.017774944,0.019782599,0.021169167,0.023617757,0.024799904
2011-12-02,0.01777239,0.019770869,0.021159771,0.02322589,0.024484018
2011-12-05,0.017869725,0.019768269,0.021147621,0.023326674,0.024467579
2011-12-06,0.018485174,0.021095873,0.021366447,0.022750637,0.025137773
2011-12-07,0.01726347,0.019463438,0.020952839,0.022962916,0.02424587
2011-12-08,0.016652578,0.018739805,0.020443736,0.022192331,0.023470566
2011-12-09,0.016559352,0.019160324,0.020882714,0.022013861,0.023939463
2011-12-12,0.016551676,0.019154331,0.021072228,0.022768116,0.024439345
2011-12-13,0.016647825,0.018938552,0.020731106,0.022849784,0.024530945
2011-12-14,0.016137471,0.018316206,0.020189293,0.02203962,0.023827911
2011-12-15,0.01623723,0.018214283,0.019880924,0.021952453,0.023392872
2011-12-16,0.015931331,0.017898578,0.019666257,0.021509056,0.023168388
2011-12-19,0.016537427,0.018194883,0.019947723,0.021870139,0.022918359
2011-12-20,0.01735287,0.019229787,0.021014456,0.022884917,0.024447248
2011-12-21,0.017152177,0.019440715,0.021119926,0.022941056,0.024893081
2011-12-22,0.016543149,0.018924072,0.02101204,0.023044801,0.024386507
2011-12-23,0.016955236,0.019436032,0.021327097,0.022937372,0.02476055
2011-12-27,0.016647215,0.0191326,0.021012802,0.02294583,0.024415722
2011-12-28,0.016439936,0.018610045,0.020576075,0.022328395,0.023661269
2011-12-29,0.01623361,0.018302075,0.020170786,0.021807755,0.023134461
2011-12-30,0.016033652,0.018207168,0.020183792,0.021826525,0.023031684
2012-01-03,0.016744592,0.018723403,0.020720074,0.022711172,0.023669534
2012-01-04,0.017257841,0.019441685,0.021455149,0.023280331,0.024511266
2012-01-05,0.017556518,0.019751157,0.021884686,0.02394903,0.025184173
2012-01-06,0.01725484,0.019434719,0.021560365,0.023726858,0.025069809
2012-01-09,0.017453007,0.019542258,0.021773965,0.023940941,0.025167687
2012-01-10,0.017154859,0.019245613,0.021473536,0.023634641,0.025129182
2012-01-11,0.016842117,0.01882627,0.020943114,0.022851077,0.024672587
2012-01-12,0.017053728,0.019033499,0.021037865,0.023062178,0.024394135
2012-01-13,0.017043646,0.018923664,0.020924087,0.022819089,0.024024166
2012-01-17,0.017151183,0.019123952,0.021018902,0.022920447,0.024121918
2012-01-18,0.017450804,0.019333413,0.021345062,0.023173663,0.024532419
2012-01-19,0.01765936,0.019462672,0.020753292,0.023226021,0.025178789
2012-01-20,0.017765624,0.019769797,0.021067636,0.023457111,0.025273359
2012-01-23,0.017872172,0.020083666,0.021386075,0.023257693,0.025476465
2012-01-24,0.018279798,0.02028322,0.021595775,0.023701686,0.02568111
2012-01-25,0.018476117,0.020583385,0.022019856,0.024315006,0.0262282
2012-01-26,0.018772121,0.020579212,0.021914416,0.024117404,0.026167263
2012-01-27,0.01897148,0.0205711,0.021804175,0.023998398,0.025922499
2012-01-30,0.01886627,0.020457309,0.021777232,0.023940538,0.025465663
2012-01-31,0.01896462,0.020452193,0.021762993,0.023911522,0.025655927
2012-02-01,0.01906694,0.02086317,0.022190041,0.024075804,0.026098661
2012-02-02,0.019063792,0.02075695,0.022293154,0.024088424,0.026258851
2012-02-03,0.018974043,0.02108029,0.022529814,0.023466982,0.026505884
2012-02-06,0.019272774,0.021179296,0.022617778,0.02410033,0.026528542
2012-02-07,0.019684965,0.021598519,0.022836945,0.024200703,0.026735298
2012-02-08,0.019274223,0.021090653,0.022942915,0.024515232,0.026934801
2012-02-09,0.019279373,0.021091669,0.02283553,0.024683155,0.027156763
2012-02-10,0.018967204,0.020568559,0.022705818,0.024858708,0.026801161
2012-02-13,0.01988053,0.021686275,0.022810026,0.024089959,0.027203445
2012-02-14,0.019367068,0.020855093,0.022574877,0.024604926,0.026878497
2012-02-15,0.019163971,0.020456791,0.022582222,0.024972268,0.027057404
2012-02-16,0.019477213,0.020970211,0.022996504,0.024953128,0.026206038
2012-02-17,0.019480086,0.020875725,0.02310387,0.02539496,0.026183688
2012-02-21,0.019987542,0.021190222,0.023417755,0.025832333,0.026514817
2012-02-22,0.020084785,0.021080129,0.023523906,0.025693681,0.02636659
2012-02-23,0.020586511,0.021383264,0.023614154,0.02567937,0.026229363
2012-02-24,0.020487667,0.021281326,0.023393481,0.02542259,0.025819233
2012-02-27,0.020380444,0.02107239,0.023077662,0.025089115,0.025707541
2012-02-28,0.020077159,0.020968187,0.023188153,0.025224423,0.025880414
2012-02-29,0.020080715,0.020869328,0.02330169,0.025180053,0.025812287
2012-03-01,0.020087408,0.02118739,0.023321099,0.025231047,0.025868676
2012-03-02,0.019677935,0.020568473,0.023018956,0.024899095,0.025255217
2012-03-05,0.019571963,0.020363709,0.022699971,0.024371518,0.024873811
2012-03-06,0.019364788,0.020155604,0.02239295,0.023920425,0.024769065
2012-03-07,0.01997567,0.020666533,0.022704435,0.024167103,0.025292405
2012-03-08,0.020280011,0.02107783,0.023129106,0.024733717,0.025754234
2012-03-09,0.020889584,0.021791797,0.023537886,0.024943539,0.02620649
2012-03-12,0.020787746,0.021481823,0.02352988,0.025232606,0.026107926
2012-03-13,0.021505761,0.022411032,0.024175047,0.025660616,0.026643533
2012-03-14,0.021720862,0.022736403,0.024386888,0.026386322,0.027445944
2012-03-15,0.021521981,0.022639289,0.024512344,0.026793099,0.027658177
2012-03-16,0.021424661,0.022643927,0.024817465,0.026972151,0.027847998
2012-03-19,0.021530109,0.022756698,0.025041689,0.027082206,0.02813493
2012-03-20,0.021731424,0.023055142,0.025018476,0.026939246,0.02783072
2012-03-21,0.021320248,0.022639946,0.024702215,0.026583745,0.027183073
2012-03-22,0.02081378,0.022332416,0.024494951,0.026390807,0.027019777
2012-03-23,0.020607325,0.022122508,0.024377418,0.026345389,0.026816375
2012-03-26,0.020403751,0.021718128,0.024189611,0.025826087,0.026326803
2012-03-27,0.020301505,0.021509383,0.024078125,0.025849404,0.026338567
2012-03-28,0.020503352,0.021714098,0.023976465,0.025876756,0.026639952
2012-03-29,0.020095786,0.021403475,0.023870256,0.025639544,0.026397529
2012-03-30,0.020405119,0.021819894,0.02399305,0.025816857,0.026737408
2012-04-02,0.020606903,0.021924248,0.024403294,0.026368836,0.027173467
2012-04-03,0.020610712,0.022029053,0.02441435,0.026459973,0.027246443
2012-04-04,0.019792269,0.021204765,0.023794525,0.025940765,0.026868892
2012-04-05,0.019683191,0.020891175,0.023472061,0.025506065,0.026537558
2012-04-06,0.018657707,0.01994972,0.023047983,0.025294202,0.026093636
2012-04-09,0.018556296,0.019742362,0.023033278,0.025032681,0.025950353
2012-04-10,0.018863279,0.020247458,0.023234949,0.025021422,0.026043335
2012-04-11,0.01967465,0.021071146,0.023758695,0.025470828,0.026502804
2012-04-12,0.019274799,0.02077416,0.02376715,0.025612391,0.026570489
2012-04-13,0.019273381,0.020665207,0.023440959,0.025023285,0.02619847
2012-04-16,0.019068401,0.020451451,0.02332892,0.025018974,0.026190264
2012-04-17,0.019275112,0.020661903,0.023643408,0.025671406,0.026585748
2012-04-18,0.018867314,0.020254434,0.023322293,0.025362558,0.026420548
2012-04-19,0.019272143,0.021063628,0.022606451,0.023197477,0.026160749
2012-04-20,0.019776061,0.02147365,0.023017629,0.024603937,0.026233938
2012-04-23,0.019673298,0.021363467,0.022916034,0.023482553,0.026157697
2012-04-24,0.020285266,0.021779961,0.023239664,0.024254785,0.026355003
2012-04-25,0.020390003,0.021889699,0.023245135,0.024076712,0.026724074
2012-04-26,0.020590833,0.022090134,0.023442082,0.024633119,0.026799894
2012-04-27,0.020791614,0.022186849,0.023335999,0.024754889,0.026562874
2012-04-30,0.020788206,0.022084994,0.023229966,0.024325802,0.026367155
2012-05-01,0.020789856,0.022088421,0.02334233,0.024349157,0.026557342
2012-05-02,0.020584113,0.021879959,0.023133079,0.023859214,0.026137504
2012-05-03,0.020279265,0.021874755,0.023022579,0.022877504,0.026148197
2012-05-04,0.019462309,0.020449386,0.022803217,0.023872936,0.025702078
2012-05-07,0.019564412,0.02095444,0.022604996,0.022760561,0.02588861
2012-05-08,0.01966265,0.021049842,0.022285505,0.021981864,0.025798418
2012-05-09,0.019561832,0.021047108,0.022072902,0.021550734,0.025378212
2012-05-10,0.019766259,0.021154291,0.022074005,0.021365382,0.025905916
2012-05-11,0.019255118,0.020437376,0.021850405,0.022150874,0.025354858
2012-05-14,0.019247264,0.020520604,0.02172101,0.021675607,0.025049549
2012-05-15,0.019347855,0.020413529,0.021807339,0.022076896,0.024814834
2012-05-16,0.019041612,0.020300952,0.021494344,0.021633604,0.024517041
2012-05-17,0.018832175,0.019986632,0.021052039,0.020913042,0.024188732
2012-05-18,0.01862979,0.020075099,0.021561899,0.021545944,0.024328839
2012-05-21,0.018737604,0.019987353,0.022194371,0.022579628,0.024503963
2012-05-22,0.018839644,0.020292975,0.022316483,0.022646239,0.024996579
2012-05-23,0.018129963,0.019669972,0.021985399,0.022629994,0.024611441
2012-05-24,0.018033246,0.019875976,0.02198957,0.022650265,0.024649423
2012-05-25,0.017925068,0.019469567,0.02188306,0.022882555,0.024560098
2012-05-29,0.017723478,0.019362796,0.021669866,0.022787158,0.024347487
2012-05-30,0.017211527,0.018635021,0.021333484,0.022521186,0.023670717
2012-05-31,0.017308517,0.018736199,0.021422015,0.022822659,0.023737024
2012-06-01,0.016594852,0.01799925,0.021060931,0.023084207,0.023763741
2012-06-04,0.017008436,0.018519556,0.02137293,0.023368413,0.023925667
2012-06-05,0.017213567,0.019034582,0.021802415,0.023959622,0.024672588
2012-06-06,0.01742133,0.019249741,0.022140606,0.024313982,0.024902632
2012-06-07,0.017822216,0.019455772,0.022051774,0.023921171,0.024409
2012-06-08,0.018022137,0.01955182,0.022049551,0.023963831,0.024478045
2012-06-11,0.018019256,0.01934599,0.02182843,0.023614279,0.023997069
2012-06-12,0.018223674,0.019655186,0.022044492,0.023929459,0.024302637
2012-06-13,0.018115241,0.019341773,0.021724645,0.023580896,0.024055228
2012-06-14,0.018019289,0.019348366,0.021626049,0.023481371,0.0239594
2012-06-15,0.018725392,0.01996295,0.021939751,0.023704216,0.024176086
2012-06-18,0.018624651,0.019856248,0.021826107,0.023452567,0.023892041
2012-06-19,0.018827527,0.020166137,0.022254785,0.02391147,0.024392323
2012-06-20,0.018929455,0.020167503,0.022141337,0.023871324,0.024300767
2012-06-21,0.017813693,0.019243962,0.021514559,0.023201043,0.023620309
2012-06-22,0.017517729,0.019150297,0.021633825,0.023445251,0.02387718
2012-06-25,0.017107466,0.018937846,0.021511066,0.023432547,0.023858888
2012-06-26,0.01711045,0.018832843,0.021617543,0.023738651,0.023920085
2012-06-27,0.016905408,0.018626628,0.021517452,0.023636617,0.024187044
2012-06-28,0.0164976,0.018415366,0.02129668,0.023444557,0.023898295
2012-06-29,0.017306774,0.019040858,0.021841745,0.023914714,0.024119281
2012-07-02,0.017203773,0.018727222,0.021628989,0.023572302,0.023906314
2012-07-03,0.017815331,0.019247976,0.021853476,0.02380682,0.024234394
2012-07-05,0.018119104,0.019344321,0.021847903,0.024025519,0.024338648
2012-07-06,0.017713071,0.019032897,0.021526482,0.023574328,0.023874757
2012-07-09,0.017810987,0.018928367,0.021508562,0.023667218,0.023966684
2012-07-10,0.018013101,0.019228231,0.021712665,0.023639055,0.024051438
2012-07-11,0.018013753,0.019133882,0.021614151,0.023415347,0.023937531
2012-07-12,0.017714791,0.019026308,0.021285057,0.023313479,0.023861209
2012-07-13,0.017917823,0.01923573,0.021603037,0.023623084,0.02403782
2012-07-16,0.017917148,0.019340596,0.021607027,0.023517265,0.023925523
2012-07-17,0.017917,0.019342798,0.021718222,0.023732951,0.023895351
2012-07-18,0.018021728,0.019345908,0.021726547,0.023646369,0.023942236
2012-07-19,0.018327489,0.019850613,0.022139614,0.024070839,0.024122319
2012-07-20,0.017816973,0.01953563,0.022112671,0.024048081,0.024239242
2012-07-23,0.017612599,0.01933049,0.022005624,0.023921214,0.023970259
2012-07-24,0.017105166,0.018814688,0.021677403,0.023666208,0.023464861
2012-07-25,0.016903895,0.018711986,0.021469927,0.023553619,0.023327034
2012-07-26,0.017209403,0.019016311,0.021572459,0.023677775,0.023479858
2012-07-27,0.018023797,0.019850332,0.022437734,0.02436442,0.024176561
2012-07-30,0.017921393,0.019643305,0.022225902,0.024248391,0.024170086
2012-07-31,0.018426405,0.020151098,0.022529086,0.02455701,0.024344292
2012-08-01,0.018632981,0.02046285,0.022845981,0.024767588,0.024562107
2012-08-02,0.018424464,0.020047643,0.022523247,0.024540311,0.024441831
2012-08-03,0.018839771,0.020772221,0.02315881,0.025107451,0.024908167
2012-08-06,0.019039327,0.020872401,0.023266427,0.025126742,0.025063444
2012-08-07,0.019651661,0.021492428,0.023686551,0.025665363,0.025477493
2012-08-08,0.019343721,0.021186878,0.023485569,0.025475621,0.025425126
2012-08-09,0.01934461,0.021090287,0.023284743,0.025303181,0.025648507
2012-08-10,0.019141558,0.020781846,0.023073025,0.025077562,0.025155551
2012-08-13,0.019143395,0.020884315,0.022869543,0.024864505,0.025053541
2012-08-14,0.019251145,0.020996877,0.023202743,0.02510055,0.025299424
2012-08-15,0.019057531,0.021004895,0.023116016,0.025026857,0.025230649
2012-08-16,0.019157751,0.021114698,0.023121509,0.025087242,0.025587818
2012-08-17,0.018752217,0.020905651,0.023008208,0.024956674,0.025189235
2012-08-20,0.018546882,0.020704426,0.023122746,0.024947486,0.025180282
2012-08-21,0.018744846,0.020800199,0.023109946,0.024918097,0.02511957
2012-08-22,0.018947651,0.020994186,0.023203517,0.024921511,0.025139811
2012-08-23,0.019753979,0.021400197,0.023604705,0.025229037,0.025331049
2012-08-24,0.019548653,0.021295746,0.023392248,0.025119466,0.025337624
2012-08-27,0.019848287,0.02149303,0.02349016,0.025218182,0.025434397
2012-08-28,0.019950251,0.021595096,0.023791065,0.025434962,0.025682361
2012-08-29,0.019647234,0.02139419,0.023598749,0.025336664,0.025585746
2012-08-30,0.0193398,0.021085277,0.023187565,0.024812093,0.025159356
2012-08-31,0.019645506,0.021189224,0.023095996,0.02457954,0.024911087
2012-09-04,0.019847991,0.021294024,0.023298903,0.024673135,0.025122251
2012-09-05,0.019946572,0.021495779,0.02350568,0.024991532,0.025192618
2012-09-06,0.020256169,0.022116121,0.023733483,0.025363188,0.025609095
2012-09-07,0.020458763,0.022416195,0.024158211,0.025826521,0.026075997
2012-09-10,0.020966631,0.022728016,0.024267102,0.026060413,0.026460659
2012-09-11,0.021273366,0.023040714,0.024481196,0.026051348,0.026566456
2012-09-12,0.021380897,0.023259858,0.024517249,0.026090748,0.026498053
2012-09-13,0.022490054,0.02397777,0.025464769,0.027041901,0.027866471
2012-09-14,0.024122175,0.025838234,0.02726627,0.028816615,0.029542468
2012-09-17,0.023314229,0.024810317,0.026710851,0.028091207,0.028732585
2012-09-18,0.022498188,0.024184833,0.026283308,0.027761006,0.028279786
2012-09-19,0.022087005,0.023872527,0.026150419,0.027748915,0.028152052
2012-09-20,0.022289188,0.024074264,0.02576476,0.027286202,0.027534844
2012-09-21,0.021978945,0.023457154,0.02554836,0.027202658,0.027443784
2012-09-24,0.021672747,0.023144462,0.025422047,0.026851606,0.026850937
2012-09-25,0.021666701,0.023131148,0.025108028,0.026507277,0.026759458
2012-09-26,0.021054823,0.022605472,0.024770266,0.026260474,0.026390891
2012-09-27,0.021262021,0.022816279,0.025082056,0.026409574,0.026684757
2012-09-28,0.021265874,0.022922388,0.02488945,0.026197197,0.026350806
2012-10-01,0.021261891,0.022922264,0.024879246,0.026192377,0.02634559
2012-10-02,0.021365687,0.022824393,0.025384974,0.026733274,0.026895718
2012-10-03,0.021972147,0.023332849,0.025407626,0.026962835,0.027244313
2012-10-04,0.022688365,0.024357679,0.026357631,0.027757366,0.028204179
2012-10-05,0.022990246,0.024476039,0.026471807,0.028122238,0.02858565
2012-10-09,0.02289158,0.024366113,0.026263441,0.027762534,0.028332719
2012-10-10,0.022478244,0.023951863,0.02594362,0.027186937,0.027741804
2012-10-11,0.022071895,0.023445531,0.025409314,0.026623219,0.027281771
2012-10-12,0.021669245,0.023036343,0.025389335,0.026471095,0.026834851
2012-10-15,0.022074353,0.023444326,0.025509883,0.026710285,0.026995411
2012-10-16,0.021981325,0.023555873,0.025318035,0.026629769,0.027039274
2012-10-17,0.022392868,0.023973212,0.025532351,0.027045264,0.027414407
2012-10-18,0.022397403,0.024179457,0.025952677,0.027507161,0.027921122
2012-10-19,0.022084757,0.023753935,0.025704925,0.027356893,0.027762603
2012-10-22,0.021984193,0.023960873,0.026017919,0.027529358,0.027799612
2012-10-23,0.021681138,0.023544206,0.02569769,0.027304323,0.027566913
2012-10-24,0.021477881,0.023346226,0.025606342,0.027327852,0.027591185
2012-10-25,0.021483175,0.023456522,0.025609991,0.027321755,0.027596113
2012-10-26,0.020967799,0.022829032,0.025375994,0.027124591,0.027415392
2012-10-29,0.021063285,0.023018901,0.025367828,0.02699001,0.027272158
2012-10-31,0.021365157,0.023225666,0.025671903,0.02720188,0.027482075
2012-11-01,0.021469159,0.023335123,0.025891087,0.02754936,0.027839312
2012-11-02,0.021372471,0.023232754,0.025489843,0.02726504,0.02769653
2012-11-05,0.020861147,0.022716761,0.025368475,0.027156615,0.027615253
2012-11-06,0.02137126,0.023135513,0.025691385,0.027239556,0.027674902
2012-11-07,0.020957798,0.022610659,0.025463888,0.027133533,0.027581307
2012-11-08,0.020852352,0.022495988,0.025327556,0.027116503,0.02770245
2012-11-09,0.02064999,0.022292919,0.025015348,0.026664377,0.027096163
2012-11-13,0.02054607,0.022192194,0.024911004,0.026539846,0.026853769
2012-11-14,0.020349683,0.021992612,0.024602654,0.026344741,0.026914319
2012-11-15,0.020148186,0.021888779,0.02439977,0.026023196,0.026809235
2012-11-16,0.020247747,0.021888198,0.02450556,0.026146114,0.026706363
2012-11-19,0.020451481,0.021999509,0.024516951,0.026153233,0.026718645
2012-11-20,0.020656066,0.022309993,0.024635002,0.026179882,0.026982268
2012-11-21,0.020658361,0.022212899,0.024645774,0.026044968,0.026817731
2012-11-23,0.020756923,0.022514612,0.024851787,0.026031152,0.026803107
2012-11-26,0.0205548,0.022205529,0.024530203,0.02571391,0.026701175
2012-11-27,0.020349995,0.021996581,0.024420896,0.025402544,0.026720139
2012-11-28,0.020042925,0.021789745,0.024419013,0.02521351,0.026700503
2012-11-29,0.020147668,0.021887715,0.024620377,0.025652077,0.026885479
2012-11-30,0.020249033,0.022194461,0.024731428,0.025696743,0.02744846
2012-12-03,0.020553931,0.022400834,0.025036661,0.026092357,0.027701802
2012-12-04,0.020552588,0.022297117,0.025129764,0.026283342,0.027634203
2012-12-05,0.020752833,0.02250148,0.025134004,0.026423194,0.027804236
2012-12-06,0.020749631,0.02249513,0.025235617,0.026407768,0.027893311
2012-12-07,0.021159925,0.0229111,0.025666063,0.026952144,0.028313607
2012-12-10,0.020656071,0.022403578,0.02564231,0.027376689,0.028301477
2012-12-11,0.020860724,0.022814141,0.025669624,0.026744754,0.0284436
2012-12-12,0.021371713,0.023245365,0.025812479,0.026887434,0.02872028
2012-12-13,0.021373334,0.023150168,0.025397809,0.026525025,0.028329775
2012-12-14,0.021279882,0.023146011,0.025278845,0.026502053,0.028189573
2012-12-17,0.021283287,0.02325211,0.025498628,0.026746034,0.028343695
2012-12-18,0.021587195,0.023566773,0.02582491,0.02686601,0.028595069
2012-12-19,0.021485075,0.023462199,0.02551074,0.026335644,0.028624089
2012-12-20,0.021789841,0.023668026,0.025707277,0.027087584,0.02881288
2012-12-21,0.021180038,0.022945404,0.025477848,0.02695314,0.028552046
2012-12-24,0.021487497,0.023454013,0.025493113,0.026186328,0.028680335
2012-12-26,0.02128101,0.023141177,0.025477424,0.026648102,0.028728556
2012-12-27,0.021273588,0.023034644,0.025385801,0.026180112,0.028204833
2012-12-28,0.020765857,0.022329767,0.025259756,0.026499714,0.027852621
2012-12-31,0.021077557,0.023045735,0.02520959,0.025793314,0.02817657
2013-01-02,0.021385645,0.023474012,0.025549753,0.026043584,0.028576998
2013-01-03,0.021291815,0.023381812,0.02535704,0.025872967,0.028594687
2013-01-04,0.021496581,0.023485277,0.025563297,0.026252247,0.028551641
2013-01-07,0.021799775,0.023686558,0.025966319,0.027240925,0.028967589
2013-01-08,0.021698911,0.023784539,0.025664037,0.026135984,0.02887017
2013-01-09,0.022004361,0.023994284,0.025973339,0.026482147,0.029134698
2013-01-10,0.022207556,0.023907829,0.026079916,0.027444025,0.028936498
2013-01-11,0.022001353,0.023897387,0.025973112,0.026882536,0.028818514
2013-01-14,0.02139027,0.023082078,0.026260707,0.02753028,0.028673552
2013-01-15,0.022198069,0.023993004,0.025977096,0.026442547,0.028703689
2013-01-16,0.021994363,0.023783496,0.025656638,0.026125992,0.028496775
2013-01-17,0.022099612,0.023995763,0.026064705,0.026892458,0.028717116
2013-01-18,0.022201178,0.023892307,0.026067345,0.026656622,0.028696954
2013-01-22,0.021692303,0.023280132,0.026150517,0.027305342,0.028552211
2013-01-23,0.022299878,0.024089155,0.025975493,0.026111559,0.028599682
2013-01-24,0.022411343,0.02399736,0.025779267,0.025787853,0.028740922
2013-01-25,0.02231183,0.023610047,0.026190317,0.027538506,0.029132505
2013-01-28,0.022616515,0.023912348,0.026296822,0.027522364,0.029121294
2013-01-29,0.022921865,0.024134003,0.026422516,0.027532491,0.029138527
2013-01-30,0.022825405,0.02393446,0.026533858,0.027880631,0.029143686
2013-01-31,0.023535445,0.024545467,0.02674539,0.02774226,0.029191351
2013-02-01,0.023641179,0.024563611,0.026759288,0.027893514,0.029119333
2013-02-04,0.023437011,0.024451932,0.026748758,0.027995419,0.029210827
2013-02-05,0.023435482,0.024351645,0.026758946,0.028112031,0.02934052
2013-02-06,0.023429392,0.024348317,0.026651746,0.027801648,0.029398954
2013-02-07,0.023127728,0.024138134,0.026544202,0.027911153,0.029276972
2013-02-08,0.022315259,0.023018121,0.026419856,0.028338127,0.028866365
2013-02-11,0.022820111,0.023827926,0.026524843,0.027882119,0.028865576
2013-02-12,0.022210001,0.023019729,0.026714836,0.028318646,0.028969467
2013-02-13,0.02282776,0.023736275,0.026719683,0.0285502,0.029175526
2013-02-14,0.022416489,0.02311903,0.026405194,0.027881235,0.028639147
2013-02-15,0.022108997,0.022814524,0.026198967,0.027776028,0.028419294
2013-02-19,0.022214794,0.023019375,0.026299854,0.028121851,0.028776562
2013-02-20,0.022113208,0.022812384,0.026207831,0.028014273,0.028662911
2013-02-21,0.022113276,0.022813302,0.026095361,0.02789923,0.028187489
2013-02-22,0.022209354,0.022811228,0.02619147,0.028001973,0.02828877
2013-02-25,0.022100192,0.022491343,0.025760263,0.027586318,0.028116548
2013-02-26,0.021998794,0.022488358,0.025758977,0.027694885,0.027877475
2013-02-27,0.021998912,0.022704252,0.025977922,0.02792443,0.028115706
2013-02-28,0.02200073,0.022696848,0.026071796,0.028042515,0.028232134
2013-03-01,0.022199865,0.022895462,0.026069401,0.02822878,0.028036156
2013-03-04,0.022408074,0.023106421,0.026082317,0.027911212,0.028060394
2013-03-05,0.022814523,0.023619794,0.026300232,0.028024349,0.028293307
2013-03-06,0.022921002,0.023726243,0.026419338,0.028144057,0.028422175
2013-03-07,0.022420171,0.023122825,0.026417991,0.028372905,0.028550067
2013-03-08,0.022019878,0.022727131,0.026420015,0.028576357,0.028462735
2013-03-11,0.023034705,0.023849243,0.026549898,0.028367836,0.028636097
2013-03-12,0.022929784,0.023642835,0.026327831,0.028139391,0.028398116
2013-03-13,0.023134241,0.02374704,0.026432181,0.028230978,0.028375696
2013-03-14,0.02333526,0.023850215,0.026543996,0.02839787,0.028575969
2013-03-15,0.023230578,0.023640882,0.026451601,0.028172886,0.028183943
2013-03-18,0.022816853,0.023325661,0.02642226,0.028076952,0.028149867
2013-03-19,0.022716512,0.023315661,0.026102957,0.027828594,0.027740778
2013-03-20,0.022717241,0.023327053,0.026114434,0.027879513,0.028068148
2013-03-21,0.022406826,0.022912733,0.026006047,0.027711125,0.027626103
2013-03-22,0.022509328,0.023108708,0.026096845,0.027703054,0.027734527
2013-03-25,0.022613976,0.023009907,0.026104154,0.027829508,0.027742697
2013-03-26,0.022305602,0.02280083,0.0260957,0.027827353,0.027740548
2013-03-27,0.022400241,0.022793866,0.025882067,0.027723586,0.027626972
2013-03-28,0.022607282,0.023103706,0.025874884,0.027633851,0.027567666
2013-04-01,0.022508982,0.022998305,0.025871721,0.027719205,0.027623419
2013-04-02,0.022407808,0.022904758,0.025867536,0.027722438,0.027630084
2013-04-03,0.021995,0.022587251,0.025554839,0.027396441,0.02756054
2013-04-04,0.021485221,0.021966038,0.025527864,0.027476645,0.027755502
2013-04-05,0.021173878,0.021747429,0.025278715,0.02723852,0.027337563
2013-04-08,0.021583095,0.02216026,0.025205645,0.026926321,0.027135043
2013-04-09,0.020772669,0.021549223,0.025205311,0.027168094,0.026923763
2013-04-10,0.021183789,0.02196669,0.025136789,0.026664446,0.027024478
2013-04-11,0.021385902,0.022268548,0.025429577,0.027125022,0.027521911
2013-04-12,0.021281745,0.02205439,0.025001051,0.026747489,0.026981933
2013-04-15,0.020367108,0.021330616,0.024764533,0.026614858,0.026848736
2013-04-16,0.020366692,0.02133657,0.024672082,0.026514446,0.026750918
2013-04-17,0.019958451,0.02081574,0.024348897,0.026182862,0.026527921
2013-04-18,0.020161347,0.019822463,0.02332764,0.025412828,0.025863542
2013-04-19,0.020568161,0.020632539,0.023844783,0.026166731,0.026286658
2013-04-22,0.020566957,0.020731852,0.024146826,0.026395872,0.026516628
2013-04-23,0.020570036,0.020933553,0.024461706,0.026724384,0.026737746
2013-04-24,0.020872926,0.021240451,0.024467123,0.026620382,0.026890724
2013-04-25,0.021383101,0.021654387,0.024674783,0.026851578,0.027126539
2013-04-26,0.021276723,0.021049096,0.024461736,0.02652679,0.02704733
2013-04-29,0.021180383,0.021145186,0.024364308,0.026537804,0.026913058
2013-04-30,0.020771563,0.020840738,0.024050371,0.026322847,0.02669775
2013-05-01,0.019960037,0.020218811,0.023625678,0.025870138,0.026348457
2013-05-02,0.020061662,0.020121163,0.023426025,0.0256361,0.026079862
2013-05-03,0.020474471,0.02044332,0.023774153,0.02591058,0.026489965
2013-05-06,0.020680039,0.020853512,0.023787351,0.025918097,0.026500061
2013-05-07,0.020682319,0.02105715,0.023896016,0.025923494,0.026625306
2013-05-08,0.020478369,0.020348109,0.023579532,0.025703083,0.026167974
2013-05-09,0.020376234,0.020447287,0.023779034,0.025746113,0.026542699
2013-05-10,0.020681508,0.020965215,0.024214761,0.026302665,0.026975576
2013-05-13,0.020384669,0.020556909,0.024012094,0.026327164,0.027127236
2013-05-14,0.020484485,0.020766532,0.02403161,0.026231448,0.027036731
2013-05-15,0.020280977,0.020461659,0.023714044,0.026027591,0.02682688
2013-05-16,0.0198734,0.020142947,0.023390278,0.02579715,0.026577934
2013-05-17,0.019976289,0.020256254,0.02331496,0.025824296,0.026861413
2013-05-20,0.020179923,0.020764202,0.023534657,0.025698318,0.026818666
2013-05-21,0.020076412,0.020658223,0.023518354,0.025670895,0.026665166
2013-05-22,0.019884756,0.020370807,0.023436276,0.025549483,0.026410961
2013-05-23,0.019479499,0.019958114,0.023319929,0.025545854,0.026288895
2013-05-24,0.019478422,0.0202608,0.023421976,0.025528537,0.026387204
2013-05-28,0.019793931,0.020377062,0.023654248,0.025968322,0.026795699
2013-05-29,0.019281697,0.019959696,0.02302872,0.025285809,0.026100434
2013-05-30,0.018467856,0.019347335,0.02251793,0.024881976,0.025692367
2013-05-31,0.018881868,0.019653154,0.022822621,0.02507287,0.025737944
2013-06-03,0.019082582,0.020160884,0.022709909,0.024852619,0.025625682
2013-06-04,0.019385475,0.020376088,0.022604861,0.024778644,0.025548647
2013-06-05,0.018980797,0.020161618,0.022282664,0.024210406,0.025211875
2013-06-06,0.018875323,0.019948849,0.021973951,0.023878244,0.024716165
2013-06-07,0.019086325,0.020166532,0.022082523,0.024023023,0.025159727
2013-06-10,0.018683151,0.019757459,0.021794921,0.023450644,0.024405725
2013-06-11,0.018475366,0.020152464,0.021367216,0.021651113,0.024336677
2013-06-12,0.018274442,0.019856332,0.021078626,0.021323661,0.024032779
2013-06-13,0.018173737,0.019546421,0.021060076,0.022591479,0.023935512
2013-06-14,0.018373806,0.019649821,0.021176557,0.022351545,0.023651378
2013-06-17,0.018179436,0.0197615,0.021092795,0.021612672,0.023840088
2013-06-18,0.018586198,0.020073886,0.021300401,0.021573817,0.024295498
2013-06-19,0.018499713,0.019885034,0.021070665,0.021957943,0.023773912
2013-06-20,0.017590688,0.019484837,0.020147577,0.020324582,0.023411912
2013-06-21,0.016779412,0.0187792,0.019959398,0.020762516,0.023456024
2013-06-24,0.016373382,0.018381155,0.019961818,0.022068283,0.023187786
2013-06-25,0.01667666,0.018585323,0.020288548,0.022637208,0.023760675
2013-06-26,0.016881151,0.018583872,0.020175872,0.022911911,0.024339737
2013-06-27,0.017489157,0.018983153,0.020585953,0.023125619,0.024706948
2013-06-28,0.017801196,0.019404881,0.020575255,0.022600515,0.024367367
2013-07-01,0.018208581,0.019704805,0.020886967,0.022537678,0.024146981
2013-07-02,0.01841121,0.019909154,0.021084835,0.022646463,0.024621772
2013-07-03,0.018515477,0.019811505,0.021084329,0.022836607,0.024137926
2013-07-05,0.018941461,0.020149326,0.021415299,0.023508668,0.024599851
2013-07-08,0.018938271,0.020251134,0.021411591,0.023549149,0.024656332
2013-07-09,0.018831046,0.019832125,0.021328794,0.023453015,0.024563967
2013-07-10,0.018934441,0.019734182,0.021341731,0.023330861,0.024583741
2013-07-11,0.018417448,0.019320675,0.021156532,0.023214531,0.024678546
2013-07-12,0.018614634,0.019317941,0.021360962,0.023627591,0.024678018
2013-07-15,0.018821712,0.019617691,0.021762646,0.023947268,0.025031749
2013-07-16,0.019124313,0.019926145,0.022175743,0.024234747,0.025158253
2013-07-17,0.019225505,0.020133779,0.022182723,0.02426987,0.025056328
2013-07-18,0.019128985,0.020552748,0.022609436,0.024526347,0.025103798
2013-07-19,0.01932664,0.020850535,0.02289943,0.024700094,0.025147089
2013-07-22,0.019326273,0.020746996,0.023002566,0.024894682,0.025185806
2013-07-23,0.019224823,0.020750984,0.022807594,0.024472382,0.025049269
2013-07-24,0.018927063,0.020557068,0.022510546,0.024042769,0.024884909
2013-07-25,0.01852503,0.020463115,0.022522804,0.024168217,0.024881288
2013-07-26,0.018524653,0.020465657,0.022304614,0.024044367,0.024711307
2013-07-29,0.018318838,0.020263939,0.022425388,0.024423301,0.025133293
2013-07-30,0.018422794,0.020368714,0.022531158,0.024403408,0.025119549
2013-07-31,0.018934211,0.020771913,0.023033642,0.025031627,0.025587048
2013-08-01,0.01965811,0.021522997,0.023466798,0.025477617,0.026017703
2013-08-02,0.019344569,0.020991276,0.022956586,0.0250923,0.025769634
2013-08-05,0.019444762,0.020994623,0.023386822,0.025413929,0.026019449
2013-08-06,0.019648606,0.021401362,0.023694697,0.02585227,0.026585215
2013-08-07,0.01954239,0.021079951,0.023454076,0.025851917,0.026574111
2013-08-08,0.019240914,0.020969038,0.023237657,0.026072725,0.026170657
2013-08-09,0.019338521,0.021071619,0.023226772,0.025933788,0.025995261
2013-08-12,0.019341374,0.021077143,0.023240206,0.025724973,0.025951711
2013-08-13,0.019455088,0.021298409,0.02313591,0.025608059,0.025678752
2013-08-14,0.018842487,0.020582417,0.022947763,0.025392923,0.025339962
2013-08-15,0.01853975,0.020487933,0.022539247,0.025105801,0.025171795
2013-08-16,0.018141346,0.020089091,0.022459765,0.025091431,0.024833114
2013-08-19,0.017841023,0.019888825,0.022157031,0.02477259,0.024642171
2013-08-20,0.018035714,0.019877292,0.022360072,0.025020181,0.024962769
2013-08-21,0.017940837,0.019992869,0.022241732,0.025023571,0.024927739
2013-08-22,0.017937072,0.019775721,0.021910172,0.024608201,0.024747113
2013-08-23,0.018442865,0.02027008,0.022081442,0.024792183,0.024925201
2013-08-26,0.018435281,0.020163064,0.022298926,0.024993666,0.025005442
2013-08-27,0.018838351,0.020244467,0.022282672,0.02485184,0.024861545
2013-08-28,0.018741592,0.020154422,0.022288498,0.024849167,0.024993892
2013-08-29,0.018233387,0.019637012,0.021761229,0.024392016,0.024661077
2013-08-30,0.018034984,0.019754479,0.021765995,0.024129342,0.024243999
2013-09-03,0.017830626,0.01935317,0.021794617,0.02427713,0.024436443
2013-09-04,0.017627375,0.019349845,0.02147043,0.023918392,0.02404247
2013-09-05,0.017320166,0.018833429,0.021372373,0.024043457,0.024308381
2013-09-06,0.017323249,0.018627824,0.021507159,0.0241969,0.024494544
2013-09-09,0.017117486,0.018634912,0.021406407,0.024337106,0.024454099
2013-09-10,0.017622456,0.019147088,0.021816842,0.024617978,0.024710639
2013-09-11,0.017823163,0.019143228,0.022151946,0.024701507,0.024968991
2013-09-12,0.01772688,0.018834501,0.021938868,0.024500596,0.024805187
2013-09-13,0.01772461,0.018931822,0.021824088,0.024409052,0.024704217
2013-09-16,0.017826751,0.018733119,0.022067647,0.024706035,0.024774238
2013-09-17,0.018135711,0.019460397,0.022469506,0.024781887,0.025148356
2013-09-18,0.018628075,0.01953997,0.022882766,0.025192589,0.025351341
2013-09-19,0.018536504,0.01965906,0.023000659,0.025284639,0.025417706
2013-09-20,0.018740437,0.020066889,0.023191137,0.025457295,0.025426396
2013-09-23,0.018632055,0.019856739,0.02349882,0.025742978,0.025597227
2013-09-24,0.01791384,0.01902669,0.022767137,0.02508008,0.025053202
2013-09-25,0.018110173,0.019326753,0.022645396,0.02489084,0.025011665
2013-09-26,0.017917166,0.019027575,0.02276038,0.025245788,0.025376047
2013-09-27,0.017811271,0.019029418,0.022662352,0.025044277,0.025038138
2013-09-30,0.017610102,0.019136681,0.022771571,0.025404051,0.025267205
2013-10-01,0.017917651,0.01933627,0.022869992,0.025418072,0.025574854
2013-10-02,0.018223759,0.019544715,0.022866186,0.025545137,0.025566091
2013-10-03,0.017910718,0.019237898,0.022770774,0.025366011,0.025713538
2013-10-04,0.018123377,0.019545603,0.022863168,0.02544199,0.025633164
2013-10-07,0.018111108,0.019436607,0.022862345,0.025395533,0.025552143
2013-10-08,0.017803347,0.019225071,0.022646164,0.025277236,0.025308078
2013-10-09,0.018013693,0.019541777,0.02297264,0.0255173,0.025587771
2013-10-10,0.018327234,0.019653016,0.022983741,0.025392235,0.025429525
2013-10-11,0.018120425,0.019449745,0.022890289,0.025286919,0.025450084
2013-10-15,0.018119277,0.019558487,0.023013501,0.025275659,0.025279627
2013-10-16,0.018120389,0.019349404,0.022786324,0.02493145,0.025094806
2013-10-17,0.017909545,0.019131951,0.022455252,0.024741726,0.024794598
2013-10-18,0.018012103,0.019128196,0.02265367,0.024942014,0.024966298
2013-10-21,0.018117001,0.01933803,0.022761911,0.025058553,0.025084603
2013-10-22,0.017805458,0.019121948,0.022537529,0.024975442,0.024894662
2013-10-23,0.017803973,0.019007788,0.022309536,0.02476281,0.0248023
2013-10-24,0.017902865,0.019118281,0.022520155,0.024871161,0.025079067
2013-10-25,0.017901758,0.019114798,0.022743909,0.02518081,0.025231859
2013-10-28,0.018106102,0.019116905,0.022745332,0.025180271,0.025359759
2013-10-29,0.017802651,0.019013773,0.022643933,0.025114289,0.025324003
2013-10-30,0.017903724,0.01933353,0.022644618,0.025220678,0.025265514
2013-10-31,0.017604871,0.019035523,0.022554393,0.024861352,0.025166973
2013-11-01,0.017203533,0.018740358,0.022372718,0.024749284,0.025029802
2013-11-04,0.017304185,0.018736622,0.022156575,0.024698527,0.025131129
2013-11-05,0.017411462,0.018956926,0.022285198,0.024717068,0.025156284
2013-11-06,0.0179196,0.019466646,0.022814052,0.025307519,0.025524444
2013-11-07,0.017814985,0.019360646,0.022598034,0.024930848,0.025103359
2013-11-08,0.017927633,0.019379554,0.022736446,0.025053987,0.025341296
2013-11-12,0.018131674,0.019584177,0.022724097,0.025155004,0.025444303
2013-11-13,0.018128621,0.0194773,0.022621313,0.025072013,0.025219403
2013-11-14,0.018229895,0.019580062,0.022718875,0.025090782,0.0252679
2013-11-15,0.018227846,0.019683171,0.022719033,0.025080294,0.025259272
2013-11-18,0.018222745,0.019574706,0.022815164,0.025056156,0.025236067
2013-11-19,0.01792707,0.01947558,0.022722209,0.024964,0.02527671
2013-11-20,0.017732856,0.019402712,0.022568747,0.025042089,0.025051497
2013-11-21,0.017830636,0.019612696,0.022879862,0.025250397,0.025435838
2013-11-22,0.017825309,0.019599955,0.022848458,0.025327533,0.025643425
2013-11-25,0.017722981,0.019385487,0.022746396,0.025328006,0.025641983
2013-11-26,0.017314428,0.019076718,0.022643995,0.025214638,0.025525782
2013-11-27,0.017320035,0.01908499,0.022550309,0.024966503,0.025243495
2013-11-29,0.017120093,0.019088623,0.022444762,0.025094447,0.025199212
2013-12-02,0.017224057,0.019095935,0.022454687,0.024957142,0.025072853
2013-12-03,0.017123087,0.018885197,0.022462931,0.024834755,0.024953401
2013-12-04,0.016617642,0.018278441,0.022063118,0.024779953,0.024859334
2013-12-05,0.016824574,0.018595238,0.022170482,0.024866575,0.024817604
2013-12-06,0.016722953,0.018378243,0.022060369,0.024599899,0.024822722
2013-12-09,0.016520881,0.01838052,0.022151198,0.024700669,0.024794312
2013-12-10,0.016615398,0.018367567,0.022140278,0.024682328,0.024640835
2013-12-11,0.016718126,0.018478562,0.022474611,0.024879475,0.024813195
2013-12-12,0.016718532,0.018480179,0.022355049,0.024683555,0.025089022
2013-12-13,0.01681956,0.018575812,0.022556968,0.024965635,0.025076636
2013-12-16,0.017024279,0.018681422,0.022769815,0.025197226,0.025312318
2013-12-17,0.017120945,0.018780702,0.022755715,0.025340685,0.025482666
2013-12-18,0.016925032,0.018589191,0.022672758,0.025094754,0.0252066
2013-12-19,0.017746482,0.019623294,0.022409544,0.024485585,0.024985787
2013-12-20,0.016620563,0.018159347,0.022501485,0.0245745,0.024517358
2013-12-23,0.016929354,0.018679624,0.022721791,0.024661761,0.024739174
2013-12-24,0.017039269,0.018788863,0.022831114,0.024888338,0.024803933
2013-12-26,0.017232988,0.018888521,0.022937476,0.025009695,0.024793197
2013-12-27,0.017033454,0.01869359,0.023174753,0.025113208,0.024907324
2013-12-30,0.016622852,0.018277947,0.023290386,0.02519148,0.0249962
2013-12-31,0.017140036,0.018904954,0.023396211,0.025335784,0.025130875
2014-01-02,0.017336744,0.018896504,0.023591073,0.025530076,0.025330468
2014-01-03,0.017130851,0.018683581,0.023594577,0.025756951,0.025560728
2014-01-06,0.017738982,0.019293553,0.023575525,0.025643358,0.025563517
2014-01-07,0.01855461,0.020207553,0.023534602,0.02564464,0.02554925
2014-01-08,0.017844629,0.01927846,0.023860196,0.026003267,0.025910046
2014-01-09,0.018551781,0.020094342,0.024024792,0.026027234,0.0264176
2014-01-10,0.017731134,0.019165963,0.023844937,0.025816209,0.026071919
2014-01-13,0.017319154,0.018754808,0.023638089,0.025608662,0.025567965
2014-01-14,0.017834552,0.019371251,0.023518417,0.025387612,0.025506954
2014-01-15,0.017427832,0.018959915,0.023730661,0.02546183,0.02560045
2014-01-16,0.017627739,0.019158362,0.023392215,0.025247208,0.025333564
2014-01-17,0.017422174,0.01884454,0.02350351,0.025343661,0.025308513
2014-01-21,0.017323681,0.018634989,0.023497733,0.025184698,0.02499928
2014-01-22,0.018136726,0.019661269,0.023348079,0.025179788,0.024817867
2014-01-23,0.017422003,0.018114126,0.022125576,0.024591726,0.024877349
2014-01-24,0.017014865,0.017803919,0.022231162,0.02446108,0.02462721
2014-01-27,0.017426751,0.018324017,0.022221856,0.02447331,0.024634267
2014-01-28,0.017319785,0.018117635,0.022335552,0.024496718,0.024694119
2014-01-29,0.017418446,0.018421052,0.022202316,0.024416656,0.024629312
2014-01-30,0.017830976,0.018941214,0.022299403,0.024644048,0.024818189
2014-01-31,0.017420845,0.018422842,0.02220333,0.024432522,0.024766478
2014-02-03,0.017218431,0.018214612,0.022196134,0.024418596,0.024623365
2014-02-04,0.017930676,0.018933907,0.022091059,0.024230192,0.024422854
2014-02-05,0.018035426,0.019150731,0.022214699,0.024258395,0.02432557
2014-02-06,0.018444949,0.019560549,0.02242118,0.024442011,0.024354015
2014-02-07,0.017935813,0.018947337,0.022658309,0.024352174,0.024761618
2014-02-10,0.018134848,0.019254321,0.022744057,0.024455033,0.024733471
2014-02-11,0.018238187,0.019357137,0.022740341,0.024424127,0.024677081
2014-02-12,0.018547806,0.019561779,0.022957617,0.0243816,0.024648238
2014-02-13,0.017935593,0.019045927,0.022540511,0.024384675,0.024991005
2014-02-14,0.016918622,0.0177095,0.022473722,0.024209435,0.024642944
2014-02-18,0.018138648,0.018941877,0.02222377,0.024278105,0.024674761
2014-02-19,0.018035655,0.018944974,0.022113695,0.02419599,0.024755438
2014-02-20,0.018037432,0.018941978,0.022113896,0.02418123,0.024489734
2014-02-21,0.017632395,0.018530255,0.021999698,0.024270091,0.024417278
2014-02-24,0.018035455,0.019045502,0.02241796,0.024458129,0.024484111
2014-02-25,0.018033396,0.019041112,0.022295937,0.024361455,0.024669587
2014-02-26,0.017826551,0.018728266,0.022406031,0.024343167,0.024527702
2014-02-27,0.018335161,0.019237772,0.022383606,0.024211561,0.02451627
2014-02-28,0.018134644,0.019033136,0.022486074,0.024392239,0.024673183
2014-03-03,0.018027959,0.018717162,0.022373132,0.024525998,0.024798252
2014-03-04,0.018139817,0.019037931,0.022600865,0.024748629,0.024908427
2014-03-05,0.018239795,0.019136866,0.022603244,0.024863176,0.025146052
2014-03-06,0.018642906,0.019760675,0.022914406,0.025082895,0.025242123
2014-03-07,0.01854821,0.019448301,0.023125889,0.025254118,0.025401066
2014-03-10,0.019058513,0.019958807,0.023007492,0.025075623,0.02549802
2014-03-11,0.018855029,0.019854651,0.022792146,0.024954172,0.025082695
2014-03-12,0.018440328,0.01922815,0.022692378,0.024720937,0.025014865
2014-03-13,0.017727845,0.018610451,0.022477399,0.024513896,0.024961988
2014-03-14,0.017621238,0.018402263,0.022464699,0.024614137,0.024938638
2014-03-17,0.01823412,0.019332554,0.022566055,0.024616381,0.025189027
2014-03-18,0.017929214,0.018919097,0.022576702,0.024624509,0.025072601
2014-03-19,0.017518652,0.018390526,0.022334528,0.024407584,0.024942905
2014-03-20,0.017726329,0.018911402,0.022028138,0.024114637,0.024633047
2014-03-21,0.018133823,0.019311911,0.022087892,0.024059637,0.024576434
2014-03-24,0.018131203,0.019408299,0.022166388,0.024103948,0.024468294
2014-03-25,0.017216054,0.01849643,0.022089419,0.024129603,0.024784982
2014-03-26,0.017723406,0.019108292,0.022081615,0.024242152,0.024599761
2014-03-27,0.017519309,0.018897284,0.021965507,0.023892752,0.024656018
2014-03-28,0.017425058,0.018901826,0.021968196,0.023992777,0.02448329
2014-03-31,0.017221371,0.018496327,0.021987875,0.024114047,0.024449761
2014-04-01,0.017325031,0.018706699,0.022113808,0.024236179,0.024572865
2014-04-02,0.017429002,0.019026378,0.02210389,0.024249247,0.024586462
2014-04-03,0.017024389,0.018715049,0.022101205,0.024334207,0.024517668
2014-04-04,0.017325049,0.018915802,0.02199735,0.024280042,0.024760999
2014-04-07,0.016308876,0.017995292,0.02191126,0.024165287,0.024652853
2014-04-08,0.017324312,0.018797267,0.021782904,0.024056342,0.024405234
2014-04-09,0.017227927,0.018810066,0.022125648,0.024178494,0.024657234
2014-04-10,0.0171161,0.018599773,0.02212193,0.024075813,0.024739282
2014-04-11,0.016607342,0.01819112,0.022017109,0.024149904,0.02462459
2014-04-14,0.017321781,0.018800057,0.022004468,0.024119199,0.024558926
2014-04-15,0.017012717,0.018382682,0.022096702,0.023973619,0.024458251
2014-04-16,0.017525931,0.018889001,0.022380643,0.024138165,0.024597419
2014-04-17,0.019769647,0.020432355,0.022762608,0.024437006,0.024780496
2014-04-21,0.019975662,0.020225262,0.022661986,0.024437899,0.024783851
2014-04-22,0.020070201,0.020216853,0.022756308,0.024392871,0.024746327
2014-04-23,0.020071223,0.020318616,0.02275252,0.024392142,0.024740365
2014-04-24,0.020176996,0.020322589,0.022740501,0.024369868,0.024810908
2014-04-25,0.019868736,0.020116736,0.022637498,0.024282341,0.024872779
2014-04-28,0.019765065,0.020017535,0.022442833,0.024186077,0.024620319
2014-04-29,0.019764945,0.019806203,0.022450899,0.024196674,0.024511716
2014-04-30,0.019866132,0.019706006,0.022451057,0.02433622,0.024798615
2014-05-01,0.019862781,0.019492953,0.022651953,0.024280863,0.024750725
2014-05-02,0.019758357,0.019582621,0.022518139,0.024261308,0.024727138
2014-05-05,0.019453186,0.020103664,0.022425321,0.024306047,0.02463968
2014-05-06,0.019348549,0.019473491,0.022213538,0.024063028,0.02452349
2014-05-07,0.019449992,0.019068413,0.022660122,0.025384701,0.024502746
2014-05-08,0.019551311,0.019381237,0.022563054,0.0242798,0.02507562
2014-05-09,0.019450719,0.019385825,0.022463892,0.024310946,0.025138184
2014-05-12,0.019351292,0.019082627,0.022475529,0.024165354,0.02485117
2014-05-13,0.01914645,0.018977881,0.022263682,0.024078031,0.024872039
2014-05-14,0.019444481,0.018867324,0.022344825,0.02403648,0.024824521
2014-05-15,0.019846368,0.01926736,0.022539247,0.024240092,0.025018079
2014-05-16,0.019647545,0.019378923,0.022438656,0.024236748,0.024863565
2014-05-19,0.019551141,0.019076396,0.022353828,0.024183624,0.024844302
2014-05-20,0.019447272,0.019179921,0.022359419,0.024202248,0.024734223
2014-05-21,0.019750415,0.019383889,0.022460287,0.024342327,0.024908232
2014-05-22,0.019957024,0.019692731,0.022771197,0.024532943,0.025072523
2014-05-23,0.019956511,0.020208385,0.022862665,0.024629967,0.025041584
2014-05-27,0.019746638,0.019587689,0.022747406,0.024380372,0.024918733
2014-05-28,0.019641538,0.019783972,0.022827236,0.024475759,0.024882188
2014-05-29,0.019848221,0.020091827,0.022921806,0.024706862,0.024993136
2014-05-30,0.01954666,0.019889846,0.0228272,0.024483018,0.024894571
2014-06-02,0.019549589,0.020097885,0.022832514,0.024368255,0.024786482
2014-06-03,0.019451275,0.019798733,0.022538184,0.02425871,0.024496477
2014-06-04,0.019250772,0.019497824,0.022334255,0.024068359,0.024461072
2014-06-05,0.019452076,0.019703435,0.022439345,0.024188361,0.024574778
2014-06-06,0.019555003,0.019590288,0.022633901,0.024261668,0.024660257
2014-06-09,0.019758284,0.020105459,0.022724805,0.024248019,0.024768602
2014-06-10,0.019654826,0.019787588,0.022725992,0.024353044,0.024760337
2014-06-11,0.019654562,0.019689132,0.022849919,0.024336494,0.024748404
2014-06-12,0.019753142,0.01968028,0.02251621,0.024021519,0.024417262
2014-06-13,0.019549173,0.019572235,0.022500397,0.02398793,0.024393237
2014-06-16,0.019437772,0.019361733,0.022609752,0.024056676,0.024559958
2014-06-17,0.019950373,0.019874263,0.022910353,0.024355619,0.024593744
2014-06-18,0.020050556,0.019873069,0.022912169,0.024420146,0.024951793
2014-06-19,0.020458071,0.020291144,0.02313823,0.024658414,0.025067916
2014-06-20,0.020454184,0.020497085,0.023437167,0.024938419,0.025199427
2014-06-23,0.020562203,0.020594167,0.023425784,0.024955022,0.025369252
2014-06-24,0.020758468,0.020480615,0.023412544,0.024940566,0.025472169
2014-06-25,0.020554721,0.020588624,0.023413655,0.024925284,0.025179703
2014-06-26,0.020453838,0.020794263,0.023299454,0.024840957,0.025356475
2014-06-27,0.020557546,0.020594809,0.023313578,0.024836836,0.025203174
2014-06-30,0.02024625,0.020390338,0.023212259,0.024718005,0.025204265
2014-07-01,0.020251062,0.020291283,0.02322762,0.024632695,0.025278484
2014-07-02,0.020354831,0.02080176,0.023236253,0.024866152,0.02511598
2014-07-03,0.020556151,0.020593086,0.023426467,0.025062629,0.025446037
2014-07-07,0.020351444,0.020378152,0.023307992,0.02482637,0.025365484
2014-07-08,0.020143758,0.020369599,0.023298653,0.024801922,0.025301986
2014-07-09,0.020038592,0.02016728,0.023513256,0.024905036,0.025560184
2014-07-10,0.020250742,0.020377715,0.023410823,0.024961538,0.025637766
2014-07-11,0.020141808,0.020785047,0.023402527,0.025040762,0.025438887
2014-07-14,0.02014863,0.020580136,0.023289913,0.024927384,0.025418351
2014-07-15,0.01984214,0.020269108,0.023083234,0.024829064,0.025353677
2014-07-16,0.019738446,0.020572613,0.022861611,0.024606258,0.02524254
2014-07-17,0.019940211,0.020256728,0.022844622,0.024579559,0.025060441
2014-07-18,0.019833079,0.020049948,0.022947004,0.024557441,0.025048111
2014-07-21,0.019935445,0.020143328,0.02293198,0.02462684,0.024971022
2014-07-22,0.019531967,0.019944356,0.022835716,0.0244173,0.024877344
2014-07-23,0.019426279,0.019741789,0.02284472,0.024436094,0.024926651
2014-07-24,0.019529723,0.020462455,0.023240901,0.025515794,0.025068513
2014-07-25,0.019727915,0.020148976,0.023335752,0.024920743,0.025155275
2014-07-28,0.019729826,0.020042436,0.023326715,0.024806374,0.025045562
2014-07-29,0.019624755,0.020141322,0.023218497,0.024687362,0.025039485
2014-07-30,0.01983667,0.020567016,0.02334055,0.024689035,0.025169593
2014-07-31,0.019944817,0.020676721,0.023458164,0.024801025,0.02516384
2014-08-01,0.019439039,0.020171009,0.02327432,0.024751752,0.025250039
2014-08-04,0.019233958,0.020172754,0.023069573,0.024683848,0.025173112
2014-08-05,0.01923334,0.020065545,0.022953455,0.024679473,0.025048694
2014-08-06,0.019228718,0.020165882,0.023059795,0.024661709,0.025031991
2014-08-07,0.019129061,0.020161761,0.022951712,0.024690368,0.024930782
2014-08-08,0.018824352,0.019752768,0.023048836,0.024556823,0.024806757
2014-08-11,0.018819879,0.019645898,0.023045513,0.024571911,0.024852941
2014-08-12,0.018926728,0.019752688,0.022956533,0.024488663,0.024765716
2014-08-13,0.019026941,0.019959214,0.022858884,0.024387072,0.024654774
2014-08-14,0.018620329,0.019342155,0.022643254,0.024260399,0.024766007
2014-08-15,0.018512805,0.019126654,0.022313819,0.024025572,0.024522984
2014-08-18,0.018718351,0.020052423,0.022319665,0.024079814,0.024719582
2014-08-19,0.018309256,0.01974632,0.022220775,0.024080935,0.024456006
2014-08-20,0.018510649,0.019741012,0.022207646,0.023936828,0.024438286
2014-08-21,0.018204978,0.019328584,0.022199201,0.023913415,0.024419649
2014-08-22,0.018098053,0.019423959,0.021859631,0.024207439,0.024333069
2014-08-25,0.017995587,0.019415474,0.02195459,0.024164656,0.024149426
2014-08-26,0.018504265,0.019515802,0.021857553,0.023660619,0.024249673
2014-08-27,0.018197303,0.019003123,0.021865737,0.023519589,0.024113318
2014-08-28,0.017894727,0.018802981,0.021750755,0.023518689,0.02411
2014-08-29,0.017798118,0.018707744,0.02165627,0.02331107,0.024018555
2014-09-02,0.017794229,0.019425904,0.021972886,0.024196947,0.024208469
2014-09-03,0.017899129,0.019627768,0.022167613,0.024275258,0.024027417
2014-09-04,0.017796067,0.019633931,0.022182662,0.024320029,0.024213879
2014-09-05,0.017901881,0.019334814,0.021996467,0.023696467,0.024176095
2014-09-08,0.017595127,0.019332795,0.021789797,0.023573338,0.024171658
2014-09-09,0.01729059,0.019022426,0.021577629,0.023875604,0.024127103
2014-09-10,0.017085824,0.018722289,0.021492961,0.023652452,0.023877223
2014-09-11,0.017796806,0.019228743,0.02168934,0.023438325,0.024135191
2014-09-12,0.017702765,0.019046023,0.021826107,0.023450319,0.02404228
2014-09-15,0.017495861,0.019044302,0.021831705,0.023467144,0.024053241
2014-09-16,0.017707039,0.019459241,0.021730662,0.023513638,0.024087913
2014-09-17,0.016483002,0.018131787,0.021124895,0.023085172,0.023667716
2014-09-18,0.015777163,0.018038673,0.020705847,0.02330522,0.023366662
2014-09-19,0.01577356,0.018135687,0.020790607,0.023025875,0.023215429
2014-09-22,0.016177083,0.018337289,0.02037654,0.022190256,0.022963978
2014-09-23,0.016480414,0.018532791,0.02067537,0.022491901,0.02314711
2014-09-24,0.016784461,0.018630344,0.020774429,0.022593968,0.023254734
2014-09-25,0.016379078,0.01833009,0.020679229,0.022365181,0.023023393
2014-09-26,0.016072795,0.017604728,0.020160492,0.021913205,0.022668513
2014-09-29,0.016274629,0.01801088,0.019934737,0.021596269,0.022339123
2014-09-30,0.015769286,0.017399251,0.020162973,0.021923086,0.022439463
2014-10-01,0.016172328,0.017902517,0.020036724,0.021721762,0.022510662
2014-10-02,0.015870955,0.017600852,0.019944489,0.021743784,0.022535296
2014-10-03,0.015764687,0.017697887,0.019725385,0.021494101,0.022257607
2014-10-06,0.015665135,0.017493864,0.019735375,0.021395685,0.022158279
2014-10-07,0.015356833,0.017182229,0.019626525,0.021186746,0.021969227
2014-10-08,0.015565675,0.017297193,0.020069603,0.021748515,0.02241151
2014-10-09,0.015363115,0.017089925,0.02016295,0.021752205,0.022563658
2014-10-10,0.015362059,0.017292563,0.020054395,0.021636018,0.022439323
2014-10-14,0.014245019,0.016681686,0.019648169,0.021783205,0.022128447
2014-10-15,0.013839941,0.015661049,0.019050395,0.020974327,0.02191545
2014-10-16,0.013840352,0.016273433,0.019355231,0.021620714,0.02198049
2014-10-17,0.014447779,0.016275349,0.019660859,0.021377146,0.02233607
2014-10-20,0.014649921,0.016581576,0.019561017,0.021168187,0.022118023
2014-10-21,0.014346147,0.016486052,0.019466278,0.021734598,0.022099862
2014-10-22,0.014850213,0.016787257,0.019563688,0.021174864,0.022248646
2014-10-23,0.014449627,0.016588012,0.019565044,0.021721558,0.022214071
2014-10-24,0.014755013,0.016693176,0.019456573,0.021181848,0.022263057
2014-10-27,0.014549223,0.016384962,0.019351787,0.021086607,0.022311286
2014-10-28,0.014856651,0.016587035,0.019560268,0.021388563,0.022329146
2014-10-29,0.014852284,0.016782459,0.019640993,0.021329187,0.022515236
2014-10-30,0.01505524,0.017194524,0.01942627,0.021126857,0.022301908
2014-10-31,0.015460899,0.01739165,0.019627154,0.021329242,0.022249614
2014-11-03,0.015658375,0.017592521,0.019729621,0.021206797,0.02227496
2014-11-04,0.015050749,0.016981087,0.019627783,0.021083925,0.022390747
2014-11-05,0.015557044,0.017386714,0.019731347,0.021191664,0.022497172
2014-11-06,0.015964883,0.017790732,0.019822729,0.021403209,0.022566893
2014-11-07,0.016062017,0.017683677,0.019820343,0.021315802,0.022640076
2014-11-10,0.01595981,0.017790104,0.019826253,0.021313933,0.022649467
2014-11-12,0.015452006,0.016868572,0.019526272,0.021111112,0.022451309
2014-11-13,0.014947742,0.016569464,0.019217881,0.02092094,0.022254002
2014-11-14,0.014638513,0.016669786,0.019314764,0.021333281,0.021925001
2014-11-17,0.014335557,0.016472818,0.019014633,0.021137459,0.021844043
2014-11-18,0.014337176,0.016367692,0.018800037,0.020939807,0.021787183
2014-11-19,0.014036686,0.016168989,0.018708324,0.020722602,0.021576822
2014-11-20,0.014238603,0.016371795,0.0189092,0.020802237,0.021392103
2014-11-21,0.014540559,0.016569557,0.018994513,0.021005299,0.021593292
2014-11-24,0.014437629,0.016673156,0.01899312,0.021007237,0.021592103
2014-11-25,0.014843595,0.016662937,0.018888651,0.020235818,0.021549765
2014-11-26,0.014533828,0.016356879,0.018574413,0.020148077,0.021453578
2014-11-28,0.014032131,0.016151201,0.018273933,0.02005068,0.021080333
2014-12-01,0.014031597,0.016158083,0.018279631,0.019979695,0.021419505
2014-12-02,0.013724269,0.015754149,0.018078735,0.01997772,0.021403892
2014-12-03,0.013924316,0.015953794,0.018277471,0.019941103,0.021372117
2014-12-04,0.013722781,0.015642583,0.018062989,0.019711046,0.02125156
2014-12-05,0.013614474,0.015734471,0.017837167,0.01957808,0.021359836
2014-12-08,0.012501526,0.015222839,0.017422071,0.019351998,0.021000777
2014-12-09,0.013508097,0.015612758,0.017612005,0.019235799,0.021136203
2014-12-10,0.012802494,0.01490821,0.017425239,0.019025602,0.020919032
2014-12-11,0.012802649,0.015213979,0.017299846,0.019033695,0.021065495
2014-12-12,0.012095367,0.014601173,0.016692123,0.018512974,0.02051741
2014-12-15,0.011790915,0.014498497,0.01647615,0.018377504,0.020357279
2014-12-16,0.012193362,0.014899034,0.01677151,0.018572448,0.020539652
2014-12-17,0.012296951,0.015103924,0.016768239,0.018663853,0.020619508
2014-12-18,0.012092345,0.014709887,0.016785184,0.018457138,0.020440924
2014-12-19,0.012799074,0.015610375,0.017054488,0.018759741,0.020523394
2014-12-22,0.012994479,0.015804414,0.017249934,0.018829455,0.020569047
2014-12-23,0.013096579,0.015712151,0.017264443,0.018850826,0.020611961
2014-12-24,0.012698202,0.015621672,0.017059694,0.0186167,0.020466453
2014-12-26,0.012698145,0.015613148,0.016951087,0.018616636,0.020345686
2014-12-29,0.012285645,0.014903647,0.016764747,0.018403258,0.020242865
2014-12-30,0.012188425,0.014806472,0.016668387,0.01808767,0.02003966
2014-12-31,0.012797725,0.015506966,0.017061419,0.018628101,0.020480911
2015-01-02,0.013097588,0.015701725,0.017357056,0.018702242,0.02054576
2015-01-05,0.01258267,0.015079327,0.016626923,0.018168153,0.020101004
2015-01-06,0.011673965,0.014368378,0.015816343,0.017647798,0.019535776
2015-01-07,0.011678462,0.014266683,0.015927235,0.017655176,0.019544313
2015-01-08,0.012185217,0.014479872,0.016458713,0.017965368,0.019740328
2015-01-09,0.012083008,0.014272275,0.016460315,0.01786233,0.019405918
2015-01-12,0.011677048,0.013969116,0.01595025,0.017451814,0.019091062
2015-01-13,0.010567655,0.013369981,0.015662245,0.017263178,0.018654292
2015-01-14,0.01187748,0.013867564,0.015950985,0.017380518,0.018920487
2015-01-15,0.011882726,0.013764794,0.016050209,0.017393342,0.019050334
2015-01-16,0.011981439,0.013971407,0.016251801,0.01747488,0.018901019
2015-01-20,0.011978568,0.014164086,0.016132055,0.017426039,0.018564104
2015-01-21,0.011781092,0.014577841,0.01634202,0.017537562,0.018233091
2015-01-22,0.011985729,0.014373351,0.01634238,0.017527321,0.018699324
2015-01-23,0.012183682,0.014566617,0.016215782,0.017424406,0.018712684
2015-01-26,0.012485276,0.014663563,0.016313824,0.017524771,0.018595243
2015-01-27,0.012986655,0.01496699,0.016830471,0.0177211,0.01855043
2015-01-28,0.012481854,0.014555901,0.016312922,0.01739797,0.018193679
2015-01-29,0.013195912,0.014661179,0.016412437,0.017495364,0.018259842
2015-01-30,0.012992401,0.015160764,0.01671447,0.018021178,0.018096295
2015-02-02,0.013291452,0.015157668,0.016713137,0.018220376,0.017798442
2015-02-03,0.014106702,0.015772568,0.017226894,0.018446805,0.018302832
2015-02-04,0.013601983,0.015774363,0.017335671,0.01855919,0.018771576
2015-02-05,0.013905891,0.015166243,0.017243209,0.018144042,0.018693425
2015-02-06,0.013697096,0.015869163,0.017318863,0.018646686,0.019230021
2015-02-09,0.013697242,0.015768955,0.017319709,0.018543574,0.019486207
2015-02-10,0.013292271,0.015678959,0.01723294,0.018464863,0.019432685
2015-02-11,0.013294564,0.01567753,0.01701722,0.018359093,0.019189518
2015-02-12,0.013808105,0.015169974,0.016825294,0.017849114,0.019043762
2015-02-13,0.01329485,0.015586659,0.017031687,0.018620577,0.019220768
2015-02-17,0.013400136,0.015801236,0.017355333,0.01881955,0.019665045
2015-02-18,0.01330299,0.015702965,0.017370722,0.019184679,0.019901774
2015-02-19,0.013603618,0.016110036,0.017662178,0.019587339,0.019945729
2015-02-20,0.013807506,0.016209103,0.017761327,0.019560139,0.020039029
2015-02-23,0.013503809,0.016000866,0.017445343,0.019345324,0.01967995
2015-02-24,0.013401176,0.015791437,0.017453766,0.019455413,0.019673306
2015-02-25,0.013702612,0.015986301,0.017433619,0.019430905,0.019516296
2015-02-26,0.015015643,0.016493436,0.018135377,0.019414506,0.020144303
2015-02-27,0.015017768,0.017099901,0.018545204,0.020143876,0.020151021
2015-03-02,0.015524152,0.016797497,0.01855711,0.019826938,0.020291812
2015-03-03,0.015831109,0.017205575,0.018856894,0.020128555,0.020600466
2015-03-04,0.01623787,0.017511901,0.018963299,0.020249019,0.020854607
2015-03-05,0.015426081,0.016701388,0.018678907,0.02015183,0.020732478
2015-03-06,0.01562976,0.016805417,0.018579351,0.020148477,0.020693107
2015-03-09,0.014819858,0.01599162,0.01787499,0.019441147,0.020254721
2015-03-10,0.013701575,0.015896713,0.017561892,0.019338126,0.019795298
2015-03-11,0.014609725,0.015988029,0.017443769,0.018889991,0.019577251
2015-03-12,0.014208792,0.015485663,0.017350828,0.018795444,0.019483405
2015-03-13,0.014107307,0.015592728,0.017155711,0.018471019,0.019159253
2015-03-16,0.012795649,0.014988,0.0167577,0.018492215,0.018943424
2015-03-17,0.013492969,0.015072858,0.016632656,0.018136104,0.018908653
2015-03-18,0.013400574,0.015584798,0.017247776,0.019203162,0.019379839
2015-03-19,0.015013906,0.016588785,0.018142691,0.019362931,0.01979904
2015-03-20,0.015114155,0.016484385,0.017841724,0.019274291,0.019813163
2015-03-23,0.014907993,0.016282652,0.017744935,0.019195189,0.0198623
2015-03-24,0.01541573,0.016685676,0.01793916,0.019280946,0.020057067
2015-03-25,0.015722976,0.01658759,0.018350026,0.020522319,0.020208918
2015-03-26,0.015829796,0.017103255,0.018255714,0.019512917,0.020325919
2015-03-27,0.015522127,0.016696585,0.017850475,0.018981371,0.019918853
2015-03-30,0.015017224,0.016188904,0.017557468,0.018788686,0.019592293
2015-03-31,0.015219248,0.016497971,0.017870412,0.018899576,0.019475218
2015-04-01,0.015923615,0.017098589,0.018259733,0.019095286,0.019687623
2015-04-02,0.015724719,0.017005628,0.018375478,0.019322799,0.019919898
2015-04-03,0.015927264,0.017106762,0.018588917,0.019565149,0.020173418
2015-04-06,0.016133002,0.017320061,0.018801234,0.019581038,0.020218819
2015-04-07,0.016131465,0.017410106,0.018779365,0.01965394,0.020270017
2015-04-08,0.015925502,0.017108353,0.018684296,0.019423807,0.020044276
2015-04-09,0.016027693,0.017213384,0.018687311,0.019674842,0.020433792
2015-04-10,0.015723985,0.016800291,0.018474562,0.019436095,0.020174527
2015-04-13,0.0156268,0.01680149,0.018274075,0.019359278,0.020090918
2015-04-14,0.015624037,0.016802879,0.018272537,0.019250845,0.019976904
2015-04-15,0.016031796,0.017105222,0.01869098,0.019562525,0.020178852
2015-04-16,0.0159285,0.016909014,0.0188016,0.019795777,0.020409938
2015-04-17,0.016636103,0.017707887,0.019184601,0.020181386,0.020797378
2015-04-20,0.016123437,0.017201743,0.019191676,0.020310835,0.020818431
2015-04-21,0.016023629,0.017105004,0.018891295,0.02010866,0.020614905
2015-04-22,0.016130961,0.017313639,0.018996487,0.020227797,0.020717307
2015-04-23,0.017140452,0.01731278,0.019207084,0.020324278,0.020836187
2015-04-24,0.017241626,0.017012293,0.01920213,0.020451401,0.020984175
2015-04-27,0.017243752,0.017512499,0.01940116,0.020529257,0.020928693
2015-04-28,0.017044291,0.017318179,0.019209619,0.020344098,0.020884006
2015-04-29,0.017151069,0.017122328,0.019530877,0.020578616,0.021267824
2015-04-30,0.017347907,0.017832719,0.019728468,0.021002372,0.021548174
2015-05-01,0.017354786,0.018037007,0.019728111,0.021220535,0.021634394
2015-05-04,0.017052938,0.01754027,0.019544195,0.020939265,0.021494961
2015-05-05,0.017354457,0.017328693,0.019752755,0.021129482,0.021696526
2015-05-06,0.017049973,0.017027108,0.019463323,0.020957711,0.02164466
2015-05-07,0.016747076,0.017225968,0.019125662,0.020739211,0.021553741
2015-05-08,0.01674921,0.016928017,0.019146354,0.020656198,0.021467734
2015-05-11,0.016553117,0.017142923,0.019167841,0.020910329,0.021734192
2015-05-12,0.016656051,0.016943034,0.019173218,0.020786413,0.021732662
2015-05-13,0.016862807,0.017154093,0.018962876,0.020877663,0.021839677
2015-05-14,0.0166581,0.016544009,0.019086061,0.022381163,0.021298716
2015-05-15,0.016349695,0.016839336,0.018645569,0.020640588,0.021317425
2015-05-18,0.016553991,0.016842949,0.018966427,0.020743691,0.021438166
2015-05-19,0.016349776,0.01694331,0.018851154,0.020846632,0.021279162
2015-05-20,0.016655238,0.016840351,0.019172756,0.020964105,0.021427528
2015-05-21,0.016445344,0.016426131,0.018747936,0.020517905,0.021091124
2015-05-22,0.016646541,0.017031219,0.019034524,0.020926653,0.021240837
2015-05-26,0.016032222,0.016308448,0.018509759,0.020348316,0.020751776
2015-05-27,0.015528417,0.016309348,0.018308083,0.02013653,0.02053634
2015-05-28,0.015429699,0.015804441,0.018317075,0.021555054,0.020196751
2015-05-29,0.015831612,0.016314726,0.018321875,0.02026946,0.020545071
2015-06-01,0.015630811,0.016114783,0.018331676,0.020156561,0.020441144
2015-06-02,0.016044811,0.016633521,0.018646437,0.020265911,0.020676889
2015-06-03,0.016046659,0.016441649,0.018666253,0.020361336,0.020762156
2015-06-04,0.016044409,0.016842349,0.018440285,0.020032589,0.020682359
2015-06-05,0.016550598,0.017146312,0.018949217,0.020417661,0.020945596
2015-06-08,0.016450109,0.017049607,0.01885571,0.020343392,0.021010498
2015-06-09,0.016652741,0.017870044,0.01894938,0.020371376,0.021057233
2015-06-10,0.016752779,0.01787647,0.019070489,0.020362798,0.021061349
2015-06-11,0.016445341,0.017454704,0.01862973,0.019926538,0.020758062
2015-06-12,0.016545863,0.017249715,0.018729337,0.020006133,0.02069891
2015-06-15,0.016545534,0.01765668,0.018832794,0.020362291,0.0210419
2015-06-16,0.016846737,0.017854273,0.019132517,0.020681385,0.021505324
2015-06-17,0.017054962,0.017865322,0.019363087,0.020824106,0.02140964
2015-06-18,0.016857539,0.017874789,0.019267798,0.020758364,0.021489902
2015-06-19,0.016443281,0.017354096,0.018950602,0.020539626,0.021284715
2015-06-22,0.01665301,0.017564838,0.019372113,0.020971614,0.021740272
2015-06-23,0.016856188,0.018185367,0.01958444,0.021073403,0.021816087
2015-06-24,0.016555346,0.017363833,0.019371933,0.020957228,0.021852831
2015-06-25,0.016456118,0.017473412,0.019480681,0.020930732,0.021802946
2015-06-26,0.016756834,0.017993684,0.019606853,0.021167277,0.021894459
2015-06-29,0.016046635,0.016857078,0.019084489,0.020611668,0.021323121
2015-06-30,0.016252124,0.017576041,0.019078588,0.02052176,0.021492949
2015-07-01,0.016148108,0.016960364,0.019304229,0.020848327,0.021725701
2015-07-02,0.016353533,0.017481323,0.019521201,0.020988459,0.021881738
2015-07-06,0.015845195,0.017171266,0.019096404,0.020550845,0.021689548
2015-07-07,0.015848351,0.017264479,0.019082228,0.020532054,0.021545773
2015-07-08,0.015542356,0.016856091,0.018677727,0.020109438,0.021228513
2015-07-09,0.015743074,0.016764648,0.018901767,0.020244042,0.021416258
2015-07-10,0.01595066,0.017070871,0.019106754,0.020555728,0.021693724
2015-07-13,0.015740782,0.016970415,0.019003874,0.020551109,0.02156874
2015-07-14,0.015640535,0.017073309,0.018904579,0.020479712,0.021635529
2015-07-15,0.015436309,0.01676225,0.018799052,0.020228629,0.02137752
2015-07-16,0.015333631,0.016650912,0.018780896,0.020084882,0.02135869
2015-07-17,0.015128623,0.016035965,0.018667998,0.021046779,0.021028423
2015-07-20,0.01502538,0.016240665,0.018562471,0.019613775,0.021163478
2015-07-21,0.015023565,0.016135107,0.018560017,0.019620075,0.021164706
2015-07-22,0.014913083,0.016542308,0.018335561,0.019394546,0.020921573
2015-07-23,0.014614547,0.016130404,0.018229049,0.01926895,0.020669055
2015-07-24,0.01410864,0.015933379,0.017928416,0.019163395,0.020266129
2015-07-27,0.013599807,0.015117121,0.017641789,0.01896528,0.020182031
2015-07-28,0.013904889,0.015830272,0.017838517,0.018968931,0.020330956
2015-07-29,0.014110038,0.016240991,0.018045032,0.019186885,0.020553862
2015-07-30,0.014108508,0.016337249,0.018033131,0.019052107,0.020416713
2015-07-31,0.013702389,0.015723892,0.017732977,0.018886781,0.020261381
2015-08-03,0.01318985,0.015312875,0.017319218,0.018551405,0.019794013
2015-08-04,0.013190099,0.01541175,0.01741661,0.018407646,0.019785444
2015-08-05,0.013196708,0.015314604,0.017322398,0.018293665,0.019657419
2015-08-06,0.01319578,0.015207416,0.017001169,0.017989073,0.019600852
2015-08-07,0.012885052,0.014687356,0.016893513,0.017740749,0.019462123
2015-08-10,0.013091554,0.014694314,0.017218784,0.018055975,0.019562066
2015-08-11,0.012789329,0.014283153,0.016908968,0.017747707,0.019350546
2015-08-12,0.01278945,0.014489712,0.016495887,0.017601611,0.019217933
2015-08-13,0.012483964,0.013983162,0.016501468,0.017456182,0.019327892
2015-08-14,0.012585632,0.0142867,0.01648987,0.017531683,0.01923127
2015-08-17,0.012281317,0.013976831,0.016077915,0.017232271,0.018919459
2015-08-18,0.012178368,0.014088487,0.016089465,0.017267027,0.019105047
2015-08-19,0.011775527,0.013786117,0.016000237,0.017184148,0.018908376
2015-08-20,0.011773332,0.014186353,0.015873857,0.017166171,0.018732276
2015-08-21,0.011373396,0.013170534,0.015588147,0.016968678,0.018277544
2015-08-24,0.01117534,0.013379525,0.015176881,0.016595111,0.01790774
2015-08-25,0.011577168,0.013689678,0.015594403,0.017019744,0.018336854
2015-08-26,0.011378165,0.013806477,0.015620716,0.017305987,0.018629991
2015-08-27,0.012084906,0.014412402,0.01611611,0.017597259,0.019336342
2015-08-28,0.01228214,0.014399705,0.016416709,0.017874357,0.019476443
2015-08-31,0.012685165,0.014699195,0.016615608,0.017982808,0.019473134
2015-09-01,0.011881105,0.013990171,0.016016946,0.017600103,0.019077088
2015-09-02,0.011979002,0.01399465,0.015916589,0.017510774,0.018993406
2015-09-03,0.011674457,0.014004366,0.015714754,0.0174204,0.018769565
2015-09-04,0.011468447,0.013585172,0.015399013,0.017081254,0.018540407
2015-09-08,0.011571615,0.013895025,0.015608156,0.017314322,0.018667194
2015-09-09,0.011568257,0.013687776,0.0159293,0.017381146,0.019012851
2015-09-10,0.012174382,0.014502262,0.016224635,0.017703513,0.019212394
2015-09-11,0.012177545,0.014293624,0.016229359,0.017585385,0.019212096
2015-09-14,0.011971125,0.014192326,0.015913297,0.017406795,0.019170446
2015-09-15,0.012069772,0.014297384,0.015912431,0.017540499,0.019330758
2015-09-16,0.012173367,0.014401462,0.016017797,0.017425889,0.019225888
2015-09-17,0.012484121,0.014607537,0.016129105,0.017670603,0.019202442
2015-09-18,0.011973523,0.014094493,0.015811446,0.017224577,0.01902939
2015-09-21,0.011974646,0.014101699,0.015716636,0.017152478,0.018855582
2015-09-22,0.011570691,0.013691286,0.015416176,0.016808206,0.018344691
2015-09-23,0.011671433,0.013688263,0.015516772,0.016680579,0.018494585
2015-09-24,0.011171603,0.013494881,0.015206112,0.016252923,0.018321623
2015-09-25,0.011169563,0.013392113,0.014902256,0.015953176,0.018032548
2015-09-28,0.01026144,0.012474585,0.014191568,0.015304331,0.017477212
2015-09-29,0.010359846,0.012471047,0.01418993,0.015217418,0.017405099
2015-09-30,0.010764989,0.012876556,0.014390878,0.015436744,0.017360864
2015-10-01,0.011369602,0.013482701,0.014888171,0.015836829,0.017759136
2015-10-02,0.01157094,0.013583434,0.01509958,0.015966606,0.018046582
2015-10-05,0.011874282,0.013996344,0.015415844,0.016183144,0.018412482
2015-10-06,0.012277326,0.014291285,0.015506812,0.01617237,0.018516375
2015-10-07,0.012271873,0.014396738,0.015816602,0.01646992,0.018699921
2015-10-08,0.012678802,0.014808611,0.016124278,0.016715943,0.019141513
2015-10-09,0.012279214,0.014500047,0.01571067,0.016272415,0.018787865
2015-10-13,0.011870059,0.014091996,0.015505353,0.016178549,0.018453532
2015-10-14,0.011567185,0.013688413,0.015203642,0.015772188,0.018317802
2015-10-15,0.011871284,0.013991671,0.015299487,0.015635583,0.018295479
2015-10-16,0.011872748,0.013887748,0.015086531,0.015420968,0.018080083
2015-10-19,0.01136636,0.013489812,0.014789384,0.015574808,0.01798907
2015-10-20,0.011664998,0.01379534,0.015090561,0.016099587,0.018354664
2015-10-21,0.01136229,0.013486971,0.014781759,0.015658447,0.018018475
2015-10-22,0.011468649,0.013693612,0.014989086,0.015983815,0.018342812
2015-10-23,0.011971549,0.014201867,0.015385147,0.016709426,0.01876293
2015-10-26,0.011665965,0.013892539,0.015080949,0.016274973,0.018464231
2015-10-27,0.011565047,0.013788494,0.015085894,0.016175142,0.018507196
2015-10-28,0.011459409,0.013686172,0.014967015,0.016025644,0.018341864
2015-10-29,0.011966818,0.014196778,0.015492324,0.016669508,0.018870598
2015-10-30,0.01206667,0.014291568,0.015582449,0.016766783,0.019079534
2015-11-02,0.012370998,0.014597056,0.01577945,0.01695463,0.019130544
2015-11-03,0.01277356,0.014901515,0.016085219,0.017289684,0.019239282
2015-11-04,0.012669953,0.014893954,0.015970841,0.017270722,0.019194389
2015-11-05,0.012366608,0.01459268,0.015772934,0.017171308,0.018949924
2015-11-06,0.012570201,0.01490062,0.016180869,0.01759628,0.019401
2015-11-09,0.012878928,0.015197334,0.016276088,0.0178257,0.01963456
2015-11-10,0.01257691,0.014794293,0.015760095,0.017436173,0.019502387
2015-11-12,0.012474194,0.014691336,0.0156519,0.017318493,0.019383239
2015-11-13,0.012174903,0.014594561,0.015452452,0.017235042,0.01916264
2015-11-16,0.01206341,0.01428815,0.015360255,0.017038351,0.019117715
2015-11-17,0.012371053,0.014690836,0.01554574,0.017232382,0.019302755
2015-11-18,0.012567165,0.014788914,0.015850782,0.017405042,0.019336817
2015-11-19,0.012765517,0.014883006,0.015835885,0.017384977,0.019306424
2015-11-20,0.013167199,0.015389175,0.016238257,0.017694927,0.019744489
2015-11-23,0.013367614,0.015478363,0.016332135,0.017670208,0.019598056
2015-11-24,0.01336785,0.015584769,0.01644359,0.017682979,0.019635962
2015-11-25,0.013167568,0.015377992,0.016336686,0.017588086,0.019688504
2015-11-27,0.013166062,0.015379308,0.016239574,0.017607589,0.019702799
2015-11-30,0.013061136,0.015274827,0.016129362,0.017594766,0.019537359
2015-12-01,0.012959601,0.015069988,0.015923276,0.017150512,0.019339816
2015-12-02,0.01275756,0.014868296,0.015818739,0.016795171,0.019111733
2015-12-03,0.013369918,0.015391197,0.016350504,0.017454652,0.019677826
2015-12-04,0.013063612,0.015286971,0.016238649,0.017337977,0.019686809
2015-12-07,0.012563235,0.014874034,0.01582514,0.01679461,0.01924514
2015-12-08,0.01256679,0.014764919,0.015829239,0.016912759,0.019369582
2015-12-09,0.012161245,0.014468056,0.015534322,0.016520056,0.019145765
2015-12-10,0.012060803,0.014471606,0.015318187,0.016304093,0.018931443
2015-12-11,0.011759538,0.013958316,0.014812659,0.015660593,0.018247315
2015-12-14,0.011753962,0.014067669,0.01470709,0.015555369,0.018028357
2015-12-15,0.012259354,0.014468765,0.015009486,0.015418921,0.018551115
2015-12-16,0.012060542,0.014571017,0.014786841,0.015214035,0.018570688
2015-12-17,0.012157863,0.014352804,0.01488236,0.015613033,0.018204903
2015-12-18,0.012157489,0.014355606,0.014781471,0.015403679,0.017957154
2015-12-21,0.011956262,0.014153906,0.014688651,0.015313499,0.01801944
2015-12-22,0.011956213,0.014155532,0.014794212,0.015750307,0.018199789
2015-12-23,0.012557782,0.014662923,0.015299228,0.01628114,0.018745582
2015-12-24,0.012352493,0.014559979,0.015399177,0.016357127,0.018546109
2015-12-28,0.012447643,0.014556034,0.015186191,0.016150696,0.018719328
2015-12-29,0.0128488,0.014758072,0.015496584,0.016582795,0.018916362
2015-12-30,0.012853358,0.015178097,0.015585222,0.016706657,0.018912357
2015-12-31,0.013152841,0.015172088,0.015585689,0.016815704,0.018863615
2016-01-04,0.013158117,0.015267666,0.015686657,0.016806623,0.018848133
2016-01-05,0.013157483,0.015263222,0.015794258,0.017042282,0.018969219
2016-01-06,0.01265506,0.01485769,0.015498317,0.01672853,0.018658154
2016-01-07,0.012554085,0.014554494,0.015204236,0.016084719,0.018033291
2016-01-08,0.012354366,0.014351719,0.015003761,0.016005417,0.017947107
2016-01-11,0.01195286,0.01406007,0.014713822,0.015605578,0.01795265
2016-01-12,0.011947095,0.013847182,0.014504564,0.015146743,0.017618273
2016-01-13,0.01184739,0.013849112,0.014501648,0.015034193,0.017492813
2016-01-14,0.012049418,0.01395759,0.014503169,0.015179628,0.017797768
2016-01-15,0.011242286,0.013045372,0.013801509,0.014638545,0.016931864
2016-01-19,0.011641919,0.013347889,0.013999735,0.014496134,0.016921603
2016-01-20,0.011034157,0.012640747,0.013398115,0.014085138,0.016223597
2016-01-21,0.010835803,0.012440851,0.012990315,0.013795581,0.016322254
2016-01-22,0.011537624,0.013042126,0.013702156,0.014294198,0.016964854
2016-01-25,0.011536652,0.013141728,0.013584761,0.014198597,0.01687594
2016-01-26,0.011738635,0.013138854,0.01379382,0.014520963,0.01695212
2016-01-27,0.011843175,0.013444922,0.014211795,0.014834807,0.017273065
2016-01-28,0.012046292,0.013853086,0.014409984,0.014946278,0.017379647
2016-01-29,0.011948397,0.013650019,0.014318492,0.014859234,0.017419144
2016-02-01,0.012044099,0.01365137,0.014203937,0.014854655,0.017421029
2016-02-02,0.011442906,0.013138924,0.013800972,0.014322381,0.017112532
2016-02-03,0.011649413,0.013242865,0.014013842,0.014773205,0.01769239
2016-02-04,0.011350835,0.013144416,0.013812846,0.014580092,0.017639198
2016-02-05,0.010737613,0.012432367,0.013514465,0.014359936,0.017173836
2016-02-08,0.0097356598,0.011520468,0.012494213,0.013623627,0.016222199
2016-02-09,0.0093303122,0.011112885,0.012293514,0.013411004,0.016008608
2016-02-10,0.009526904,0.011312328,0.012276375,0.01352582,0.016250773
2016-02-11,0.0094298675,0.011002383,0.0119593,0.013246997,0.016395869
2016-02-12,0.010334913,0.01191476,0.012667811,0.013546294,0.016766688
2016-02-16,0.01033044,0.01191823,0.012673273,0.013439741,0.016559372
2016-02-17,0.010436622,0.012223737,0.012977669,0.01387627,0.016749924
2016-02-18,0.010233341,0.011817197,0.01256809,0.013782538,0.016647213
2016-02-19,0.010628399,0.012117234,0.012759966,0.013858928,0.016699439
2016-02-22,0.011129422,0.012519323,0.013265414,0.014270371,0.017119602
2016-02-23,0.01133104,0.012718132,0.013362354,0.014380579,0.017219933
2016-02-24,0.011537434,0.013125805,0.013773089,0.014589542,0.01745857
2016-02-25,0.011839603,0.013326747,0.01408222,0.01501629,0.017495161
2016-02-26,0.012038485,0.013830052,0.014267911,0.015337238,0.017573618
2016-02-29,0.012340216,0.013824486,0.014370159,0.015541655,0.017751219
2016-03-01,0.012943285,0.014534804,0.014973066,0.016179788,0.018305038
2016-03-02,0.013450239,0.015039745,0.015263558,0.016254906,0.01861886
2016-03-03,0.013648452,0.015240635,0.015468412,0.016107361,0.018459541
2016-03-04,0.01365104,0.015139879,0.01526118,0.016115798,0.018462355
2016-03-07,0.013647808,0.01483279,0.014952241,0.015669631,0.018140287
2016-03-08,0.013345924,0.014623776,0.014748853,0.01545518,0.017776599
2016-03-09,0.013748133,0.01493081,0.015267973,0.015526081,0.017872928
2016-03-10,0.013547593,0.014831952,0.014946242,0.015423485,0.018013283
2016-03-11,0.01414874,0.015333548,0.015557143,0.015830694,0.018206373
2016-03-14,0.013844411,0.015132119,0.015353845,0.015731739,0.018100676
2016-03-15,0.013540861,0.014826126,0.015151198,0.015507504,0.017731215
2016-03-16,0.014560156,0.015749938,0.015987211,0.016166033,0.018413263
2016-03-17,0.014658812,0.015849823,0.015877014,0.016161157,0.018511215
2016-03-18,0.014760677,0.015954093,0.016294256,0.016604022,0.019094276
2016-03-21,0.015062517,0.016253312,0.016597073,0.017134447,0.019382098
2016-03-22,0.014858302,0.016153101,0.01648436,0.017005508,0.019349888
2016-03-23,0.014454376,0.015643105,0.015979287,0.016577434,0.019010615
2016-03-24,0.014252154,0.01554561,0.015881374,0.016464167,0.018765152
2016-03-28,0.014048973,0.015341664,0.015779824,0.016370251,0.018807477
2016-03-29,0.014765184,0.015847796,0.016292839,0.01690847,0.019206464
2016-03-30,0.015274886,0.016569463,0.016713867,0.017264789,0.019600121
2016-03-31,0.014970629,0.016061012,0.016414191,0.017172006,0.019491494
2016-04-01,0.014967726,0.016157349,0.016403354,0.017064792,0.019643666
2016-04-04,0.014863658,0.015955085,0.016618419,0.017260648,0.019579415
2016-04-05,0.014361888,0.015550718,0.016107477,0.016725269,0.019136821
2016-04-06,0.014363237,0.015550142,0.016107929,0.016844492,0.019154081
2016-04-07,0.014159724,0.015449733,0.016005959,0.016524322,0.019064956
2016-04-08,0.014362621,0.015448192,0.016009539,0.016641315,0.019076444
2016-04-11,0.014162594,0.015246983,0.015808977,0.016323846,0.0187628
2016-04-12,0.013959523,0.015147474,0.015911664,0.016316783,0.018917695
2016-04-13,0.014359884,0.015446789,0.01579828,0.016195715,0.018759544
2016-04-14,0.01425859,0.015349379,0.015793937,0.016198929,0.018915431
2016-04-15,0.014256884,0.015249614,0.015799457,0.016184893,0.01885847
2016-04-18,0.014157356,0.01534782,0.015901486,0.016615172,0.019040781
2016-04-19,0.014662269,0.01595504,0.01619407,0.016939448,0.019371748
2016-04-20,0.014965524,0.016157714,0.01639613,0.016933431,0.019507173
2016-04-21,0.01566896,0.017168486,0.016596832,0.017148832,0.019467327
2016-04-22,0.015667987,0.017266288,0.016588729,0.017148465,0.019470246
2016-04-25,0.015667688,0.017271838,0.016693666,0.017255661,0.019468044
2016-04-26,0.015670762,0.017472717,0.016897369,0.017374649,0.019862311
2016-04-27,0.015768099,0.017063878,0.017006317,0.017486689,0.019841948
2016-04-28,0.016176107,0.017576543,0.01742397,0.017802977,0.019912603
2016-04-29,0.016077412,0.017778778,0.017317168,0.017904831,0.020098901
2016-05-02,0.015873049,0.017577676,0.01701576,0.017704534,0.019912216
2016-05-03,0.015472368,0.016764936,0.016610917,0.017191274,0.019664533
2016-05-04,0.015267463,0.016969648,0.016509636,0.016982428,0.019560439
2016-05-05,0.015269987,0.0165652,0.016510902,0.016750958,0.019458621
2016-05-06,0.015168865,0.016463315,0.016306758,0.016638214,0.019330494
2016-05-09,0.015065343,0.01616198,0.016113602,0.016439809,0.019149186
2016-05-10,0.015371588,0.01696604,0.016411962,0.0168709,0.019460017
2016-05-11,0.015366951,0.016863091,0.016087059,0.016664625,0.019355928
2016-05-12,0.015368018,0.01645204,0.01618101,0.016756536,0.019439428
2016-05-13,0.015264684,0.01674779,0.015968601,0.01675089,0.019270383
2016-05-16,0.01536426,0.016446941,0.016171858,0.01673952,0.019396446
2016-05-17,0.015663178,0.016644944,0.016262683,0.016939871,0.019596863
2016-05-18,0.01546055,0.01664171,0.016252363,0.016476869,0.019614781
2016-05-19,0.015158661,0.01623904,0.015746441,0.016271879,0.019277859
2016-05-20,0.015155234,0.016133952,0.015753842,0.016148568,0.019013051
2016-05-23,0.014949929,0.016133926,0.015542966,0.015515134,0.019103449
2016-05-24,0.015153589,0.016233036,0.015637476,0.015617115,0.019216074
2016-05-25,0.015155074,0.016440152,0.015948254,0.016383742,0.019402451
2016-05-26,0.015160418,0.016444146,0.015953872,0.016611463,0.019382155
2016-05-27,0.015156703,0.016337564,0.015948055,0.016488804,0.019265959
2016-05-31,0.014757554,0.016040553,0.015545687,0.015639559,0.019023171
2016-06-01,0.014752362,0.015931671,0.015540498,0.015507984,0.018890884
2016-06-02,0.01485099,0.016033585,0.015539255,0.015060356,0.018657083
2016-06-03,0.01455329,0.015632328,0.015359087,0.01500305,0.01849555
2016-06-06,0.014956532,0.016038235,0.01555662,0.015331833,0.018719664
2016-06-07,0.015159979,0.016136205,0.015866495,0.015650548,0.018939728
2016-06-08,0.015462995,0.01644034,0.016064405,0.015730872,0.018983692
2016-06-09,0.015361233,0.016238056,0.015753324,0.015411973,0.018651058
2016-06-10,0.01496016,0.015833635,0.015355561,0.014989284,0.01819017
2016-06-13,0.01455411,0.015434784,0.014850975,0.014582161,0.017778647
2016-06-14,0.014551539,0.015230841,0.014644134,0.014371068,0.017473221
2016-06-15,0.014757971,0.015335952,0.014861939,0.014713325,0.017717879
2016-06-16,0.014252296,0.014927198,0.014342399,0.014172452,0.017255788
2016-06-17,0.014355661,0.014932652,0.014347637,0.014171081,0.017409331
2016-06-20,0.014352839,0.014930596,0.014451279,0.014049565,0.017543845
2016-06-21,0.014150661,0.014831118,0.01445078,0.014148343,0.017519176
2016-06-22,0.014154093,0.015137276,0.014546123,0.014276436,0.0176656
2016-06-23,0.014758318,0.015743305,0.015153654,0.015014627,0.018402818
2016-06-24,0.01365191,0.014633061,0.014357602,0.01410383,0.017841592
2016-06-27,0.012741858,0.013719917,0.013537172,0.013557767,0.017088153
2016-06-28,0.013246705,0.014020789,0.013840755,0.014076821,0.017238527
2016-06-29,0.013652919,0.014526475,0.014145191,0.013954497,0.017474117
2016-06-30,0.013860498,0.014733021,0.014148998,0.013964822,0.0175968
2016-07-01,0.014360827,0.015032647,0.01444648,0.014465717,0.017705663
2016-07-05,0.013955298,0.014622575,0.014136505,0.014135186,0.017201129
2016-07-06,0.014155881,0.014919898,0.014438232,0.01433481,0.017400673
2016-07-07,0.014155256,0.014820836,0.014440963,0.014105904,0.017173504
2016-07-08,0.013948761,0.01471142,0.014433135,0.014210379,0.017154263
2016-07-11,0.014149108,0.014913711,0.014320026,0.013971492,0.017134497
2016-07-12,0.014654268,0.01522513,0.014734509,0.014179431,0.017406792
2016-07-13,0.014352246,0.015118896,0.014624451,0.014278557,0.017347474
2016-07-14,0.014457606,0.015323318,0.014630371,0.014081217,0.017742412
2016-07-15,0.014457825,0.015426261,0.015041992,0.014806759,0.018018854
2016-07-18,0.014158051,0.01502194,0.015048166,0.015027869,0.017902383
2016-07-19,0.013952889,0.015018204,0.014534166,0.013964061,0.017599302
2016-07-20,0.014050196,0.015020646,0.014736621,0.014603009,0.017683876
2016-07-21,0.013850128,0.015225976,0.015355034,0.015134954,0.017534208
2016-07-22,0.013650351,0.015223437,0.015242832,0.014921304,0.017547948
2016-07-25,0.013448869,0.015016476,0.015138558,0.014914305,0.017428762
2016-07-26,0.013340741,0.014914205,0.015135527,0.015127133,0.017524033
2016-07-27,0.013137764,0.014712109,0.01503458,0.015235811,0.017502846
2016-07-28,0.013341474,0.015017048,0.015339553,0.015340874,0.017739677
2016-07-29,0.01314187,0.014716191,0.015038084,0.015141601,0.017521364
2016-08-01,0.012742526,0.014518636,0.014743916,0.014842275,0.017466442
2016-08-02,0.012544172,0.014323306,0.014551576,0.014541775,0.017318143
2016-08-03,0.012844827,0.014523844,0.014756532,0.014642867,0.01753204
2016-08-04,0.013048619,0.014621143,0.014857075,0.01485369,0.01772543
2016-08-05,0.01334857,0.015021116,0.015147088,0.015372252,0.01827233
2016-08-08,0.013445781,0.015021687,0.015242097,0.015449913,0.018078856
2016-08-09,0.013045357,0.014816037,0.015039727,0.015126781,0.017850017
2016-08-10,0.012743156,0.014413145,0.01452957,0.014949942,0.017793932
2016-08-11,0.013241289,0.01481523,0.014823665,0.01524228,0.018086488
2016-08-12,0.012943237,0.014511812,0.014522884,0.015040032,0.017844445
2016-08-15,0.013045671,0.014714172,0.014624515,0.015251081,0.01782614
2016-08-16,0.012839267,0.014513403,0.01452272,0.015040447,0.017736123
2016-08-17,0.013144229,0.014814688,0.014825823,0.015129747,0.017707973
2016-08-18,0.013246304,0.014818903,0.014828216,0.01557232,0.017807666
2016-08-19,0.013445584,0.015015621,0.014926194,0.015551544,0.017890811
2016-08-22,0.013441102,0.01491365,0.014822612,0.015321056,0.017757295
2016-08-23,0.01344533,0.014912746,0.014924499,0.015424802,0.017861702
2016-08-24,0.013242008,0.014912514,0.014932358,0.01531221,0.01773113
2016-08-25,0.013341973,0.015014779,0.015027648,0.015426225,0.017874155
2016-08-26,0.013137779,0.014908525,0.014812271,0.015617228,0.017677921
2016-08-29,0.012935482,0.014602095,0.014715365,0.015278014,0.017525577
2016-08-30,0.012838652,0.0146041,0.014713415,0.015499207,0.017526557
2016-08-31,0.012738138,0.014606646,0.014814744,0.015598076,0.017645857
2016-09-01,0.012438901,0.014405096,0.014614192,0.015718038,0.017763562
2016-09-02,0.012840103,0.014712674,0.014818276,0.015946244,0.018002836
2016-09-06,0.012943054,0.014813047,0.015031245,0.01595267,0.018238272
2016-09-07,0.013042919,0.014911339,0.015232123,0.016263829,0.018326653
2016-09-08,0.013444283,0.015318404,0.015333443,0.016179794,0.018598185
2016-09-09,0.01324538,0.014922465,0.015141322,0.016307678,0.018522837
2016-09-12,0.013343502,0.015026582,0.015254188,0.016206107,0.018670299
2016-09-13,0.013149061,0.01502977,0.015049239,0.01602356,0.01873502
2016-09-14,0.013049497,0.0149325,0.015059233,0.015914253,0.018594976
2016-09-15,0.013152538,0.015038967,0.015071442,0.015950278,0.018662494
2016-09-16,0.013451448,0.015230493,0.015262751,0.016013224,0.018468184
2016-09-19,0.013549311,0.015231213,0.015154353,0.016026035,0.018390453
2016-09-20,0.013347779,0.015023034,0.015057596,0.01590938,0.018134827
2016-09-21,0.013749126,0.015320882,0.01525006,0.015991389,0.018297884
2016-09-22,0.014050626,0.015621163,0.01564951,0.016594999,0.018420449
2016-09-23,0.014253901,0.015820741,0.015857297,0.016813013,0.018859781
2016-09-26,0.014049343,0.015620717,0.015554399,0.016402737,0.018442765
2016-09-27,0.013847939,0.015415624,0.015344569,0.016074463,0.018216988
2016-09-28,0.014455217,0.015921694,0.015745037,0.016492077,0.018435741
2016-09-29,0.014455676,0.015821248,0.015547106,0.015857862,0.01824462
2016-09-30,0.014551328,0.016024655,0.016160075,0.016805517,0.018534896
2016-10-03,0.014751994,0.016326667,0.016456685,0.017108196,0.018845417
2016-10-04,0.014552764,0.016127193,0.016364128,0.017113467,0.01861963
2016-10-05,0.014851824,0.01632799,0.01635998,0.017018692,0.018778678
2016-10-06,0.014956395,0.016635257,0.016561685,0.017326347,0.01907179
2016-10-07,0.015060469,0.016528479,0.016463926,0.017452563,0.019081734
2016-10-11,0.01515625,0.016424486,0.016566195,0.017344778,0.019234173
2016-10-12,0.015155307,0.016540498,0.016572703,0.017338643,0.0190942
2016-10-13,0.015057044,0.016429228,0.01646857,0.017135808,0.019018879
2016-10-14,0.01536179,0.016637578,0.01689585,0.017688126,0.019473779
2016-10-17,0.015567053,0.016939736,0.016991641,0.017791178,0.019794681
2016-10-18,0.015462042,0.016738831,0.016788666,0.017697819,0.019696455
2016-10-19,0.015664569,0.016941596,0.016997492,0.017684297,0.019684807
2016-10-20,0.01566004,0.016837111,0.016987728,0.017669041,0.01955646
2016-10-21,0.015658259,0.016731306,0.016883019,0.017668179,0.01954984
2016-10-24,0.015359912,0.016632269,0.016784113,0.017689444,0.019715754
2016-10-25,0.015756937,0.017034303,0.017184917,0.017865954,0.019866888
2016-10-26,0.015862562,0.017240701,0.017285321,0.018090958,0.020211471
2016-10-27,0.015765866,0.017246675,0.017397611,0.018217651,0.020268516
2016-10-28,0.016066213,0.017351903,0.01750982,0.018014089,0.020321728
2016-10-31,0.015964418,0.01735471,0.017507553,0.018202838,0.020225036
2016-11-01,0.01596931,0.017253951,0.017406718,0.018111255,0.020382151
2016-11-02,0.015565397,0.016945835,0.017215193,0.01790485,0.020056165
2016-11-03,0.015264149,0.016747001,0.017015295,0.017732323,0.020030146
2016-11-04,0.015261363,0.016747265,0.017014319,0.01760865,0.019871433
2016-11-07,0.015666245,0.01705067,0.017312243,0.018352402,0.020398391
2016-11-08,0.015764754,0.017148011,0.017512266,0.01832635,0.020500302
2016-11-09,0.016787678,0.018589155,0.018437916,0.019260674,0.022364732
2016-11-10,0.017094584,0.019001431,0.019052568,0.019764759,0.022551362
2016-11-14,0.016584933,0.018387438,0.018533979,0.019527107,0.022048357
2016-11-15,0.016786759,0.018590095,0.018414966,0.019394321,0.021881648
2016-11-16,0.016690517,0.018488201,0.01851452,0.019441806,0.021519959
2016-11-17,0.017191333,0.018898017,0.018932469,0.019783647,0.022146303
2016-11-18,0.017494927,0.019200922,0.019226876,0.019925151,0.022269028
2016-11-21,0.017491903,0.019198474,0.01932843,0.020244291,0.022351135
2016-11-22,0.017594509,0.019300111,0.019219833,0.020162888,0.022265701
2016-11-23,0.017488355,0.019298811,0.019421251,0.02022819,0.022460415
2016-11-25,0.017491405,0.01940002,0.019106562,0.019905694,0.022336688
2016-11-28,0.01698169,0.01868655,0.018707077,0.019617301,0.021952835
2016-11-29,0.016985896,0.018686715,0.018807369,0.019796885,0.021723966
2016-11-30,0.017795648,0.019502866,0.019627901,0.020634796,0.022580143
2016-12-01,0.018201919,0.019910308,0.019938333,0.020951211,0.023004348
2016-12-02,0.017696581,0.019408831,0.019331273,0.020481147,0.022577615
2016-12-05,0.017994529,0.019600396,0.019630725,0.020648498,0.022599568
2016-12-06,0.018095601,0.019700567,0.019736298,0.020688042,0.02304745
2016-12-07,0.017895111,0.019389568,0.019424525,0.02056628,0.022620091
2016-12-08,0.018402757,0.020013994,0.019734788,0.020807631,0.022762318
2016-12-09,0.018402185,0.020021509,0.019845655,0.020798,0.022772981
2016-12-12,0.018703847,0.02011889,0.02005899,0.020546392,0.022797218
2016-12-13,0.018700248,0.020311566,0.019731174,0.019446733,0.022616259
2016-12-14,0.018286166,0.019587112,0.019612904,0.020133158,0.022102496
2016-12-15,0.017888337,0.019190217,0.019196164,0.019559934,0.02140079
2016-12-16,0.017586409,0.018893548,0.018800753,0.019300249,0.021285955
2016-12-19,0.017486368,0.018580823,0.018803474,0.019384135,0.021209596
2016-12-20,0.018092877,0.019089364,0.019205892,0.019688178,0.021404438
2016-12-21,0.017491442,0.018479984,0.019331501,0.019990818,0.02144344
2016-12-22,0.018702516,0.019697433,0.01971243,0.020191548,0.021874027
2016-12-23,0.018498547,0.019492079,0.019928469,0.020614113,0.022179669
2016-12-27,0.018892101,0.019787447,0.020120907,0.020598455,0.022289345
2016-12-28,0.018589106,0.019377031,0.019707053,0.020408301,0.021966138
2016-12-29,0.018190889,0.019400345,0.01962247,0.020332188,0.021881411
2016-12-30,0.018491098,0.019389005,0.019723789,0.020453332,0.022022879
2017-01-03,0.018691462,0.019786905,0.020016838,0.020736236,0.022278243
2017-01-04,0.018685787,0.019789972,0.020126137,0.020736892,0.022309406
2017-01-05,0.018388303,0.01938495,0.019715821,0.020318011,0.021984771
2017-01-06,0.01848516,0.019477253,0.019810408,0.020407682,0.021971728
2017-01-09,0.018580483,0.019371164,0.019709288,0.020206032,0.021903018
2017-01-10,0.018484001,0.019167444,0.019712707,0.020203778,0.021903551
2017-01-11,0.018582553,0.019269191,0.020121506,0.020388741,0.022093291
2017-01-12,0.018787311,0.019578649,0.020009395,0.020605794,0.023016237
2017-01-13,0.018582774,0.01937437,0.020123793,0.020620649,0.022327171
2017-01-17,0.018483092,0.01917334,0.019915942,0.020524351,0.02184254
2017-01-18,0.018685492,0.019578003,0.020213159,0.020703612,0.022016858
2017-01-19,0.019089181,0.01998736,0.02062535,0.020897205,0.022365413
2017-01-20,0.01930228,0.020200242,0.020639895,0.021010596,0.022334449
2017-01-23,0.018691968,0.019285531,0.020456272,0.020812176,0.022267711
2017-01-24,0.019399131,0.020303409,0.020843371,0.021015718,0.022483516
2017-01-25,0.01970598,0.020613768,0.021049258,0.021319463,0.02265588
2017-01-26,0.019504065,0.020516645,0.021062431,0.021324503,0.02265616
2017-01-27,0.019700858,0.020512323,0.0210573,0.021319807,0.022763422
2017-01-30,0.019599784,0.020411278,0.020956647,0.021347801,0.022674336
2017-01-31,0.019501163,0.02020238,0.020751226,0.021153127,0.022498376
2017-02-01,0.019295481,0.019795992,0.020754898,0.021043352,0.022545396
2017-02-02,0.019399049,0.019901148,0.020756107,0.020843359,0.022491558
2017-02-03,0.019196231,0.019593506,0.020765648,0.020851037,0.022388506
2017-02-06,0.019196111,0.019694074,0.020460999,0.020555112,0.02206803
2017-02-07,0.01879009,0.019282297,0.020257516,0.020546122,0.021909967
2017-02-08,0.018285186,0.018981512,0.019832637,0.020346536,0.021809722
2017-02-09,0.018685138,0.01928066,0.020131863,0.0206555,0.022250525
2017-02-10,0.018789884,0.019485014,0.020331647,0.02105013,0.022360969
2017-02-13,0.018792717,0.019382293,0.020228664,0.021053332,0.022482728
2017-02-14,0.018787954,0.019377844,0.020319992,0.021152518,0.022593038
2017-02-15,0.019395158,0.020085736,0.020824263,0.021538086,0.022844719
2017-02-16,0.019093088,0.019479359,0.020429151,0.021250752,0.022196444
2017-02-17,0.018586908,0.019074061,0.02033285,0.021374507,0.022430963
2017-02-21,0.018787525,0.019171409,0.020533556,0.021366284,0.022455736
2017-02-22,0.019291012,0.019780692,0.020627846,0.021485721,0.022567665
2017-02-23,0.019094944,0.019791274,0.020526608,0.021414541,0.022629027
2017-02-24,0.019098015,0.019685824,0.020226144,0.02131288,0.022252187
2017-02-27,0.018684082,0.019272174,0.020318946,0.021278046,0.022234091
2017-02-28,0.01898552,0.019565012,0.020402505,0.021152752,0.022252346
2017-03-01,0.018476945,0.018956302,0.020515037,0.021341569,0.022415072
2017-03-02,0.018474473,0.018950892,0.02030619,0.021242242,0.02231763
2017-03-03,0.019281272,0.019764418,0.020602687,0.021328762,0.022402339
2017-03-06,0.019081498,0.019559603,0.020297098,0.021155018,0.022368375
2017-03-07,0.01928332,0.019655516,0.020503648,0.021118875,0.022225619
2017-03-08,0.019077723,0.019558821,0.020309391,0.020907079,0.022138178
2017-03-09,0.018981837,0.01946048,0.020196987,0.02113677,0.022225211
2017-03-10,0.019080956,0.019453735,0.020305176,0.021322249,0.022092039
2017-03-13,0.018671388,0.01904852,0.020319544,0.021435154,0.022240357
2017-03-14,0.018872362,0.019353189,0.020098638,0.021001122,0.022035498
2017-03-15,0.018469775,0.018747064,0.020330811,0.021349747,0.022284563
2017-03-16,0.018771869,0.019148789,0.020417547,0.021469897,0.022432402
2017-03-17,0.018974081,0.019249129,0.020310069,0.02114642,0.022220304
2017-03-20,0.018674157,0.018946252,0.020213262,0.02114945,0.021984465
2017-03-21,0.018070243,0.01833911,0.020017956,0.020830111,0.021662793
2017-03-22,0.017966567,0.01813615,0.019907354,0.020736157,0.021823853
2017-03-23,0.017566817,0.018347631,0.019706829,0.021071834,0.021800776
2017-03-24,0.017364938,0.018654362,0.020012885,0.021375727,0.02210614
2017-03-27,0.017561153,0.018444259,0.019905456,0.021365841,0.021952958
2017-03-28,0.017361067,0.018545904,0.019900602,0.021371226,0.02196217
2017-03-29,0.018070641,0.018536997,0.02000475,0.020926955,0.021983773
2017-03-30,0.018172319,0.018744709,0.019794341,0.020845043,0.021900911
2017-03-31,0.017766191,0.018348532,0.019912224,0.020963744,0.022045474
2017-04-03,0.017361145,0.01834678,0.019813427,0.02120184,0.0219475
2017-04-04,0.017761973,0.018241928,0.019818854,0.02076632,0.021981585
2017-04-05,0.01776153,0.018348708,0.019923223,0.020992777,0.022202625
2017-04-06,0.017158757,0.01814635,0.019714618,0.021337497,0.022195746
2017-04-07,0.017055209,0.018139226,0.019603392,0.021086555,0.021810261
2017-04-10,0.016950788,0.017932603,0.019505808,0.020876433,0.021741085
2017-04-11,0.017052665,0.017528016,0.019319032,0.020218759,0.021400335
2017-04-12,0.016950734,0.017528157,0.019203111,0.020365957,0.02156307
2017-04-13,0.017455916,0.01813637,0.019399777,0.020478222,0.021549281
2017-04-17,0.016955052,0.017731347,0.018997698,0.020293922,0.021480568
2017-04-18,0.016546239,0.017327361,0.018697753,0.019874178,0.021184306
2017-04-19,0.016650469,0.017531139,0.018692436,0.019769293,0.020969587
2017-04-20,0.018263319,0.01924879,0.01866124,0.018901115,0.02102693
2017-04-21,0.017960924,0.018947726,0.018570383,0.019016293,0.02090865
2017-04-24,0.018156807,0.019248835,0.0188714,0.019220119,0.021240227
2017-04-25,0.018559249,0.019448324,0.019281995,0.019841283,0.021646296
2017-04-26,0.018355291,0.019248717,0.019183972,0.020073599,0.021635713
2017-04-27,0.018158316,0.01925157,0.01929212,0.020299932,0.021741581
2017-04-28,0.018152279,0.019350632,0.019384392,0.020416291,0.02199897
2017-05-01,0.018055493,0.019146289,0.019393113,0.02030921,0.021788144
2017-05-02,0.017750018,0.018739984,0.018985763,0.020118005,0.021584701
2017-05-03,0.017649976,0.018737056,0.018875627,0.019854526,0.021160843
2017-05-04,0.017246439,0.018440862,0.018781963,0.019863819,0.021058696
2017-05-05,0.017547933,0.018739502,0.018773698,0.019631925,0.021034431
2017-05-08,0.017547866,0.01843598,0.018784106,0.019737684,0.020914567
2017-05-09,0.017442906,0.018331028,0.018784113,0.019940591,0.020979169
2017-05-10,0.017850429,0.01873574,0.018667725,0.019835911,0.020958836
2017-05-11,0.018250677,0.018831366,0.018970107,0.020271192,0.021302817
2017-05-12,0.017550212,0.018228238,0.018582324,0.019975421,0.020852496
2017-05-15,0.017446085,0.018333538,0.018375863,0.019786478,0.020657366
2017-05-16,0.017448259,0.018128941,0.018376248,0.01978315,0.02068136
2017-05-17,0.017040908,0.017822193,0.017963298,0.019506092,0.020641596
2017-05-18,0.017240904,0.017918148,0.018162601,0.019577899,0.020603223
2017-05-19,0.017542436,0.018118428,0.018356335,0.019784487,0.021069754
2017-05-22,0.017540797,0.018222202,0.018361551,0.019562136,0.020850332
2017-05-23,0.017743111,0.018218014,0.018461407,0.019773089,0.021187338
2017-05-24,0.017343243,0.018019398,0.018265078,0.019460837,0.020752593
2017-05-25,0.017037293,0.017614392,0.018168034,0.019581319,0.020755983
2017-05-26,0.017339161,0.017915305,0.018263338,0.019576031,0.020866264
2017-05-30,0.017338746,0.017809475,0.018261737,0.019569057,0.02073732
2017-05-31,0.017238327,0.0180141,0.018262077,0.019456274,0.020738243
2017-06-01,0.017338713,0.018010036,0.018258751,0.019453106,0.020735609
2017-06-02,0.01723117,0.017701284,0.018052769,0.019225981,0.020498122
2017-06-05,0.017226029,0.017802666,0.018049712,0.01913474,0.020436072
2017-06-06,0.017124412,0.017598298,0.017845479,0.019041279,0.020217526
2017-06-07,0.016923819,0.017601222,0.017950581,0.019031849,0.020333231
2017-06-08,0.016923514,0.017496038,0.017949951,0.019029279,0.020218252
2017-06-09,0.016821687,0.017492922,0.017949356,0.01901678,0.020185561
2017-06-12,0.01672126,0.017391252,0.017641211,0.018815095,0.019978741
2017-06-13,0.016715088,0.017184215,0.017639231,0.019036573,0.020318014
2017-06-14,0.0159103,0.016576207,0.017237883,0.018594202,0.019724767
2017-06-15,0.015611317,0.016376208,0.01682588,0.017946433,0.01919272
2017-06-16,0.015616069,0.016173017,0.016835164,0.017944694,0.019193662
2017-06-19,0.015614385,0.015969178,0.016824684,0.017918204,0.019293319
2017-06-20,0.015410202,0.016072259,0.016721638,0.017796036,0.019138249
2017-06-21,0.015411747,0.016175173,0.016715091,0.017786891,0.01924258
2017-06-22,0.015715017,0.016274819,0.017026101,0.018093148,0.019435297
2017-06-23,0.015915435,0.016474796,0.017124431,0.018286526,0.019353736
2017-06-26,0.016110009,0.016776407,0.017218487,0.018177556,0.019379148
2017-06-27,0.016214945,0.016675432,0.01722152,0.018155511,0.019234881
2017-06-28,0.016526839,0.017087792,0.017430737,0.018484601,0.019424839
2017-06-29,0.016221767,0.016792427,0.01733575,0.018388489,0.019590314
2017-06-30,0.01632674,0.016997391,0.017436246,0.018258823,0.019469399
2017-07-03,0.016629702,0.01729778,0.017631204,0.018438438,0.019495886
2017-07-05,0.016526055,0.016990937,0.017633004,0.018552538,0.019632098
2017-07-06,0.01663362,0.017405209,0.017736788,0.018677883,0.019757998
2017-07-07,0.016331845,0.017105831,0.017441597,0.018492884,0.019688324
2017-07-10,0.016027967,0.016904702,0.017349207,0.018405379,0.019622084
2017-07-11,0.016130261,0.016802257,0.017665457,0.018599505,0.019705488
2017-07-12,0.016331008,0.017107163,0.017762059,0.018609127,0.019846385
2017-07-13,0.016431164,0.01741103,0.017862316,0.018833962,0.019929956
2017-07-14,0.016230391,0.016899788,0.017770737,0.018736414,0.01985817
2017-07-17,0.01642865,0.017203636,0.017861108,0.018839305,0.019955686
2017-07-18,0.016222581,0.017100052,0.017758745,0.018734868,0.019844114
2017-07-19,0.016524303,0.017198695,0.017748523,0.018730763,0.019956462
2017-07-20,0.016220355,0.017203208,0.017860537,0.018598306,0.019455452
2017-07-21,0.016218732,0.017197127,0.017751693,0.018504958,0.019494222
2017-07-24,0.016219542,0.016888602,0.017959314,0.018703398,0.019588237
2017-07-25,0.016724429,0.017706814,0.018253791,0.019033484,0.019805174
2017-07-26,0.016624926,0.017508741,0.018171023,0.019171501,0.019933814
2017-07-27,0.016830244,0.017816253,0.018479509,0.019284298,0.020194514
2017-07-28,0.016832407,0.017710695,0.018478478,0.019254879,0.020024723
2017-07-31,0.016733856,0.017711969,0.018371253,0.019256943,0.019884084
2017-08-01,0.016226016,0.017000629,0.018070481,0.018956826,0.019861994
2017-08-02,0.016323947,0.016995473,0.018065644,0.018824068,0.019733275
2017-08-03,0.016223499,0.01679504,0.017966178,0.018600281,0.019506729
2017-08-04,0.016524823,0.017097543,0.01816789,0.018909456,0.019657961
2017-08-07,0.016524329,0.017093797,0.018165739,0.019030197,0.019799161
2017-08-08,0.016929819,0.017397236,0.018469651,0.019217815,0.019971521
2017-08-09,0.017031638,0.017597946,0.018355975,0.019231893,0.019973894
2017-08-10,0.016828334,0.0174938,0.018144239,0.019144696,0.020016987
2017-08-11,0.016426904,0.017101805,0.018066919,0.019057608,0.019811846
2017-08-14,0.01592504,0.016593833,0.017864424,0.018838598,0.019717056
2017-08-15,0.016326874,0.017304169,0.017955745,0.018713522,0.01971038
2017-08-16,0.016226144,0.017094316,0.01796161,0.018931907,0.019668394
2017-08-17,0.016124712,0.016994523,0.017853635,0.018731155,0.019600734
2017-08-18,0.016122015,0.016889772,0.017749036,0.018732406,0.019485477
2017-08-21,0.015921709,0.016689413,0.017649666,0.018524301,0.019530811
2017-08-22,0.016124804,0.01679169,0.017854263,0.018706816,0.019584595
2017-08-23,0.015819188,0.016080143,0.01765471,0.018607171,0.019366629
2017-08-24,0.01602085,0.016585337,0.017648369,0.018614394,0.019485907
2017-08-25,0.015714536,0.016180031,0.017646064,0.018499626,0.019374428
2017-08-28,0.015618755,0.016284138,0.01764963,0.01863626,0.019413075
2017-08-29,0.015413421,0.016086531,0.017551214,0.018438924,0.019465025
2017-08-30,0.015715335,0.016692243,0.017752849,0.018534429,0.019444056
2017-08-31,0.015815535,0.016483812,0.017745533,0.018643995,0.019667934
2017-09-01,0.016318179,0.017599896,0.01804306,0.018860619,0.019767602
2017-09-05,0.015815695,0.016381605,0.017846804,0.018753507,0.0196569
2017-09-06,0.016018596,0.016480765,0.017946416,0.018962885,0.019756514
2017-09-07,0.01611959,0.016887558,0.018046035,0.018846211,0.019630841
2017-09-08,0.016322446,0.016986668,0.018247971,0.019051641,0.019840539
2017-09-11,0.01631924,0.016786375,0.01846139,0.019258543,0.020178652
2017-09-12,0.016723251,0.01728921,0.018556416,0.019364507,0.020401002
2017-09-13,0.01682073,0.017287751,0.018662117,0.019230757,0.020275045
2017-09-14,0.017017945,0.017381612,0.018655819,0.019310759,0.020217156
2017-09-15,0.017220946,0.017681703,0.018633279,0.019308174,0.020329184
2017-09-18,0.017421589,0.017986551,0.018842095,0.019515427,0.020402133
2017-09-19,0.017423116,0.017985372,0.018841995,0.019515399,0.020403797
2017-09-20,0.017117428,0.01768084,0.018634071,0.019271592,0.020145969
2017-09-21,0.017014938,0.017478499,0.018429915,0.019052757,0.019925474
2017-09-22,0.017111733,0.01737743,0.018532462,0.019270028,0.02014282
2017-09-25,0.017213616,0.017476302,0.018523493,0.019160397,0.020028198
2017-09-26,0.017211739,0.017373735,0.018528001,0.019055196,0.020064382
2017-09-27,0.017415821,0.01768326,0.018844228,0.019381846,0.020402526
2017-09-28,0.017318208,0.017686822,0.018855134,0.019505776,0.020523854
2017-09-29,0.016815121,0.017079141,0.018551157,0.019156318,0.020159561
2017-10-02,0.017314127,0.017887166,0.018432597,0.019061694,0.020170095
2017-10-03,0.016813268,0.016974693,0.018555336,0.019168391,0.020310717
2017-10-04,0.0173164,0.017681189,0.01864664,0.019273978,0.020270473
2017-10-05,0.01741514,0.017885218,0.018745515,0.019274727,0.020413324
2017-10-06,0.017810506,0.018592082,0.018829187,0.019379291,0.020374842
2017-10-10,0.017514552,0.017981716,0.018940466,0.019354667,0.020358785
2017-10-11,0.017512519,0.017873639,0.019045736,0.019458277,0.020488404
2017-10-12,0.017913721,0.018373585,0.019027394,0.019458689,0.020595701
2017-10-13,0.0171056,0.017768748,0.0186218,0.01936388,0.02012282
2017-10-16,0.016601969,0.017259909,0.018516557,0.019355045,0.020259328
2017-10-17,0.016902715,0.017454612,0.018303811,0.019013023,0.019983716
2017-10-18,0.016896659,0.017260864,0.018515772,0.019123346,0.020128913
2017-10-19,0.016595605,0.017265327,0.018518127,0.019331861,0.020103187
2017-10-20,0.017603325,0.018174107,0.018812149,0.019319245,0.020304775
2017-10-23,0.016901308,0.017471713,0.018730898,0.019659606,0.020320922
2017-10-24,0.017303498,0.017670469,0.018828903,0.019424009,0.020418616
2017-10-25,0.017404194,0.017774429,0.018931902,0.019434601,0.020573336
2017-10-26,0.017603565,0.018383918,0.019027105,0.019533557,0.020528841
2017-10-27,0.017607757,0.018280562,0.018926374,0.019547876,0.020535369
2017-10-30,0.017706655,0.018172574,0.018813748,0.019437383,0.020418963
2017-10-31,0.017904065,0.018574439,0.018908016,0.019425834,0.020522102
2017-11-01,0.017097568,0.017661278,0.018919335,0.019609518,0.020254988
2017-11-02,0.017900484,0.018465926,0.018794835,0.019188555,0.020283621
2017-11-03,0.017391684,0.017853959,0.018702933,0.019084131,0.020319492
2017-11-06,0.017695126,0.017946813,0.018695806,0.019182525,0.02016235
2017-11-07,0.017991461,0.018346186,0.018891946,0.019141178,0.020101404
2017-11-08,0.017690078,0.018040822,0.018779586,0.019270606,0.020366896
2017-11-09,0.017996395,0.018451615,0.018778695,0.019287213,0.0203798
2017-11-10,0.017795809,0.018257077,0.018890448,0.019495686,0.020463919
2017-11-13,0.017890095,0.018347315,0.018880874,0.019584784,0.020414426
2017-11-14,0.017893418,0.018551309,0.018771765,0.019368691,0.020308642
2017-11-15,0.017786801,0.018137228,0.018564325,0.019129363,0.019931684
2017-11-16,0.017884289,0.018235879,0.018459158,0.019243072,0.020159309
2017-11-17,0.017478465,0.017828974,0.018667644,0.019217133,0.020027962
2017-11-20,0.017373524,0.017827991,0.018557956,0.019197375,0.019988592
2017-11-21,0.017476197,0.018024083,0.018435957,0.018975798,0.019879359
2017-11-22,0.017476768,0.018025651,0.018446033,0.019222189,0.020001835
2017-11-24,0.017073643,0.017420216,0.018459974,0.019100127,0.019777266
2017-11-27,0.016873788,0.017520803,0.018355094,0.019237476,0.019926153
2017-11-28,0.016874487,0.017628765,0.018454927,0.019225958,0.019919567
2017-11-29,0.016871594,0.017532921,0.01845943,0.019130352,0.020055321
2017-11-30,0.017277657,0.017930509,0.018660647,0.019302658,0.020212356
2017-12-01,0.017174423,0.017820611,0.018641791,0.019273252,0.020181564
2017-12-04,0.017574202,0.018213013,0.018723692,0.019385117,0.020425933
2017-12-05,0.016863526,0.018014952,0.018624849,0.019357887,0.020151612
2017-12-06,0.017374281,0.01810654,0.018622383,0.019153122,0.020057903
2017-12-07,0.017373865,0.01801567,0.018730782,0.019265859,0.020176236
2017-12-08,0.017072299,0.018122511,0.018841222,0.019480941,0.02027635
2017-12-11,0.017571321,0.018108087,0.018831861,0.019249079,0.020164904
2017-12-12,0.017771816,0.018312264,0.018923936,0.019470313,0.020519318
2017-12-13,0.017371463,0.018014183,0.018843301,0.019253309,0.020163991
2017-12-14,0.017567642,0.018209321,0.018719236,0.019126839,0.020037077
2017-12-15,0.017666173,0.018402739,0.018807686,0.019189012,0.019837797
2017-12-18,0.017064145,0.018217472,0.018934503,0.019429215,0.020097904
2017-12-19,0.017366869,0.018424963,0.019139934,0.019853357,0.020390687
2017-12-20,0.017371066,0.018431034,0.019248337,0.01999352,0.020552213
2017-12-21,0.018368458,0.018911349,0.019324647,0.019836588,0.020491984
2017-12-22,0.018165399,0.018917378,0.019424555,0.019926016,0.020448895
2017-12-26,0.017558811,0.018714407,0.019432616,0.019931949,0.020476203
2017-12-27,0.018162255,0.018703579,0.019418328,0.019795784,0.020455632
2017-12-28,0.018562668,0.019309592,0.01960837,0.019883259,0.020521694
2017-12-29,0.018563756,0.019308135,0.019608341,0.020013001,0.020666675
2018-01-02,0.018963834,0.019608797,0.020015508,0.02032709,0.02101038
2018-01-03,0.018657864,0.019302424,0.019806092,0.020210626,0.020759753
2018-01-04,0.019155363,0.01969612,0.020105262,0.020295952,0.020984816
2018-01-05,0.019459156,0.019897145,0.020095192,0.020410217,0.021097141
2018-01-08,0.019058025,0.01959948,0.020212887,0.020278132,0.020952287
2018-01-09,0.019460196,0.020008946,0.020318774,0.020500668,0.021174408
2018-01-10,0.019362449,0.020017219,0.020319362,0.020606233,0.021143402
2018-01-11,0.018858794,0.019510928,0.020016819,0.020461845,0.021535872
2018-01-12,0.019161263,0.019702305,0.020105123,0.020359405,0.020882121
2018-01-16,0.0193523,0.020003465,0.020292973,0.020444039,0.020968762
2018-01-17,0.018950566,0.020007239,0.020397521,0.020629271,0.020913143
2018-01-18,0.019857766,0.02020189,0.020498494,0.020735503,0.021357127
2018-01-19,0.019958612,0.020400044,0.020595423,0.020826769,0.021451158
2018-01-22,0.019955825,0.020404474,0.020596593,0.020725617,0.021488317
2018-01-23,0.019152498,0.019905653,0.020617058,0.020830205,0.02134413
2018-01-24,0.01955254,0.020003657,0.020718333,0.020940701,0.021568231
2018-01-25,0.019048931,0.020006265,0.020720079,0.02092493,0.021440922
2018-01-26,0.019245248,0.020306699,0.020901103,0.021107601,0.02149404
2018-01-29,0.01915247,0.020209364,0.020914789,0.0211,0.021714121
2018-01-30,0.019653772,0.020199899,0.021019116,0.021205187,0.021823419
2018-01-31,0.019754332,0.020600256,0.021097179,0.021285477,0.021904405
2018-02-01,0.019256638,0.020513123,0.021110334,0.021394339,0.021879172
2018-02-02,0.019262612,0.020629447,0.021442416,0.021717477,0.022203039
2018-02-05,0.019466921,0.020324217,0.021044504,0.021349049,0.021960002
2018-02-06,0.018763934,0.020122333,0.021051015,0.021458432,0.021956818
2018-02-07,0.018959541,0.02022312,0.021048227,0.021784478,0.022025785
2018-02-08,0.018865149,0.020026665,0.020955434,0.021695974,0.021935792
2018-02-09,0.018274888,0.019536119,0.02058175,0.021434678,0.021801993
2018-02-12,0.018372566,0.01984151,0.020766548,0.021281895,0.021778188
2018-02-13,0.018768842,0.01972199,0.020550928,0.021069164,0.021680062
2018-02-14,0.019068266,0.020219298,0.020930867,0.021561639,0.022039743
2018-02-15,0.019964295,0.020709062,0.021111817,0.021305327,0.021682432
2018-02-16,0.019957445,0.020607675,0.020899093,0.021218793,0.021589187
2018-02-20,0.020347828,0.020899077,0.020991366,0.021435197,0.021799424
2018-02-21,0.020553299,0.021100503,0.021201063,0.021651653,0.022016304
2018-02-22,0.020552862,0.021206458,0.021098562,0.021570969,0.02195351
2018-02-23,0.020344943,0.020900644,0.021214191,0.021441686,0.021719244
2018-02-26,0.020649957,0.021201184,0.021310266,0.021556629,0.021828704
2018-02-27,0.020849022,0.021392951,0.021282475,0.0216303,0.021882774
2018-02-28,0.020348428,0.020886006,0.021191262,0.021406877,0.02178171
2018-03-01,0.020247183,0.020792002,0.020992862,0.021342196,0.021728917
2018-03-02,0.020246612,0.020587754,0.021201112,0.021537861,0.022048283
2018-03-05,0.020451658,0.020789349,0.021299426,0.021532209,0.021931113
2018-03-06,0.020950637,0.021288193,0.021180326,0.021408056,0.02166565
2018-03-07,0.020949874,0.021289508,0.021291347,0.021295832,0.021558395
2018-03-08,0.020746767,0.021084161,0.021081257,0.021320992,0.021715057
2018-03-09,0.019542805,0.020496455,0.021218362,0.021417802,0.021706001
2018-03-12,0.020139636,0.020479953,0.020998207,0.020994341,0.021653286
2018-03-13,0.020439892,0.020781859,0.020880593,0.02099837,0.021395835
2018-03-14,0.020337311,0.020571625,0.020667725,0.020765572,0.021143875
2018-03-15,0.020632343,0.020973891,0.020758332,0.02075178,0.021130896
2018-03-16,0.020429036,0.020669463,0.020768489,0.020643631,0.021167445
2018-03-19,0.020328293,0.020566276,0.020770695,0.020760044,0.021281318
2018-03-20,0.020427184,0.020766176,0.020763971,0.020853141,0.021236466
2018-03-21,0.019532742,0.020179683,0.020894396,0.021062798,0.021221352
2018-03-22,0.020230548,0.020468529,0.020775408,0.020643967,0.021282171
2018-03-23,0.02002965,0.02016828,0.020688642,0.020659897,0.021181505
2018-03-26,0.020023573,0.020374405,0.020780696,0.020645042,0.021285316
2018-03-27,0.019329302,0.019867106,0.020696732,0.020783865,0.021209534
2018-03-28,0.019029447,0.019972017,0.020471972,0.020676704,0.02107512
2018-03-29,0.01912557,0.019865765,0.020476758,0.020557885,0.021072484
2018-04-02,0.019829215,0.020264147,0.020465221,0.020567929,0.021076945
2018-04-03,0.019830406,0.020267917,0.020775114,0.020751968,0.02138616
2018-04-04,0.020331204,0.020663102,0.020760406,0.020761742,0.021390442
2018-04-05,0.019227927,0.020070946,0.020789309,0.020978142,0.021382412
2018-04-06,0.020028137,0.020362933,0.020673429,0.020768532,0.021281963
2018-04-09,0.020126478,0.020458216,0.020659925,0.020769545,0.021420419
2018-04-10,0.019922089,0.020359301,0.020764445,0.020635536,0.02141028
2018-04-11,0.020519332,0.020851081,0.021059799,0.020806528,0.021448008
2018-04-12,0.02042372,0.020854244,0.021252781,0.02113567,0.021915094
2018-04-13,0.02001505,0.020750115,0.021252667,0.021333619,0.021861693
2018-04-16,0.020711717,0.021041675,0.021133928,0.021110646,0.021753435
2018-04-17,0.020005644,0.020846661,0.021347828,0.021185308,0.021810864
2018-04-18,0.020312358,0.021146199,0.021539417,0.021500815,0.022015403
2018-04-19,0.021114414,0.021237819,0.021640829,0.02180026,0.022181432
2018-04-20,0.020914994,0.021240603,0.02164341,0.021684662,0.022071773
2018-04-23,0.021012239,0.021442449,0.021731918,0.021666543,0.022058538
2018-04-24,0.020915344,0.021145108,0.02164845,0.021575542,0.021968714
2018-04-25,0.020816096,0.021048105,0.02166302,0.021786801,0.022039099
2018-04-26,0.020913892,0.021249586,0.021751806,0.02168002,0.022185908
2018-04-27,0.020809911,0.021246241,0.021638199,0.021675271,0.022289553
2018-04-30,0.02090787,0.021446406,0.021632142,0.021561258,0.022288212
2018-05-01,0.020808482,0.021234139,0.021528305,0.021453805,0.022185868
2018-05-02,0.020809112,0.021138949,0.021645762,0.021566905,0.022186342
2018-05-03,0.020807262,0.021241729,0.021533789,0.021479535,0.022091786
2018-05-04,0.020801755,0.021036355,0.02154321,0.021571333,0.022074983
2018-05-07,0.02100629,0.021334321,0.021637691,0.021461821,0.022080139
2018-05-08,0.020906384,0.021131798,0.021531766,0.021553157,0.021924125
2018-05-09,0.021203599,0.02133111,0.021729358,0.021644905,0.022133584
2018-05-10,0.021101283,0.021323064,0.021615347,0.02163449,0.02198457
2018-05-11,0.021201288,0.021114008,0.021409443,0.021507558,0.021726891
2018-05-14,0.021100505,0.021018019,0.021422626,0.021402851,0.021738204
2018-05-15,0.021405299,0.021321098,0.021724555,0.02168616,0.021890951
2018-05-16,0.021507193,0.021212304,0.021619714,0.021789645,0.021967013
2018-05-17,0.021512244,0.021632886,0.021514273,0.021729755,0.021914608
2018-05-18,0.021310365,0.021431198,0.021417254,0.021522375,0.021709932
2018-05-21,0.021402626,0.021525513,0.0215126,0.021411528,0.021856145
2018-05-22,0.021200202,0.021018834,0.02142272,0.021633926,0.021848686
2018-05-23,0.021103071,0.021128894,0.021337593,0.021347625,0.021693575
2018-05-24,0.021008272,0.021026838,0.021126737,0.021131193,0.021453989
2018-05-25,0.020306138,0.020332088,0.020844156,0.020952004,0.02118217
2018-05-29,0.019717855,0.019950843,0.020364276,0.020503136,0.020959904
2018-05-30,0.019907007,0.020035316,0.020548484,0.020667636,0.021002579
2018-05-31,0.020210034,0.02022495,0.020637974,0.020767866,0.021125499
2018-06-01,0.020504632,0.02082631,0.020818964,0.020734018,0.021188458
2018-06-04,0.020497418,0.020725933,0.021135035,0.021019478,0.021371419
2018-06-05,0.020402519,0.020727099,0.02124068,0.021239096,0.021473509
2018-06-06,0.020503896,0.020935451,0.021334406,0.021457173,0.021799844
2018-06-07,0.020701354,0.021129299,0.021229112,0.021136988,0.02159321
2018-06-08,0.02050115,0.020929746,0.021029274,0.021041903,0.021383231
2018-06-11,0.020700973,0.021229284,0.021225045,0.021125998,0.021472266
2018-06-12,0.02059642,0.021023579,0.021226927,0.021106554,0.021435389
2018-06-13,0.020792188,0.02121836,0.021098615,0.020987227,0.021294827
2018-06-14,0.020585379,0.021114536,0.021106934,0.020979087,0.021176018
2018-06-15,0.020693149,0.021110126,0.021104655,0.020991504,0.021321128
2018-06-18,0.020690438,0.0211146,0.021100318,0.02110827,0.021321111
2018-06-19,0.020587188,0.020908459,0.021116042,0.021001882,0.021217251
2018-06-20,0.020490102,0.021016793,0.021111893,0.021004275,0.021219108
2018-06-21,0.020386166,0.020917195,0.021012556,0.020915887,0.021126697
2018-06-22,0.020586034,0.021015775,0.021111549,0.021121289,0.021330828
2018-06-25,0.020486738,0.020810092,0.020908871,0.021035062,0.021239394
2018-06-26,0.0205897,0.021118264,0.021110907,0.021139449,0.021478634
2018-06-27,0.020586359,0.020913187,0.021010909,0.021022085,0.021229944
2018-06-28,0.020589427,0.021015164,0.020899794,0.020907979,0.021094141
2018-06-29,0.020488723,0.020907695,0.021009122,0.021010699,0.021222314
2018-07-02,0.020578969,0.021007906,0.021311559,0.021193177,0.021523733
2018-07-03,0.020683161,0.021000318,0.021103886,0.021108668,0.021431748
2018-07-05,0.020879394,0.021094594,0.021198099,0.021078838,0.021410592
2018-07-06,0.020681865,0.020893309,0.021103403,0.020990709,0.021430741
2018-07-09,0.020877238,0.021097139,0.021199963,0.02095936,0.021274147
2018-07-10,0.020774267,0.020988413,0.021197008,0.020954788,0.021271956
2018-07-11,0.02057654,0.020998231,0.020992681,0.020866966,0.021288431
2018-07-12,0.02047399,0.020997726,0.02088196,0.020871026,0.021179225
2018-07-13,0.020571158,0.020893686,0.020990687,0.020877983,0.021320178
2018-07-16,0.02037406,0.020795373,0.020892546,0.020879683,0.021297469
2018-07-17,0.020168631,0.020694989,0.020791486,0.020884528,0.021189476
2018-07-18,0.020175614,0.02059289,0.020801343,0.020777915,0.02108694
2018-07-19,0.019972003,0.020596995,0.020797,0.020896313,0.020976538
2018-07-20,0.020076728,0.020806358,0.021009033,0.021125508,0.021221204
2018-07-23,0.019976633,0.020814685,0.021013071,0.021228904,0.021298521
2018-07-24,0.019877616,0.020704839,0.021011343,0.02121467,0.021289845
2018-07-25,0.019969044,0.020803909,0.021211763,0.021191525,0.021275746
2018-07-26,0.019869647,0.020807868,0.021001895,0.021306366,0.021358115
2018-07-27,0.01986994,0.020702443,0.021111517,0.021418657,0.021493603
2018-07-30,0.019974333,0.02080517,0.021214577,0.021414574,0.02160427
2018-07-31,0.019869968,0.020595066,0.021110469,0.021505303,0.021448499
2018-08-01,0.019875179,0.020808203,0.021215841,0.021415745,0.021717117
2018-08-02,0.019773289,0.020603989,0.02112354,0.021431048,0.021615407
2018-08-03,0.019877507,0.020807851,0.021114648,0.021329116,0.021512926
2018-08-06,0.019672541,0.020607419,0.02102445,0.021229607,0.021301241
2018-08-07,0.019866348,0.020703152,0.021229276,0.02142588,0.021386753
2018-08-08,0.019667458,0.020603751,0.021013721,0.021463273,0.02154961
2018-08-09,0.019572744,0.020504513,0.021018431,0.021346899,0.021439359
2018-08-10,0.019669561,0.02039943,0.020818053,0.021050528,0.021251388
2018-08-13,0.019768812,0.020398521,0.020926676,0.021164815,0.02138755
2018-08-14,0.019767295,0.020393251,0.020813849,0.021061249,0.021284397
2018-08-15,0.019569346,0.020297911,0.020718628,0.020965192,0.021186371
2018-08-16,0.019565677,0.020293639,0.020714238,0.020952114,0.021288613
2018-08-17,0.019470096,0.020199328,0.020720204,0.021058506,0.021281571
2018-08-20,0.019365937,0.02009745,0.02061985,0.020969824,0.021188648
2018-08-21,0.019567502,0.020296785,0.020716722,0.020939411,0.021142768
2018-08-22,0.0194657,0.020197215,0.020719533,0.020964563,0.021185527
2018-08-23,0.019764719,0.020391916,0.020805328,0.020930213,0.02113666
2018-08-24,0.019759881,0.020386998,0.020801654,0.021037859,0.021265917
2018-08-27,0.019854999,0.020590854,0.021002861,0.02113434,0.021364875
2018-08-28,0.019758782,0.020590235,0.021004269,0.021236164,0.021330468
2018-08-29,0.019860317,0.020583986,0.021104692,0.021308014,0.021276792
2018-08-30,0.019763302,0.020485949,0.020903596,0.021124683,0.021333953
2018-08-31,0.019666138,0.020389845,0.02071122,0.021054775,0.021253251
2018-09-04,0.019762132,0.020490029,0.020911447,0.0211616,0.021497432
2018-09-05,0.019662282,0.020394798,0.020815236,0.021180269,0.021510679
2018-09-06,0.01956481,0.020188757,0.020714955,0.021076242,0.021407991
2018-09-07,0.019656972,0.020384571,0.020910473,0.021157858,0.021609781
2018-09-10,0.019652173,0.020281236,0.02090948,0.021234092,0.021442542
2018-09-11,0.019952022,0.020680185,0.021096252,0.021434635,0.021530126
2018-09-12,0.02005471,0.020675742,0.021092984,0.021209306,0.021537876
2018-09-13,0.019651018,0.020377484,0.020896883,0.021115149,0.021441624
2018-09-14,0.019850617,0.020474675,0.02088498,0.02121391,0.021402782
2018-09-17,0.019751012,0.02058006,0.020886306,0.021218999,0.021292312
2018-09-18,0.019949455,0.020783051,0.021196448,0.021636669,0.02159214
2018-09-19,0.020052901,0.020888829,0.021402445,0.021628924,0.021842452
2018-09-20,0.020051442,0.020884476,0.021399703,0.021718723,0.021795144
2018-09-21,0.020051283,0.020886477,0.021401758,0.021603002,0.021798185
2018-09-24,0.020147877,0.020988184,0.021501091,0.021702471,0.021784568
2018-09-25,0.020349708,0.021082704,0.021493656,0.021805681,0.021885254
2018-09-26,0.020244921,0.02087626,0.021290274,0.021705375,0.021645597
2018-09-27,0.020244783,0.020876779,0.021392638,0.021595794,0.021679484
2018-09-28,0.020149043,0.020879997,0.021294193,0.021617357,0.021579815
2018-10-01,0.02024932,0.020982739,0.02130069,0.021525266,0.021598033
2018-10-02,0.020146192,0.0207772,0.021089231,0.021426655,0.021384279
2018-10-03,0.020549718,0.021283499,0.02149563,0.021831286,0.021786231
2018-10-04,0.020450867,0.021185871,0.021501423,0.021842154,0.021794647
2018-10-05,0.020354676,0.021297313,0.021506333,0.021968663,0.021794505
2018-10-09,0.020349051,0.021190258,0.021615154,0.021842596,0.021938673
2018-10-10,0.020249716,0.021092424,0.021525099,0.021859205,0.021690162
2018-10-11,0.019751045,0.020687944,0.021108332,0.021470938,0.021555637
2018-10-12,0.019750256,0.020589573,0.021119244,0.021352029,0.021559212
2018-10-15,0.019850932,0.020687905,0.021218795,0.021570473,0.021656991
2018-10-16,0.019946036,0.020681836,0.021213623,0.021432088,0.02138866
2018-10-17,0.019845441,0.020687969,0.021217542,0.021435085,0.021506159
2018-10-18,0.019747492,0.020484613,0.020910342,0.021173155,0.021398859
2018-10-19,0.0196405,0.020486014,0.021015621,0.021366548,0.0213364
2018-10-22,0.019638455,0.020379958,0.021022438,0.021255697,0.021347017
2018-10-23,0.019242863,0.020192224,0.020831049,0.021196844,0.021300149
2018-10-24,0.019143093,0.019886308,0.020638617,0.021030452,0.02115001
2018-10-25,0.018946737,0.019792078,0.020432599,0.020805241,0.0209042
2018-10-26,0.01914712,0.019894074,0.020540818,0.021053822,0.021164556
2018-10-29,0.019047355,0.019791429,0.020543021,0.020958583,0.021095774
2018-10-30,0.018945126,0.019687872,0.020448361,0.020846901,0.021104726
2018-10-31,0.018845035,0.01979151,0.020439947,0.02106188,0.021051937
2018-11-01,0.018650937,0.019494719,0.020144105,0.020761301,0.020868099
2018-11-02,0.018942711,0.019789588,0.020549305,0.021160601,0.021153103
2018-11-05,0.018942182,0.019885852,0.020536398,0.021041228,0.021274871
2018-11-06,0.019040143,0.019881868,0.020638073,0.021111531,0.021329392
2018-11-07,0.01913519,0.019975714,0.02062108,0.021107645,0.021325025
2018-11-08,0.019033612,0.019875595,0.020625217,0.021295706,0.021255287
2018-11-09,0.018838448,0.019677384,0.020315845,0.020913749,0.021127068
2018-11-13,0.018641908,0.019481215,0.020126618,0.020727824,0.020935088
2018-11-14,0.018345581,0.019186348,0.019942336,0.020544688,0.020773312
2018-11-15,0.01834244,0.019082003,0.019949932,0.020780989,0.020882249
2018-11-16,0.01864773,0.019392061,0.020151214,0.02077478,0.021137987
2018-11-19,0.018349881,0.019201171,0.0198542,0.020706019,0.020939094
2018-11-20,0.018051503,0.018897192,0.019656308,0.020486835,0.020581949
2018-11-21,0.0179489,0.018899574,0.019649906,0.020378699,0.020593523
2018-11-23,0.017549003,0.018604811,0.019559956,0.02050827,0.020506211
2018-11-26,0.017643427,0.018492838,0.019562516,0.020382942,0.020507544
2018-11-27,0.01714926,0.01819995,0.019055376,0.020005741,0.020117176
2018-11-28,0.017251182,0.018304741,0.019373377,0.020226619,0.020363564
2018-11-29,0.017745661,0.018797286,0.019762249,0.020761864,0.020916837
2018-11-30,0.01754708,0.018489153,0.019665594,0.020639628,0.020776168
2018-12-03,0.017438951,0.018483648,0.019548642,0.020431446,0.020826691
2018-12-04,0.017238751,0.018174305,0.019337643,0.02006553,0.020332352
2018-12-06,0.016746643,0.017681315,0.01894512,0.019477619,0.020366486
2018-12-07,0.016649864,0.017690792,0.018857122,0.01972843,0.020138388
2018-12-10,0.016351647,0.017388285,0.018555705,0.019198625,0.019846325
2018-12-11,0.016046051,0.017087293,0.018256313,0.018740512,0.019471513
2018-12-12,0.016051323,0.017195577,0.018252483,0.018959671,0.019451741
2018-12-13,0.016053811,0.017200015,0.018263176,0.018866415,0.019474782
2018-12-14,0.0158553,0.017007205,0.018170046,0.018982118,0.019467349
2018-12-17,0.015657076,0.016810819,0.018081952,0.018667445,0.019272718
2018-12-18,0.015664232,0.016916057,0.01807663,0.018886069,0.019365519
2018-12-19,0.015462003,0.016712846,0.017974274,0.018440026,0.019272938
2018-12-20,0.01516077,0.016512349,0.017563365,0.018357626,0.018929831
2018-12-21,0.015365877,0.016721759,0.017665014,0.018260706,0.018971314
2018-12-24,0.01507681,0.016421405,0.01747706,0.018083433,0.018924353
2018-12-26,0.015568639,0.016517679,0.017667869,0.018263714,0.018886592
2018-12-27,0.015173777,0.016224091,0.017386499,0.018001605,0.018751367
2018-12-28,0.015075424,0.016125229,0.017284626,0.018052754,0.018832588
2018-12-31,0.014980533,0.015922755,0.017092122,0.0180766,0.018613908
2019-01-02,0.014775191,0.015716743,0.016990767,0.017840418,0.018244789
2019-01-03,0.014779263,0.015521411,0.016802383,0.017696624,0.018379755
2019-01-04,0.015669068,0.016411085,0.017587398,0.01801755,0.018571138
2019-01-07,0.015966843,0.016706883,0.017776884,0.01819188,0.018476551
2019-01-08,0.016458563,0.017091923,0.018165914,0.018673646,0.018828777
2019-01-09,0.01666254,0.017302864,0.018270115,0.018696095,0.019101269
2019-01-10,0.016362801,0.017104672,0.018078098,0.018638057,0.019054722
2019-01-11,0.016461116,0.017309109,0.018281088,0.018745713,0.019043871
2019-01-14,0.016264996,0.017108529,0.018080292,0.018673784,0.019103896
2019-01-15,0.016166529,0.017012506,0.018086349,0.018688329,0.019258568
2019-01-16,0.016264241,0.017109526,0.018185028,0.018873082,0.019189565
2019-01-17,0.016267122,0.017009096,0.017866259,0.01854397,0.019074866
2019-01-18,0.016559083,0.017406275,0.018262672,0.018711931,0.019255408
2019-01-22,0.016162498,0.017010034,0.01786504,0.018440144,0.01911082
2019-01-23,0.016263165,0.017003557,0.017971325,0.018525004,0.019062374
2019-01-24,0.016063686,0.016702348,0.017670173,0.018233133,0.018903999
2019-01-25,0.016259539,0.017001511,0.017866125,0.018305795,0.018845548
2019-01-28,0.016059659,0.016800449,0.017769602,0.018213107,0.018751815
2019-01-29,0.016062414,0.01669866,0.017777386,0.01832987,0.018863381
2019-01-30,0.016663879,0.017409318,0.018388488,0.018994319,0.019446364
2019-01-31,0.016869665,0.017505448,0.018485952,0.019201225,0.019647961
2019-02-01,0.017064005,0.017805641,0.018778666,0.019254895,0.019694955
2019-02-04,0.017065663,0.017807102,0.018679188,0.019367809,0.019665507
2019-02-05,0.017062482,0.017809142,0.018678921,0.019250415,0.019666625
2019-02-06,0.016964053,0.017707355,0.018578079,0.01905434,0.01949204
2019-02-07,0.016767342,0.017404226,0.018379179,0.018976317,0.019405966
2019-02-08,0.016772341,0.017511485,0.018169437,0.018768517,0.01919309
2019-02-11,0.016770396,0.017507025,0.018161063,0.018882922,0.01919029
2019-02-12,0.016966995,0.017607628,0.018266136,0.018974698,0.019285901
2019-02-13,0.017461905,0.017999788,0.018556632,0.019157209,0.019475667
2019-02-14,0.017262677,0.017801209,0.018460521,0.019079126,0.019413552
2019-02-15,0.017360661,0.017998474,0.018549591,0.019062562,0.019516652
2019-02-19,0.017460877,0.018102061,0.0186586,0.019270873,0.019584075
2019-02-20,0.017759719,0.018299966,0.018856605,0.019485549,0.019821375
2019-02-21,0.01785751,0.018504429,0.019057953,0.01980806,0.020026913
2019-02-22,0.01806332,0.018600116,0.019055293,0.019925053,0.020138891
2019-02-25,0.01805961,0.018601128,0.019158534,0.019909211,0.02024536
2019-02-26,0.01806192,0.018605506,0.019160363,0.019816886,0.020172897
2019-02-27,0.018263077,0.01880636,0.019260372,0.020035359,0.020251042
2019-02-28,0.018263871,0.018912753,0.01946754,0.020108927,0.02031078
2019-03-01,0.018362246,0.019111832,0.019556389,0.020224758,0.020566008
2019-03-04,0.018256872,0.018906825,0.019352045,0.02012511,0.020345517
2019-03-05,0.01815756,0.018806721,0.019252718,0.020009572,0.020207964
2019-03-06,0.017959443,0.018606985,0.019059894,0.019822578,0.020038119
2019-03-07,0.017864219,0.018509695,0.0189623,0.019746587,0.020093775
2019-03-08,0.017864821,0.018301607,0.018969179,0.019623575,0.019976207
2019-03-11,0.018061928,0.018500417,0.019065634,0.019735699,0.019970777
2019-03-12,0.017962226,0.018405659,0.018966976,0.019531606,0.020019784
2019-03-13,0.018262805,0.018706437,0.019156884,0.019655137,0.020420866
2019-03-14,0.018363321,0.018910373,0.019361974,0.020069494,0.020440393
2019-03-15,0.018464526,0.018906472,0.019359214,0.020198747,0.020586572
2019-03-18,0.018662822,0.019104621,0.01955153,0.020267232,0.020524012
2019-03-19,0.018360204,0.019007293,0.019459613,0.020277491,0.020531096
2019-03-20,0.018663593,0.019213827,0.019562955,0.020524274,0.020790988
2019-03-21,0.01846213,0.019115051,0.019565805,0.020392509,0.020640938
2019-03-22,0.017873065,0.018520459,0.018970818,0.020020505,0.02038986
2019-03-25,0.017579982,0.018333294,0.018785571,0.019717591,0.020082141
2019-03-26,0.017382464,0.018027378,0.018592319,0.01952301,0.01988387
2019-03-27,0.017284598,0.017829407,0.018384184,0.019201332,0.019583983
2019-03-28,0.017085014,0.017725783,0.018275585,0.019073168,0.019437177
2019-03-29,0.017677362,0.018219837,0.018770405,0.01944846,0.019801544
2019-04-01,0.018074657,0.018618268,0.018958927,0.01965198,0.020010925
2019-04-02,0.017978955,0.018523313,0.018972198,0.01965579,0.020014083
2019-04-03,0.017976918,0.018625572,0.019072703,0.019769203,0.020012875
2019-04-04,0.017975439,0.018520921,0.018968909,0.019770734,0.019897613
2019-04-05,0.01777113,0.018418201,0.018968744,0.019667005,0.020048232
2019-04-08,0.017970318,0.018518334,0.019068096,0.019767831,0.020151712
2019-04-09,0.017870468,0.018516466,0.019074802,0.019770212,0.020037251
2019-04-10,0.018174309,0.018819356,0.019377593,0.020087123,0.020238504
2019-04-11,0.018070118,0.018717957,0.019377112,0.019993092,0.020283499
2019-04-12,0.018467268,0.019115615,0.019455113,0.020067923,0.020457603
2019-04-15,0.018366426,0.019014275,0.019354633,0.020072491,0.020344695
2019-04-16,0.018468591,0.019015337,0.019566185,0.020144027,0.020404371
2019-04-17,0.018269774,0.018917642,0.019365632,0.020060758,0.020313845
2019-04-18,0.018469745,0.018909924,0.019469911,0.020041533,0.020414509
2019-04-22,0.018574575,0.019016372,0.019467773,0.02015807,0.020390306
2019-04-23,0.018574268,0.019017153,0.019475714,0.02027827,0.020505693
2019-04-24,0.018575494,0.01902207,0.019585228,0.020277786,0.020527403
2019-04-25,0.018474671,0.01902323,0.019789879,0.020470747,0.020726727
2019-04-26,0.018482084,0.019027845,0.019693102,0.020383111,0.020633041
2019-04-29,0.018481256,0.019028574,0.019590883,0.020292913,0.020655091
2019-04-30,0.018383993,0.018932602,0.019494834,0.020193277,0.020552505
2019-05-01,0.018178774,0.018725745,0.01928189,0.019856557,0.020335469
2019-05-02,0.017675246,0.018323428,0.018880523,0.019649709,0.019989746
2019-05-03,0.017877639,0.018525997,0.019081369,0.019750368,0.020229729
2019-05-06,0.017977501,0.018526751,0.019081907,0.019759653,0.020120522
2019-05-07,0.017479712,0.018125778,0.01867637,0.019468497,0.01982015
2019-05-08,0.017378542,0.018028209,0.018685246,0.019352876,0.019594221
2019-05-09,0.017182166,0.017828406,0.018485311,0.019383111,0.019729936
2019-05-10,0.017385959,0.01823624,0.018783044,0.019696923,0.020069075
2019-05-13,0.017191462,0.017835304,0.018498613,0.019504519,0.019730404
2019-05-14,0.017388764,0.017933776,0.018596545,0.019512639,0.019991079
2019-05-15,0.017290917,0.017735401,0.018295555,0.019216455,0.019686052
2019-05-16,0.017386631,0.01793462,0.018392041,0.019202737,0.019676314
2019-05-17,0.016986783,0.017533308,0.018093093,0.018885983,0.019473829
2019-05-20,0.016988551,0.017531488,0.018085299,0.019083,0.019422145
2019-05-21,0.01708276,0.01783326,0.01827866,0.019381508,0.019587498
2019-05-22,0.016684472,0.017328654,0.017883837,0.019102638,0.019435714
2019-05-23,0.016098015,0.016735402,0.017289,0.018612104,0.019068056
2019-05-24,0.016093573,0.016937931,0.017587497,0.018798714,0.019239758
2019-05-28,0.015696324,0.016536522,0.017289925,0.018500906,0.018935447
2019-05-29,0.015801931,0.016843344,0.017486863,0.018604317,0.019173425
2019-05-30,0.015801022,0.016641464,0.017390365,0.018382946,0.019063898
2019-05-31,0.015711601,0.016549978,0.017405331,0.018501466,0.019061149
2019-06-03,0.015526412,0.016565165,0.017322845,0.018427632,0.018751875
2019-06-04,0.015820886,0.01676508,0.017414537,0.018759655,0.018971258
2019-06-05,0.015827923,0.016875958,0.017528911,0.018906198,0.019266492
2019-06-06,0.015719984,0.016768923,0.017316029,0.018684287,0.018910274
2019-06-07,0.01601989,0.016767502,0.017420025,0.018448364,0.018811441
2019-06-10,0.015917431,0.016665393,0.01731868,0.018440371,0.018673815
2019-06-11,0.015611613,0.016465701,0.017217701,0.01833743,0.018683347
2019-06-12,0.015217866,0.016172155,0.017131948,0.018156037,0.018630786
2019-06-13,0.015022701,0.015976298,0.016838196,0.018086831,0.018457979
2019-06-14,0.014721526,0.015470814,0.016328093,0.017557516,0.017905221
2019-06-17,0.014418911,0.015269432,0.016126759,0.017344406,0.017805466
2019-06-18,0.014816116,0.015561267,0.016421521,0.01753905,0.018002314
2019-06-19,0.015232191,0.016079523,0.016737991,0.017877682,0.018467571
2019-06-20,0.015734622,0.016480087,0.017445101,0.018601417,0.018860774
2019-06-21,0.015932087,0.016679242,0.017340461,0.018290224,0.018775271
2019-06-24,0.015634854,0.016481979,0.017142422,0.01830737,0.018672031
2019-06-25,0.015135207,0.015982012,0.016742803,0.017896821,0.01825637
2019-06-26,0.015530451,0.016375904,0.01703122,0.018191664,0.018559815
2019-06-27,0.01523195,0.016075557,0.016833055,0.018078251,0.018198529
2019-06-28,0.015228814,0.016073389,0.016931727,0.018081624,0.01808759
2019-07-01,0.01522608,0.01607218,0.016930791,0.017976371,0.01809625
2019-07-02,0.014921833,0.015669972,0.016526323,0.0176812,0.017926333
2019-07-03,0.015019773,0.01566498,0.016521909,0.017552696,0.01780034
2019-07-05,0.015413588,0.016156091,0.016906284,0.018049955,0.018270712
2019-07-08,0.015412323,0.016152704,0.01700348,0.018027903,0.018387385
2019-07-09,0.015507458,0.016247478,0.017101123,0.018116809,0.018573272
2019-07-10,0.015821218,0.016567696,0.017434343,0.018575222,0.01882089
2019-07-11,0.016222437,0.016865655,0.017733019,0.018802791,0.019207589
2019-07-12,0.016123221,0.016973512,0.017737435,0.018910463,0.019177932
2019-07-15,0.016023613,0.016972295,0.017731086,0.018907871,0.019174706
2019-07-16,0.016221676,0.017169069,0.018031222,0.019085172,0.019227651
2019-07-17,0.015922523,0.016766136,0.017520221,0.018581301,0.018959832
2019-07-18,0.015926757,0.016873472,0.017946625,0.018901424,0.018941028
2019-07-19,0.015924661,0.016868681,0.018038985,0.019000114,0.018930285
2019-07-22,0.015825975,0.016871251,0.017934759,0.019119995,0.019048559
2019-07-23,0.016021239,0.016969698,0.018138462,0.019222257,0.01928806
2019-07-24,0.015822142,0.016866295,0.017924155,0.019115294,0.019045113
2019-07-25,0.015918347,0.016859936,0.01802679,0.01920644,0.019141308
2019-07-26,0.015618828,0.01655955,0.017828345,0.018988072,0.018788417
2019-07-29,0.015617057,0.01645968,0.017725865,0.018906555,0.018834529
2019-07-30,0.015717776,0.016557597,0.017825012,0.018998182,0.018816712
2019-07-31,0.015511065,0.016449189,0.017598583,0.018879065,0.018813852
2019-08-01,0.014622835,0.015665443,0.017027075,0.018199683,0.018018299
2019-08-02,0.014424216,0.015461819,0.016612296,0.017775629,0.017703146
2019-08-05,0.013834591,0.014665127,0.016020076,0.017386207,0.017189125
2019-08-06,0.013932864,0.014965829,0.016214661,0.017351257,0.017143552
2019-08-07,0.013730473,0.014870062,0.016214986,0.017339292,0.017226975
2019-08-08,0.014228307,0.015265434,0.016505511,0.017666549,0.017813146
2019-08-09,0.01433069,0.015461872,0.016598916,0.017758537,0.017799402
2019-08-12,0.013830578,0.014860707,0.016096412,0.017005699,0.017350552
2019-08-13,0.014326391,0.015244558,0.016269949,0.017075182,0.01719294
2019-08-14,0.013534608,0.014547126,0.015661685,0.016428813,0.016402115
2019-08-15,0.013344559,0.014352968,0.015373787,0.016656322,0.016178869
2019-08-16,0.013346289,0.014359391,0.015384088,0.016561968,0.016204398
2019-08-19,0.013542028,0.014657367,0.015582248,0.016476157,0.01645471
2019-08-20,0.013341391,0.01436009,0.015283385,0.016590949,0.016131968
2019-08-21,0.013337801,0.014455504,0.015375423,0.016269131,0.016245964
2019-08-22,0.013429505,0.014453513,0.015476638,0.016485515,0.016589528
2019-08-23,0.013436735,0.014356188,0.015379238,0.016697646,0.016567028
2019-08-26,0.013335683,0.014352491,0.015372524,0.016799182,0.016562724
2019-08-27,0.013530637,0.014449945,0.015466686,0.01698022,0.016646048
2019-08-28,0.013535882,0.014548466,0.015469847,0.017171953,0.016706094
2019-08-29,0.013833955,0.014951632,0.015865228,0.017479988,0.017141794
2019-08-30,0.013439032,0.014553756,0.015473613,0.016553009,0.016612727
2019-09-03,0.012841257,0.014059418,0.014978429,0.016678347,0.016307261
2019-09-04,0.013045296,0.014162035,0.015090959,0.016293132,0.016371871
2019-09-05,0.013435027,0.014659215,0.015582551,0.01669227,0.016888751
2019-09-06,0.013438615,0.01465802,0.015378099,0.016570131,0.016644202
2019-09-09,0.01373549,0.01485907,0.01568281,0.016787604,0.016988381
2019-09-10,0.013930034,0.015155033,0.015980542,0.016980196,0.01706111
2019-09-11,0.013928268,0.015058582,0.015987051,0.016985255,0.017193785
2019-09-12,0.014225812,0.015251743,0.016285031,0.017138702,0.016850228
2019-09-13,0.014524666,0.015753435,0.016684564,0.017597489,0.017819307
2019-09-16,0.014727125,0.015751723,0.016683886,0.017594913,0.017814783
2019-09-17,0.014530232,0.015754818,0.016581166,0.017586131,0.017678055
2019-09-18,0.01392481,0.015249149,0.015865024,0.016859139,0.017165754
2019-09-19,0.014025318,0.015150419,0.016076879,0.016938793,0.017012849
2019-09-20,0.014128177,0.015352282,0.016077203,0.017043711,0.017225429
2019-09-23,0.014124472,0.015151775,0.016081375,0.017051026,0.017230517
2019-09-24,0.013832268,0.014955334,0.015778734,0.016752683,0.016925036
2019-09-25,0.014026078,0.015053547,0.015982026,0.016961005,0.017155128
2019-09-26,0.013930518,0.014951077,0.015670774,0.016651784,0.016951841
2019-09-27,0.013531792,0.014454966,0.015284662,0.01634113,0.016511889
2019-09-30,0.01343186,0.014560008,0.015281987,0.016342204,0.016403095
2019-10-01,0.013242345,0.014464686,0.015187723,0.016363646,0.016419541
2019-10-02,0.012850247,0.014173716,0.015000802,0.016296031,0.016359832
2019-10-03,0.012456828,0.013881078,0.014816673,0.016208376,0.016157699
2019-10-04,0.01265267,0.013974509,0.015009598,0.016193544,0.016379468
2019-10-07,0.012647941,0.014068724,0.015106742,0.016295728,0.016484556
2019-10-08,0.012453184,0.013770983,0.014808929,0.015997979,0.016180892
2019-10-09,0.012348916,0.013773579,0.014911283,0.015991163,0.016177594
2019-10-10,0.012844212,0.014072446,0.015214908,0.016403486,0.01648569
2019-10-11,0.013339069,0.014668073,0.015602125,0.016780286,0.016840818
2019-10-15,0.013242648,0.014568377,0.015610123,0.016884855,0.016928325
2019-10-16,0.013441715,0.014569859,0.015714697,0.017005461,0.016842232
2019-10-17,0.015137432,0.015671121,0.015908507,0.016899049,0.017080302
2019-10-18,0.015141496,0.01577423,0.016012457,0.017117177,0.017298031
2019-10-21,0.015236855,0.015874192,0.016110173,0.017207886,0.017374253
2019-10-22,0.015239267,0.015668529,0.016108026,0.01731011,0.017386651
2019-10-23,0.015142544,0.015770324,0.016110531,0.01731298,0.017498753
2019-10-24,0.015142906,0.015769379,0.016211969,0.017525496,0.017583527
2019-10-25,0.0154375,0.016068554,0.016504304,0.017623961,0.017923705
2019-10-28,0.015239908,0.015969303,0.016411002,0.017733572,0.017904762
2019-10-29,0.01503854,0.01556607,0.016108401,0.017423833,0.017482022
2019-10-30,0.014639677,0.015267806,0.015702796,0.017004177,0.017169747
2019-10-31,0.014348306,0.015070232,0.015407702,0.016695487,0.016728836
2019-11-01,0.014942407,0.015469852,0.015910428,0.017207511,0.017263958
2019-11-04,0.01554171,0.016072134,0.016412687,0.017822695,0.017647212
2019-11-05,0.015746509,0.016477748,0.016812465,0.018236307,0.018174978
2019-11-06,0.015645039,0.016376851,0.016604907,0.018141117,0.018186281
2019-11-07,0.016043308,0.016675016,0.016902827,0.018543998,0.018465437
2019-11-08,0.016246124,0.016981688,0.017107989,0.018763346,0.018572083
2019-11-12,0.015947484,0.016677965,0.01700793,0.018635441,0.018320899
2019-11-13,0.015746712,0.016276372,0.016610714,0.018238211,0.018156604
2019-11-14,0.015349414,0.015878429,0.016212424,0.017942504,0.017855214
2019-11-15,0.015144949,0.015879579,0.016313357,0.017920462,0.017709768
2019-11-18,0.015345173,0.015979657,0.016306882,0.01793788,0.017851819
2019-11-19,0.015242674,0.015873813,0.016302852,0.017807635,0.017818078
2019-11-20,0.015046025,0.015672126,0.015997214,0.017601391,0.017610839
2019-11-21,0.015244313,0.016073877,0.016292626,0.017909008,0.01781219
2019-11-22,0.015243172,0.015970989,0.016191353,0.017785221,0.017783222
2019-11-25,0.015243886,0.016069826,0.016185187,0.017886584,0.017885821
2019-11-26,0.015147541,0.015969169,0.01619322,0.017775283,0.017884507
2019-11-27,0.015339549,0.015966369,0.01628805,0.017749457,0.01763048
2019-11-29,0.014947483,0.015973108,0.016088904,0.017564574,0.017566045
2019-12-02,0.015351953,0.016276429,0.016499228,0.018097028,0.017859612
2019-12-03,0.015054436,0.015973584,0.016304348,0.017889522,0.017781274
2019-12-04,0.015350486,0.01637739,0.016598562,0.018092852,0.017985217
2019-12-05,0.015452787,0.016376369,0.016705026,0.018185451,0.017953556
2019-12-06,0.015852495,0.016777132,0.016896593,0.018299744,0.018320119
2019-12-09,0.015845831,0.01657699,0.016895445,0.018387454,0.018067286
2019-12-10,0.015843552,0.016671199,0.017098727,0.018252576,0.018049385
2019-12-11,0.015947089,0.016673516,0.016888183,0.018178605,0.018094929
2019-12-12,0.01614782,0.01707947,0.017195779,0.018471908,0.018373491
2019-12-13,0.016148267,0.016878441,0.016995068,0.018284625,0.01809066
2019-12-16,0.016346273,0.017079265,0.017301305,0.01856008,0.018228985
2019-12-17,0.01645058,0.017283004,0.017505681,0.018775427,0.018334135
2019-12-18,0.016756045,0.017588657,0.017602471,0.018992997,0.018547997
2019-12-19,0.016753449,0.017490408,0.017714185,0.01909908,0.018783131
2019-12-20,0.016651917,0.017385315,0.01771326,0.018981595,0.018649678
2019-12-23,0.01665186,0.017388462,0.017506196,0.018881823,0.01843775
2019-12-24,0.016652401,0.017389411,0.017507568,0.018890646,0.018445056
2019-12-26,0.016551592,0.017493982,0.017397631,0.018688379,0.018369276
2019-12-27,0.016353922,0.017195433,0.017317175,0.018600276,0.018275785
2019-12-30,0.016558951,0.017297975,0.01752754,0.018700915,0.018357581
2019-12-31,0.016763413,0.017595397,0.017728451,0.019043138,0.018601535
2020-01-02,0.017157976,0.017794744,0.01802579,0.019114728,0.018793899
2020-01-03,0.016859514,0.017590468,0.017724806,0.018922741,0.018618807
2020-01-06,0.016857914,0.017386513,0.017520929,0.018830052,0.018521717
2020-01-07,0.016659208,0.017294044,0.01742487,0.018742344,0.01842774
2020-01-08,0.016756856,0.017385623,0.017520077,0.019048547,0.018607168
2020-01-09,0.016654239,0.01739238,0.017412977,0.018910965,0.019362545
2020-01-10,0.016656145,0.017283545,0.01762056,0.018909985,0.018590294
2020-01-13,0.016953748,0.017486027,0.017720305,0.019012406,0.018692359
2020-01-14,0.016951807,0.017584893,0.017713067,0.018908368,0.018608207
2020-01-15,0.016652431,0.017284663,0.017514018,0.018691603,0.018374813
2020-01-16,0.01675053,0.017283151,0.017410068,0.018600945,0.018514705
2020-01-17,0.016751059,0.017290664,0.017527632,0.01891247,0.018461839
2020-01-21,0.016556537,0.017288411,0.017424354,0.018705135,0.018365158
2020-01-22,0.016354672,0.016987591,0.01722056,0.018400652,0.018311999
2020-01-23,0.016355603,0.016882599,0.017017127,0.018184494,0.018204826
2020-01-24,0.01615571,0.01668116,0.016817676,0.018183328,0.018078545
2020-01-27,0.015553632,0.015977988,0.016314087,0.017770792,0.017665077
2020-01-28,0.015856727,0.0162776,0.016515231,0.017885814,0.017902264
2020-01-29,0.015756208,0.016284308,0.016418964,0.017581415,0.017825166
2020-01-30,0.015855544,0.016385996,0.016415246,0.017802434,0.017937501
2020-01-31,0.015963427,0.016389626,0.016525582,0.017811174,0.017836587
2020-02-03,0.015560265,0.016085376,0.016320966,0.017498306,0.017647389
2020-02-04,0.015758397,0.016284772,0.016419269,0.017602469,0.017753165
2020-02-05,0.01605844,0.016588752,0.016621515,0.017819185,0.017969605
2020-02-06,0.016058068,0.016686275,0.016720733,0.017695753,0.018064107
2020-02-07,0.016058548,0.016584753,0.016615285,0.017792177,0.017929448
2020-02-10,0.016160303,0.016485217,0.016621079,0.017697983,0.017831051
2020-02-11,0.01595712,0.016383934,0.016519879,0.017588561,0.017616715
2020-02-12,0.01635748,0.016685885,0.01660911,0.017696781,0.017831706
2020-02-13,0.01645506,0.016783903,0.016714113,0.017687633,0.017930831
2020-02-14,0.016356941,0.016682319,0.016613336,0.017675662,0.017690045
2020-02-18,0.016355184,0.016684437,0.016509377,0.01757131,0.017691495
2020-02-19,0.016456057,0.016683258,0.016503174,0.017569254,0.017690509
2020-02-20,0.016255221,0.016383249,0.01630702,0.017469926,0.017606726
2020-02-21,0.015958728,0.016284055,0.016111658,0.017153373,0.017272232
2020-02-24,0.015661924,0.01599055,0.015921359,0.016766063,0.016996171
2020-02-25,0.015166229,0.015393038,0.015322119,0.016266585,0.01661123
2020-02-26,0.014973915,0.015497587,0.015428399,0.016380922,0.016619344
2020-02-27,0.014777481,0.015307244,0.015332047,0.016393157,0.016539124
2020-02-28,0.013297919,0.014022452,0.014153925,0.014994666,0.014598803
2020-03-02,0.013200868,0.014018844,0.014148166,0.015941907,0.016103128
2020-03-03,0.013410599,0.014233453,0.014568134,0.016607638,0.01655462
2020-03-04,0.013413706,0.014345174,0.014679206,0.01684739,0.017031263
2020-03-05,0.012816095,0.013741775,0.014071116,0.016312001,0.016390451
2020-03-06,0.011418967,0.012622603,0.013130343,0.015341663,0.015161654
2020-03-09,0.0080135962,0.01000364,0.0099035704,0.012113561,0.012186316
2020-03-10,0.0077137408,0.0096031341,0.010014551,0.01270209,0.012545811
2020-03-11,0.0069107093,0.0091139823,0.0096197655,0.011578032,0.012091241
2020-03-12,0.0063134778,0.0086219613,0.009233608,0.011687944,0.01246257
2020-03-13,0.0053145627,0.0082346439,0.0090387256,0.011301649,0.0123293
2020-03-16,0.0030148048,0.0063192872,0.0073315052,0.0096354028,0.010835809
2020-03-17,0.0016116379,0.0050513753,0.0063832642,0.0095249974,0.010118684
2020-03-18,0.0016158846,0.0052686735,0.00639889,0.0098709944,0.010781596
2020-03-19,0.0014204925,0.0044585851,0.0050873442,0.0090164003,0.010752554
2020-03-20,0.003115212,0.0065492066,0.0075752687,0.011351994,0.012726477
2020-03-23,0.003716333,0.006629301,0.0080624122,0.01176185,0.013951131
2020-03-24,0.0055214673,0.008630791,0.009752839,0.013167062,0.015148212
2020-03-25,0.0069210845,0.0095444207,0.010763629,0.013604558,0.015113082
2020-03-26,0.0072211602,0.009645669,0.01076355,0.013814351,0.015318096
2020-03-27,0.0054142383,0.0080288844,0.0094511847,0.012457774,0.013717584
2020-03-30,0.0057164252,0.0081255856,0.0095517852,0.012385251,0.013245292
2020-03-31,0.0049159614,0.007121234,0.008756127,0.011909268,0.012438432
2020-04-01,0.0056124553,0.0078176992,0.0091346295,0.011784705,0.012556809
2020-04-02,0.0073186233,0.0092239965,0.010338331,0.012892672,0.013456089
2020-04-03,0.0078220127,0.0097203528,0.010837906,0.013490287,0.013715956
2020-04-06,0.0085266827,0.01052215,0.011440919,0.013990744,0.014122818
2020-04-07,0.0086270637,0.010633188,0.011754113,0.014090315,0.014323841
2020-04-08,0.0087294699,0.010738355,0.01196253,0.014627003,0.014657477
2020-04-09,0.009033977,0.011038696,0.012365774,0.015148839,0.015299962
2020-04-13,0.0094349442,0.011441982,0.01267034,0.015667611,0.015825115
2020-04-14,0.0094352685,0.011443436,0.012974237,0.01589775,0.016182451
2020-04-15,0.0087256965,0.010530161,0.01195478,0.014839947,0.015203115
2020-04-16,0.0070200637,0.0091217007,0.010340273,0.01296847,0.013510489
2020-04-17,0.0067222794,0.0089237031,0.010149188,0.013091943,0.013417411
2020-04-20,0.0056172096,0.0081172367,0.0094419679,0.012359694,0.013193027
2020-04-21,0.0058147757,0.0085127069,0.009630992,0.012639097,0.013576987
2020-04-22,0.0069171416,0.0094207024,0.010639827,0.013566203,0.014407254
2020-04-23,0.0067160786,0.0092180116,0.010531307,0.013342924,0.014283284
2020-04-24,0.0072202914,0.0099157315,0.011129027,0.013947281,0.014792795
2020-04-27,0.0078207749,0.010324482,0.011740131,0.014581799,0.015428368
2020-04-28,0.0076242127,0.010219612,0.011435878,0.014167297,0.015124354
2020-04-29,0.0078241514,0.01012714,0.011442137,0.01410014,0.015179768
2020-04-30,0.0072217856,0.0095283001,0.010745039,0.013615304,0.014608251
2020-05-01,0.0068218002,0.0093238241,0.010641394,0.013404125,0.014497078
2020-05-04,0.0069201128,0.0093253511,0.010742812,0.013624025,0.014731306
2020-05-05,0.0071212977,0.0095283318,0.011047981,0.013844648,0.015068021
2020-05-06,0.0071276296,0.0095353143,0.011066273,0.014190507,0.015217904
2020-05-07,0.0070293055,0.0093290301,0.010855264,0.013758477,0.014892157
2020-05-08,0.0074261344,0.009637066,0.011266932,0.014199489,0.015353249
2020-05-11,0.0075283573,0.0097377915,0.011373684,0.014411305,0.015570876
2020-05-12,0.0072236957,0.0093355032,0.010964474,0.013883345,0.015035128
2020-05-13,0.0071232957,0.0093319938,0.010755455,0.013682601,0.01504938
2020-05-14,0.0071206213,0.0091306494,0.01065421,0.013344817,0.014587986
2020-05-15,0.0075221001,0.0094361356,0.010958641,0.013763688,0.015010685
2020-05-18,0.0084304039,0.010344551,0.011775317,0.014726619,0.015886186
2020-05-19,0.0082283287,0.010142383,0.011572235,0.014534335,0.015705082
2020-05-20,0.0083317259,0.010239497,0.011671056,0.015322831,0.015684435
2020-05-21,0.0081268236,0.0099407979,0.011466172,0.014818179,0.015523488
2020-05-22,0.008025232,0.0097378993,0.011261905,0.014499883,0.01521684
2020-05-26,0.0082263853,0.0099406442,0.011371978,0.01483822,0.015336485
2020-05-27,0.0082248616,0.010038568,0.011470098,0.014955881,0.015468717
2020-05-28,0.0086327311,0.010641396,0.011880165,0.015279108,0.015983402
2020-05-29,0.0083301806,0.010337604,0.011572103,0.015051012,0.015534929
2020-06-01,0.0084343434,0.010336226,0.01187159,0.01580158,0.015999281
2020-06-02,0.0084294386,0.010440457,0.011875614,0.01560604,0.015900469
2020-06-03,0.0088350196,0.010845389,0.012193746,0.015726285,0.01622602
2020-06-04,0.008837279,0.010853031,0.012305281,0.015946566,0.016326882
2020-06-05,0.0095403846,0.011467607,0.012823654,0.016462697,0.016622676
2020-06-08,0.0098427151,0.01176505,0.01292011,0.016453916,0.016510636
2020-06-09,0.0098424684,0.011666297,0.012720459,0.015918584,0.016179542
2020-06-10,0.010043038,0.011756438,0.012813112,0.016230367,0.016390548
2020-06-11,0.0095337745,0.011242385,0.012181261,0.015554956,0.015823908
2020-06-12,0.0095350343,0.011150083,0.012194915,0.015563189,0.015608049
2020-06-15,0.0098358969,0.011353143,0.012397178,0.015667611,0.015711889
2020-06-16,0.010236067,0.011858317,0.012812459,0.016036706,0.016309664
2020-06-17,0.010139143,0.011654876,0.012708888,0.016022459,0.016074771
2020-06-18,0.011244101,0.012365842,0.012912764,0.015897115,0.016172775
2020-06-19,0.010639711,0.01215642,0.013101029,0.016209855,0.016403531
2020-06-22,0.011142349,0.012562754,0.013506349,0.016502947,0.016582981
2020-06-23,0.011447246,0.012964109,0.013915078,0.016937789,0.017137771
2020-06-24,0.011039491,0.012460163,0.013402799,0.016495582,0.016578187
2020-06-25,0.011147129,0.012660701,0.013401661,0.016591833,0.016681025
2020-06-26,0.011142474,0.012557853,0.013296905,0.016360176,0.016434139
2020-06-29,0.01144333,0.012760985,0.013508108,0.016289068,0.016467243
2020-06-30,0.011645973,0.012867687,0.013514838,0.016194236,0.01636847
2020-07-01,0.011747513,0.013170132,0.013818568,0.016398072,0.016575178
2020-07-02,0.012151338,0.013470936,0.014224538,0.016819466,0.0168961
2020-07-06,0.012855512,0.013980592,0.014632589,0.017143261,0.017336938
2020-07-07,0.012651962,0.013772972,0.014421825,0.01679868,0.016876515
2020-07-08,0.012551164,0.013674473,0.014326343,0.016491261,0.016562038
2020-07-09,0.012247352,0.01336766,0.014010169,0.016253514,0.016330677
2020-07-10,0.012552643,0.01367314,0.014218958,0.016344503,0.016191231
2020-07-13,0.012753066,0.013872227,0.014320129,0.016454191,0.016417571
2020-07-14,0.012758114,0.013771388,0.014221841,0.016233589,0.016181784
2020-07-15,0.012852337,0.013778043,0.014227797,0.016255796,0.01641533
2020-07-16,0.01305245,0.013880763,0.01422582,0.016251132,0.01651218
2020-07-17,0.013561049,0.014384405,0.014736937,0.016670317,0.016831665
2020-07-20,0.013759034,0.014487462,0.014731231,0.01677322,0.016937344
2020-07-21,0.014063819,0.01469007,0.014939734,0.0168812,0.01704286
2020-07-22,0.014063847,0.014788208,0.014937366,0.016867153,0.016816697
2020-07-23,0.013755469,0.014682883,0.015026387,0.016733791,0.016486505
2020-07-24,0.013559722,0.014575311,0.015216855,0.017028372,0.016674716
2020-07-27,0.013859683,0.014683304,0.015324808,0.017028961,0.016771459
2020-07-28,0.013659627,0.014778899,0.015224283,0.016922152,0.016783255
2020-07-29,0.013863922,0.014980375,0.015427528,0.017351274,0.017115929
2020-07-30,0.013761493,0.014778223,0.015321065,0.017139842,0.016916929
2020-07-31,0.014061623,0.015087101,0.01563242,0.017254712,0.017224943
2020-08-03,0.014668493,0.015591337,0.015944493,0.017582031,0.017452758
2020-08-04,0.014563459,0.015390587,0.015837921,0.017279991,0.017255463
2020-08-05,0.015271975,0.015998338,0.016252955,0.017693711,0.017460379
2020-08-06,0.015373988,0.016197763,0.016455041,0.017586821,0.017250037
2020-08-07,0.015069204,0.015994664,0.016250971,0.017586641,0.017152758
2020-08-10,0.014966688,0.015795949,0.016250399,0.017688355,0.017339723
2020-08-11,0.015068487,0.015996814,0.016458055,0.01791951,0.017681954
2020-08-12,0.015676138,0.016512017,0.016878181,0.018241936,0.018002465
2020-08-13,0.01567828,0.016514778,0.01687996,0.018371062,0.018025583
2020-08-14,0.015378666,0.0163134,0.016684954,0.018199911,0.017978122
2020-08-17,0.015477071,0.016310295,0.016779219,0.018199818,0.017975267
2020-08-18,0.015575804,0.016508356,0.016979466,0.018494977,0.018381703
2020-08-19,0.015576635,0.016409984,0.016879908,0.018696904,0.018355025
2020-08-20,0.014870538,0.015901486,0.016366275,0.017768265,0.01722196
2020-08-21,0.015268634,0.016203893,0.01656535,0.01805044,0.01770582
2020-08-24,0.015779197,0.016606697,0.016874732,0.018350889,0.017896241
2020-08-25,0.016080046,0.01681702,0.017188992,0.018570533,0.018110187
2020-08-26,0.016382884,0.017322305,0.017400924,0.01899462,0.018442041
2020-08-27,0.016587274,0.017331846,0.017514202,0.01904996,0.018491502
2020-08-28,0.016890751,0.017837464,0.017936501,0.019391022,0.018947404
2020-08-31,0.016990096,0.017839161,0.018223112,0.019789787,0.019357211
2020-09-01,0.016583723,0.0173288,0.017808522,0.019449146,0.019122568
2020-09-02,0.016178501,0.016915886,0.017489705,0.019001722,0.018660284
2020-09-03,0.015372141,0.016203797,0.016675494,0.018454717,0.018104809
2020-09-04,0.01578019,0.01661509,0.017194802,0.019114938,0.018759375
2020-09-08,0.015575574,0.016407998,0.016988217,0.019002507,0.018650141
2020-09-09,0.015777995,0.016613525,0.017297736,0.019317427,0.0187473
2020-09-10,0.015474931,0.016404264,0.017085444,0.019114959,0.018761921
2020-09-11,0.015373848,0.016106967,0.016685541,0.018800993,0.018345076
2020-09-14,0.015473422,0.01611157,0.016687167,0.018693845,0.0182354
2020-09-15,0.015473054,0.016210374,0.016884527,0.01881161,0.01856823
2020-09-16,0.015776006,0.016417503,0.016992296,0.018826959,0.018577709
2020-09-17,0.015778627,0.01631881,0.016795196,0.018599612,0.018336193
2020-09-18,0.015878342,0.016421436,0.016897048,0.018813739,0.0184507
2020-09-21,0.015069784,0.015806361,0.016382019,0.01849223,0.018132358
2020-09-22,0.015071289,0.01571001,0.01638079,0.018384708,0.01802249
2020-09-23,0.014867256,0.015506855,0.016175899,0.018275961,0.018117097
2020-09-24,0.014565972,0.015399351,0.015969482,0.01815523,0.018104022
2020-09-25,0.014367418,0.015295305,0.015965356,0.018063238,0.018207521
2020-09-28,0.01486882,0.015801815,0.016277102,0.018185797,0.018442717
2020-09-29,0.014972681,0.015905359,0.016580951,0.018499147,0.018555594
2020-09-30,0.015072259,0.015906486,0.016482297,0.01841816,0.018688176
2020-10-01,0.014868278,0.015800878,0.016476751,0.018514129,0.018769859
2020-10-02,0.014871946,0.015903629,0.016579918,0.018732767,0.019008571
2020-10-05,0.015280237,0.016316474,0.016998201,0.019172603,0.019348437
2020-10-06,0.015177218,0.01611592,0.016794669,0.019073152,0.019145781
2020-10-07,0.015478271,0.016417465,0.017305449,0.019289421,0.019357399
2020-10-08,0.015684065,0.016719741,0.017408001,0.019387076,0.019559327
2020-10-09,0.015679747,0.016619042,0.017501194,0.01939365,0.019682422
2020-10-13,0.015273393,0.016410244,0.017185409,0.019459401,0.019442362
2020-10-14,0.01527703,0.016309212,0.017085682,0.019343807,0.019208976
2020-10-15,0.015276742,0.016310582,0.017084559,0.019355816,0.01943777
2020-10-16,0.015378475,0.016414876,0.017292485,0.019347324,0.01940922
2020-10-19,0.015374851,0.01631591,0.017293527,0.019262815,0.019436482
2020-10-20,0.01538282,0.016619152,0.017406971,0.019392383,0.019565493
2020-10-21,0.015686059,0.016724037,0.017614099,0.019602517,0.019756332
2020-10-22,0.016897553,0.017652126,0.01784996,0.019631021,0.02002172
2020-10-23,0.016690615,0.017448077,0.017738183,0.019611179,0.019884922
2020-10-26,0.016388389,0.01714338,0.017426912,0.019381135,0.019638613
2020-10-27,0.016487623,0.017139439,0.017325588,0.019375753,0.019654015
2020-10-28,0.016184954,0.016835471,0.017217458,0.019160315,0.019417643
2020-10-29,0.01618935,0.016942593,0.017327501,0.019376995,0.019757958
2020-10-30,0.015995448,0.016947365,0.017236027,0.019279097,0.019743782
2020-11-02,0.016091262,0.01704392,0.01733357,0.019065759,0.01982911
2020-11-03,0.01629316,0.017150822,0.01744427,0.019378965,0.019945091
2020-11-04,0.015683586,0.016329569,0.016612014,0.018739023,0.01909891
2020-11-05,0.015583754,0.016428422,0.016811352,0.018726662,0.019187836
2020-11-06,0.015481561,0.016327115,0.016714403,0.018751313,0.019331653
2020-11-09,0.016398878,0.017253076,0.017552871,0.019197584,0.019759102
2020-11-10,0.017002733,0.017764126,0.017865358,0.019409098,0.020175299
2020-11-12,0.016393666,0.0171443,0.017335574,0.018761497,0.019722679
2020-11-13,0.016495229,0.01714912,0.017436186,0.019070322,0.019832524
2020-11-16,0.01649165,0.017249862,0.01744471,0.018760102,0.019722894
2020-11-17,0.016389966,0.017145832,0.017236852,0.01854566,0.019606303
2020-11-18,0.016395123,0.017048104,0.017237355,0.018939713,0.019466515
2020-11-19,0.016289492,0.016945392,0.017226823,0.019117305,0.019349403
2020-11-20,0.016192349,0.016941844,0.017116274,0.018885989,0.019221956
2020-11-23,0.016295237,0.016947758,0.0173225,0.019201101,0.019438354
2020-11-24,0.016599064,0.017353195,0.017637824,0.019535817,0.019770831
2020-11-25,0.016798619,0.017558712,0.017743059,0.019762046,0.020014933
2020-11-27,0.016795951,0.017353864,0.017733443,0.019645934,0.019895961
2020-11-30,0.016898986,0.017658347,0.017936985,0.019962405,0.020216684
2020-12-01,0.017306726,0.018068016,0.018357808,0.020287661,0.020521401
2020-12-02,0.017713228,0.018379252,0.018778616,0.020723681,0.020853739
2020-12-03,0.017913309,0.018679634,0.018878773,0.02052096,0.02086687
2020-12-04,0.018421636,0.018997176,0.01920471,0.020955006,0.021078698
2020-12-07,0.018523298,0.018995573,0.019105234,0.020635105,0.020856212
2020-12-08,0.018520786,0.018892174,0.019197376,0.020739265,0.020877927
2020-12-09,0.01851993,0.018995813,0.019398553,0.020940051,0.021082525
2020-12-10,0.018419568,0.018790941,0.019095044,0.020714769,0.020960499
2020-12-11,0.01832282,0.018591378,0.018992305,0.020511326,0.020651515
2020-12-14,0.018520706,0.018797171,0.019098813,0.020612561,0.020633955
2020-12-15,0.018728029,0.019099838,0.019412212,0.02092879,0.02095187
2020-12-16,0.019128045,0.019309807,0.019520628,0.020944137,0.020860919
2020-12-17,0.019130307,0.019509673,0.019723504,0.021156043,0.021094799
2020-12-18,0.019333876,0.019517659,0.019825784,0.02127391,0.02120893
2020-12-21,0.01912978,0.019313858,0.019823066,0.021251915,0.020968371
2020-12-22,0.019329671,0.019516283,0.019731838,0.020732549,0.020743595
2020-12-23,0.01943452,0.019722569,0.020037751,0.021274454,0.021206638
2020-12-24,0.019333016,0.019718835,0.020029855,0.02124639,0.021065082
2020-12-28,0.019330796,0.019517203,0.020026218,0.021260847,0.021193934
2020-12-29,0.019132675,0.019514742,0.019924154,0.021354117,0.021074348
2020-12-30,0.019336395,0.019618511,0.019923026,0.021251185,0.021070183
2020-12-31,0.019635338,0.019825027,0.020232428,0.021456095,0.021174109
2021-01-04,0.019941699,0.020030574,0.020443947,0.021777271,0.021495739
2021-01-05,0.02024268,0.020239728,0.020656052,0.021903965,0.021635158
2021-01-06,0.020554727,0.020655017,0.020974634,0.022460392,0.022191715
2021-01-07,0.021066141,0.021069565,0.021290113,0.022677953,0.022407681
2021-01-08,0.02086618,0.020670287,0.020996754,0.022237597,0.021842119
2021-01-11,0.020566714,0.020675138,0.020993966,0.022228283,0.021836815
2021-01-12,0.020767812,0.020773674,0.02119932,0.022437573,0.022046604
2021-01-13,0.020562572,0.020563339,0.020977406,0.022406682,0.022006822
2021-01-14,0.021065421,0.020881144,0.021310959,0.022643363,0.022233326
2021-01-15,0.021067187,0.020878984,0.021408567,0.02265498,0.022138161
2021-01-19,0.021368892,0.021085092,0.021411413,0.022753965,0.022344315
2021-01-20,0.021675921,0.021396114,0.021622731,0.022862625,0.022451327
2021-01-21,0.021981023,0.021608027,0.021444497,0.023074419,0.022771572
2021-01-22,0.021775421,0.021398373,0.021334713,0.022865796,0.022559658
2021-01-25,0.021669658,0.021290228,0.021220771,0.022651281,0.022242722
2021-01-26,0.021675564,0.02138922,0.021219001,0.022549284,0.021936107
2021-01-27,0.021670039,0.021285979,0.021219738,0.022449262,0.021729133
2021-01-28,0.021978334,0.021798261,0.02173614,0.022960809,0.022228277
2021-01-29,0.022290854,0.022011489,0.021749041,0.022991503,0.022474144
2021-02-01,0.021981836,0.021805213,0.021550281,0.022668011,0.022128384
2021-02-02,0.022493013,0.022219675,0.021963397,0.022987439,0.022445854
2021-02-03,0.022901229,0.022730263,0.022385986,0.023335141,0.0228067
2021-02-04,0.02269886,0.02243034,0.022180223,0.023440504,0.022790622
2021-02-05,0.023009405,0.022839497,0.0226077,0.023563596,0.022800331
2021-02-08,0.023309102,0.022943898,0.022709236,0.023451602,0.022892448
2021-02-09,0.023310163,0.022945739,0.022703782,0.023649681,0.022767402
2021-02-10,0.023305512,0.022937947,0.022600969,0.023438999,0.022658913
2021-02-11,0.023408385,0.022945621,0.02250682,0.02324691,0.022457688
2021-02-12,0.023719037,0.023257628,0.022618676,0.023493639,0.022819918
2021-02-16,0.023930533,0.023573463,0.022938357,0.023571546,0.022959026
2021-02-17,0.023733757,0.023373651,0.022629984,0.023545606,0.022691176
2021-02-18,0.023123637,0.022862837,0.022113884,0.023056424,0.022254993
2021-02-19,0.023129073,0.022869631,0.021924384,0.02286288,0.022134108
2021-02-22,0.023741647,0.023191491,0.022145296,0.023105288,0.022387837
2021-02-23,0.023741071,0.023294095,0.022150963,0.023031071,0.022433648
2021-02-24,0.02404728,0.023397811,0.022246775,0.023465594,0.022416296
2021-02-25,0.023663289,0.023297523,0.021905409,0.023877018,0.021895421
2021-02-26,0.02416792,0.02350242,0.021999206,0.023578394,0.021891855
2021-03-01,0.024265274,0.023513428,0.022132186,0.023560234,0.022005729
2021-03-02,0.02456372,0.023816532,0.022550463,0.023783314,0.022228515
2021-03-03,0.024773645,0.023925,0.022644341,0.023983048,0.022452135
2021-03-04,0.024579891,0.02393041,0.022546385,0.023965205,0.022410358
2021-03-05,0.024583705,0.02393387,0.022748924,0.02412003,0.022433664
2021-03-08,0.024484402,0.023830051,0.022623553,0.024011787,0.022450489
2021-03-09,0.02437367,0.02361023,0.022619749,0.024093407,0.022419355
2021-03-10,0.024982637,0.024129779,0.023148479,0.02461351,0.022713976
2021-03-11,0.025393778,0.024448725,0.023372724,0.024784505,0.023008501
2021-03-12,0.025409803,0.024564581,0.023180037,0.024701818,0.022739456
2021-03-15,0.025712202,0.024670975,0.023283353,0.024792406,0.022974602
2021-03-16,0.02621922,0.025087202,0.023601989,0.025322075,0.023244936
2021-03-17,0.026121051,0.025100692,0.023624927,0.025277335,0.023435222
2021-03-18,0.025310812,0.02458683,0.023305609,0.025009195,0.023262092
2021-03-19,0.02541837,0.024794222,0.023712534,0.025283331,0.023551691
2021-03-22,0.025413992,0.024886478,0.02390592,0.025454357,0.023858226
2021-03-23,0.025101209,0.024567188,0.023483377,0.025159113,0.02379939
2021-03-24,0.025609138,0.0246739,0.023694033,0.025134216,0.023676986
2021-03-25,0.025714714,0.024989668,0.023802936,0.025371835,0.023800118
2021-03-26,0.026024779,0.025202523,0.024018283,0.025470742,0.02400122
2021-03-29,0.025930473,0.025310222,0.024230487,0.025589078,0.024238413
2021-03-30,0.025521753,0.025101637,0.024108618,0.025305066,0.023719896
2021-03-31,0.025726445,0.025300125,0.024310425,0.025436987,0.023863293
2021-04-01,0.025821591,0.025294001,0.024090073,0.024985386,0.023533969
2021-04-02,0.026131989,0.025493354,0.024173524,0.025254401,0.023559239
2021-04-05,0.025826291,0.025191689,0.02409328,0.025162569,0.023352566
2021-04-06,0.025513084,0.024876817,0.023784292,0.024872665,0.022952859
2021-04-07,0.025614559,0.024985729,0.023999546,0.024908806,0.023099839
2021-04-08,0.025816871,0.024882215,0.023894763,0.024815407,0.023030231
2021-04-09,0.025408388,0.024673824,0.023684753,0.02439229,0.022836728
2021-04-12,0.025507107,0.024871578,0.023887068,0.024571767,0.022897388
2021-04-13,0.025706464,0.02476989,0.023892451,0.024817343,0.023162224
2021-04-14,0.025915558,0.024977661,0.023884357,0.024809261,0.023026252
2021-04-15,0.025803277,0.024966979,0.023874671,0.02478801,0.023029909
2021-04-16,0.026009122,0.025069018,0.024182428,0.025003392,0.023368061
2021-04-19,0.025911012,0.025071253,0.023983291,0.024809515,0.02326841
2021-04-20,0.025501727,0.024766038,0.023778404,0.024820882,0.023175965
2021-04-21,0.025601703,0.024860747,0.023878533,0.024918577,0.023254998
2021-04-22,0.024478914,0.023033258,0.02383195,0.025004838,0.023267213
2021-04-23,0.024685729,0.023435337,0.023932339,0.02500204,0.02336983
2021-04-26,0.024988064,0.023640568,0.024127478,0.025090966,0.023464999
2021-04-27,0.025405627,0.02396169,0.024445457,0.025410663,0.023884435
2021-04-28,0.025709134,0.024374476,0.024668229,0.025620253,0.023966688
2021-04-29,0.02591591,0.024284765,0.02478004,0.025633104,0.023888388
2021-04-30,0.02601786,0.024287696,0.024681059,0.025310472,0.02366978
2021-05-03,0.026318886,0.024795271,0.024799315,0.025340036,0.023713135
2021-05-04,0.026520892,0.024900843,0.024798125,0.025323217,0.023577055
2021-05-05,0.027127061,0.025114628,0.025314665,0.02564463,0.023898747
2021-05-06,0.026924516,0.025405062,0.02510868,0.025423203,0.023553195
2021-05-07,0.026824515,0.025218481,0.025538545,0.025888553,0.024024221
2021-05-10,0.027434541,0.025932974,0.026057333,0.026324631,0.024477617
2021-05-11,0.027131364,0.026229709,0.025964669,0.026347271,0.024491757
2021-05-12,0.027549507,0.026238377,0.026058657,0.026548377,0.024557069
2021-05-13,0.026831752,0.025417931,0.025734469,0.026570598,0.024577357
2021-05-14,0.027134274,0.026120471,0.02574303,0.026648871,0.024652322
2021-05-17,0.027543863,0.026428058,0.026051955,0.026855097,0.024727149
2021-05-18,0.027541223,0.026825156,0.025867577,0.026559396,0.024656987
2021-05-19,0.026939273,0.026417362,0.025447392,0.026198146,0.024255724
2021-05-20,0.026219464,0.025588714,0.02471773,0.025684966,0.023874019
2021-05-21,0.02652081,0.025895421,0.024924391,0.025569235,0.023864957
2021-05-24,0.026728719,0.026106643,0.025028647,0.025776535,0.023975104
2021-05-25,0.026619081,0.025796098,0.024815937,0.025565701,0.024005633
2021-05-26,0.026316431,0.025586945,0.024614784,0.025346881,0.023891123
2021-05-27,0.026221462,0.025797801,0.024819607,0.025543835,0.023963069
2021-05-28,0.026011901,0.025581334,0.024815854,0.025845019,0.024044583
2021-06-01,0.02631836,0.025900834,0.025231291,0.026166175,0.024358317
2021-06-02,0.026222042,0.025891519,0.025021523,0.026063467,0.024129963
2021-06-03,0.025913417,0.025681322,0.024808177,0.025729391,0.024134101
2021-06-04,0.025703193,0.025364005,0.024596879,0.02573271,0.024044436
2021-06-07,0.025394242,0.025055686,0.024485642,0.025628838,0.023936969
2021-06-08,0.024986005,0.024535452,0.02416576,0.025514871,0.023833448
2021-06-09,0.024366592,0.02401473,0.02374561,0.025281723,0.023590998
2021-06-10,0.02497822,0.024523003,0.024044888,0.025623667,0.023955954
2021-06-11,0.024570091,0.024112276,0.023729542,0.025485794,0.02370148
2021-06-14,0.024677651,0.024316071,0.024133408,0.025903748,0.024219245
2021-06-15,0.024882403,0.024622064,0.024336376,0.026025591,0.024360354
2021-06-16,0.024373452,0.024201241,0.023697677,0.02531412,0.023852631
2021-06-17,0.02334973,0.022461443,0.023122877,0.024932185,0.023274342
2021-06-18,0.023944834,0.023542741,0.02281844,0.024250049,0.022785171
2021-06-21,0.024351929,0.023960839,0.02294843,0.024431861,0.022970686
2021-06-22,0.024863158,0.024581217,0.023570811,0.024765367,0.02342516
2021-06-23,0.025167957,0.024782293,0.023871765,0.024860005,0.023416805
2021-06-24,0.024762992,0.024472931,0.023449218,0.024744608,0.023310531
2021-06-25,0.024864016,0.024584589,0.023868607,0.025182247,0.023630468
2021-06-28,0.024764135,0.02447123,0.023754673,0.025255445,0.023601666
2021-06-29,0.02485859,0.024374337,0.023660144,0.024956451,0.023417946
2021-06-30,0.02496106,0.024569516,0.023657303,0.024844936,0.023292054
2021-07-01,0.025169221,0.024877818,0.023965694,0.02503242,0.023485844
2021-07-02,0.025163767,0.024572424,0.023764334,0.024953204,0.023423151
2021-07-06,0.02505817,0.024464599,0.023554703,0.024765547,0.023360786
2021-07-07,0.024544671,0.02374524,0.023230002,0.024424275,0.022909287
2021-07-08,0.024039491,0.023541992,0.022633581,0.023703887,0.022287871
2021-07-09,0.024647383,0.02405943,0.023252506,0.024245834,0.022936829
2021-07-12,0.025055031,0.024263272,0.023754564,0.02486198,0.023231054
2021-07-13,0.025863769,0.024777488,0.0240742,0.024976523,0.023457895
2021-07-14,0.02555883,0.024568263,0.023870605,0.024652095,0.023019398
2021-07-15,0.025553796,0.024459567,0.023651102,0.024535303,0.02281655
2021-07-16,0.025450064,0.024259165,0.023735859,0.024750023,0.022927961
2021-07-19,0.024326219,0.023124494,0.022796254,0.024008881,0.022208075
2021-07-20,0.024227068,0.023329179,0.023023467,0.024066988,0.022477391
2021-07-21,0.024741077,0.023852126,0.023246405,0.024464132,0.022732901
2021-07-22,0.024842824,0.02395478,0.023251291,0.024353961,0.02265222
2021-07-23,0.025551619,0.024773144,0.023982009,0.024868454,0.023045809
2021-07-26,0.026162377,0.02528456,0.024487377,0.02551061,0.023711714
2021-07-27,0.025756493,0.024672243,0.024259247,0.025200991,0.023300513
2021-07-28,0.025959341,0.024377401,0.024554445,0.025517403,0.023388123
2021-07-29,0.02606702,0.024788439,0.024762679,0.025612188,0.023486652
2021-07-30,0.02585957,0.024681853,0.024462543,0.025225403,0.023211851
2021-08-02,0.025350208,0.024067546,0.024141283,0.025028584,0.023035841
2021-08-03,0.025348333,0.024065687,0.024238578,0.025132809,0.023042
2021-08-04,0.025248888,0.024157317,0.02393445,0.024688699,0.02280878
2021-08-05,0.024840079,0.023646595,0.023706751,0.024567101,0.022786922
2021-08-06,0.025253585,0.024453318,0.024142395,0.024884777,0.023195144
2021-08-09,0.025251751,0.024455202,0.024141687,0.024985463,0.023193683
2021-08-10,0.025557408,0.024755818,0.024445691,0.025296074,0.023503731
2021-08-11,0.025762473,0.024865037,0.024650935,0.025417798,0.023516846
2021-08-12,0.025765883,0.024865256,0.024543507,0.02545465,0.023787088
2021-08-13,0.025454712,0.024452608,0.024118496,0.02510001,0.023210163
2021-08-16,0.02524943,0.024543415,0.024027576,0.024909717,0.023139419
2021-08-17,0.025144831,0.024339699,0.023714778,0.024493016,0.022715225
2021-08-18,0.025046334,0.024137317,0.023609621,0.024757605,0.022736517
2021-08-19,0.024740213,0.024019895,0.023196855,0.024336736,0.022545276
2021-08-20,0.024233378,0.023513788,0.023078422,0.024100217,0.022415784
2021-08-23,0.024536592,0.023822755,0.023093142,0.024212602,0.022529402
2021-08-24,0.024741278,0.024132182,0.023408352,0.024428361,0.022736503
2021-08-25,0.025359542,0.024847014,0.023935357,0.024537598,0.022934186
2021-08-26,0.025254543,0.024846379,0.023729731,0.024512314,0.022902173
2021-08-27,0.025561716,0.025161756,0.024349322,0.025140851,0.023338556
2021-08-30,0.025360026,0.024955689,0.024144528,0.024848384,0.023159814
2021-08-31,0.025056581,0.024752668,0.023744289,0.024744166,0.02293202
2021-09-01,0.025054847,0.024646569,0.023842269,0.024639747,0.023047434
2021-09-02,0.024952586,0.024440362,0.023629221,0.024625561,0.022819265
2021-09-03,0.025053988,0.024650823,0.023852621,0.02464175,0.022921271
2021-09-07,0.025362918,0.024961624,0.024061533,0.024653217,0.023144208
2021-09-08,0.025563142,0.025061772,0.024261585,0.024943671,0.023124605
2021-09-09,0.025759946,0.02515851,0.02424856,0.025034985,0.023334633
2021-09-10,0.025764716,0.025163427,0.024453499,0.025239792,0.023556561
2021-09-13,0.025565088,0.024959885,0.024143666,0.024814505,0.023235467
2021-09-14,0.025153675,0.024540633,0.023721326,0.024477594,0.022893362
2021-09-15,0.025361969,0.024654506,0.023927385,0.024577676,0.022990264
2021-09-16,0.025564526,0.024855769,0.023932941,0.024546795,0.02282485
2021-09-17,0.025368293,0.024854164,0.02372408,0.024438998,0.022937303
2021-09-20,0.024547714,0.02403232,0.023292345,0.024122956,0.022530026
2021-09-21,0.024652829,0.02403457,0.023301218,0.024212339,0.022501979
2021-09-22,0.024340733,0.023816859,0.023177016,0.023992067,0.022407908
2021-09-23,0.025060586,0.024537071,0.023498152,0.024288649,0.022778647
2021-09-24,0.024960699,0.024543721,0.023805012,0.02451682,0.022886077
2021-09-27,0.025266234,0.024955894,0.023905527,0.02470249,0.022961094
2021-09-28,0.025578335,0.025275304,0.02423067,0.025047484,0.02330247
2021-09-29,0.025478241,0.025175872,0.024138673,0.024961405,0.023307721
2021-09-30,0.025378793,0.02527566,0.024136434,0.024885616,0.023349513
2021-10-01,0.025372346,0.025272853,0.024252196,0.025089764,0.023337268
2021-10-04,0.02557567,0.025269973,0.024248501,0.025091215,0.023460388
2021-10-05,0.026190855,0.026091311,0.02497226,0.025617366,0.023979691
2021-10-06,0.02598285,0.025880532,0.024753946,0.025392053,0.023863647
2021-10-07,0.026390384,0.026196105,0.02507279,0.025705267,0.023941861
2021-10-08,0.026699844,0.026503748,0.025479321,0.026119561,0.024354714
2021-10-12,0.026691214,0.026380027,0.025345453,0.025750723,0.024011661
2021-10-13,0.027091889,0.026773551,0.025631337,0.026024381,0.024312126
2021-10-14,0.027191167,0.026879899,0.025639927,0.025938027,0.024224107
2021-10-15,0.027393135,0.027174095,0.026027145,0.026287643,0.024346907
2021-10-18,0.027387713,0.02706615,0.025810577,0.025922909,0.02398221
2021-10-19,0.027401662,0.027087149,0.025838726,0.026059436,0.024090495
2021-10-20,0.028013126,0.02750439,0.026163026,0.026213097,0.024343282
2021-10-21,0.029739548,0.028730783,0.026868651,0.026898941,0.024948771
2021-10-22,0.029419381,0.028308964,0.026854674,0.026658322,0.024499069
2021-10-25,0.029827617,0.028726012,0.027075615,0.027004999,0.02463484
2021-10-26,0.030233042,0.02892649,0.027375938,0.026977542,0.024723879
2021-10-27,0.029910447,0.028802885,0.026937263,0.0267381,0.024625088
2021-10-28,0.029307184,0.028096448,0.026125005,0.026075836,0.0235806
2021-10-29,0.029214235,0.027899347,0.025515191,0.025434528,0.022583916
2021-11-01,0.028903417,0.027584759,0.025404776,0.025460428,0.022827684
2021-11-02,0.028704585,0.027494679,0.025524806,0.025480999,0.023190685
2021-11-03,0.028910693,0.027693421,0.025723923,0.025783356,0.023388619
2021-11-04,0.029115956,0.027907733,0.02605844,0.026142955,0.023867891
2021-11-05,0.029007665,0.027698037,0.025849755,0.026020125,0.023655798
2021-11-08,0.029715555,0.028495433,0.026636863,0.026678314,0.024319184
2021-11-09,0.029920253,0.028600232,0.026755144,0.026771745,0.024412243
2021-11-10,0.03113763,0.029609087,0.027440509,0.027355241,0.024771317
2021-11-12,0.031439532,0.029916827,0.027748007,0.027577077,0.024980099
2021-11-15,0.032055929,0.030440778,0.02807737,0.027902415,0.025285447
2021-11-16,0.032056447,0.030344347,0.027770447,0.027504884,0.024773336
2021-11-17,0.031751157,0.030036544,0.027465919,0.027408529,0.024681923
2021-11-18,0.031441212,0.030025122,0.02776595,0.027595354,0.024788088
2021-11-19,0.030520696,0.029183705,0.026909439,0.027140799,0.024664452
2021-11-22,0.030100992,0.028761945,0.026468851,0.026690177,0.024177395
2021-11-23,0.030316166,0.028881985,0.026589722,0.026700141,0.024048035
2021-11-24,0.030611087,0.029176056,0.026471169,0.026447288,0.023710641
2021-11-26,0.029501462,0.028167773,0.025886227,0.025990337,0.023388814
2021-11-29,0.029398703,0.027964909,0.025792137,0.025990718,0.023375081
2021-11-30,0.028270285,0.027319542,0.025341409,0.025857347,0.023166569
2021-12-01,0.027239863,0.026280241,0.024706594,0.025425413,0.022935277
2021-12-02,0.027533504,0.026565634,0.024984059,0.026169265,0.023350352
2021-12-03,0.027423703,0.026259808,0.024585175,0.025599005,0.023033858
2021-12-06,0.028136282,0.026680489,0.024689995,0.025284644,0.022675627
2021-12-07,0.02863388,0.027075076,0.024987585,0.025392166,0.022883421
2021-12-08,0.02904552,0.027487919,0.025517782,0.025853468,0.023248682
2021-12-09,0.028225239,0.026864003,0.024988342,0.025475008,0.02309412
2021-12-10,0.027827039,0.026659655,0.024679901,0.025193051,0.022718172
2021-12-13,0.027519232,0.026250968,0.024269264,0.024961605,0.022376401
2021-12-14,0.026807891,0.025830172,0.023950205,0.024639913,0.022151997
2021-12-15,0.026909464,0.026028851,0.024148965,0.024952325,0.02235575
2021-12-16,0.027217865,0.026154693,0.024488006,0.025126994,0.022418226
2021-12-17,0.026702321,0.025733997,0.024066352,0.024882331,0.022183585
2021-12-20,0.026704184,0.025743569,0.024184316,0.025103634,0.022391907
2021-12-21,0.027106689,0.02624313,0.024673776,0.025502081,0.023029258
2021-12-22,0.02721107,0.02644115,0.024968119,0.02559665,0.023235388
2021-12-23,0.027411083,0.026550944,0.024980532,0.025711613,0.023233603
2021-12-27,0.027701986,0.026844296,0.025271136,0.02589617,0.023316393
2021-12-28,0.028011431,0.026844282,0.025279206,0.026009625,0.023321238
2021-12-29,0.02852668,0.0273775,0.025603278,0.026226072,0.023717224
2021-12-30,0.028831177,0.027775587,0.026108818,0.026637538,0.023944609
2021-12-31,0.028932714,0.02778499,0.025916792,0.02620242,0.023718784
2022-01-03,0.029749825,0.028304136,0.026322055,0.026510151,0.023994737
2022-01-04,0.02955383,0.028019338,0.026032179,0.026250425,0.023715295
2022-01-05,0.028933021,0.027486629,0.02559978,0.025594963,0.023158071
2022-01-06,0.027910764,0.026754669,0.024854586,0.024943402,0.022615001
2022-01-07,0.028019099,0.026856805,0.02505476,0.025232646,0.022888305
2022-01-10,0.02790582,0.026842271,0.025042517,0.025203301,0.022767633
2022-01-11,0.02892042,0.027653202,0.025656834,0.025712021,0.02317181
2022-01-12,0.028405581,0.027040852,0.025050015,0.025211146,0.022658712
2022-01-13,0.027897734,0.026535226,0.024536866,0.024811577,0.022361904
2022-01-14,0.028090815,0.026628226,0.024624787,0.024892454,0.022305978
2022-01-18,0.028187673,0.026817,0.024802082,0.02495044,0.022464836
2022-01-19,0.027477225,0.026101002,0.024189164,0.024439729,0.021960085
2022-01-20,0.027565888,0.02549714,0.023482887,0.023931446,0.021978467
2022-01-21,0.027168557,0.025596099,0.023589865,0.024245028,0.021988152
2022-01-24,0.02757775,0.026010826,0.024009786,0.024593609,0.022336134
2022-01-25,0.027982258,0.026414021,0.024307137,0.024680882,0.022197883
2022-01-26,0.027660465,0.026082641,0.023966891,0.024325885,0.021946555
2022-01-27,0.02774194,0.026155091,0.024148092,0.024578534,0.022000254
2022-01-28,0.028148859,0.026572821,0.024573368,0.02470778,0.022145972
2022-01-31,0.028344009,0.026674293,0.024573284,0.024943397,0.022381824
2022-02-01,0.028143994,0.026473132,0.024476143,0.024728989,0.022039756
2022-02-02,0.028044298,0.026473507,0.024274227,0.024551402,0.021874416
2022-02-03,0.027739143,0.026058131,0.023953746,0.024126793,0.021540542
2022-02-04,0.027925754,0.026337316,0.024224243,0.024293487,0.021694312
2022-02-07,0.027620164,0.026132994,0.024129079,0.024295887,0.021699721
2022-02-08,0.027816923,0.026328216,0.024315399,0.024481133,0.021989671
2022-02-09,0.027913899,0.026415313,0.024303257,0.024597812,0.021999128
2022-02-10,0.028160315,0.026655041,0.024541581,0.024620473,0.021805055
2022-02-11,0.028274507,0.02667583,0.024369137,0.024389397,0.02147728
2022-02-14,0.029166033,0.027369027,0.024864576,0.024574451,0.02154676
2022-02-15,0.028974667,0.027181149,0.024875425,0.024694096,0.021864315
2022-02-16,0.028785666,0.02689289,0.024690557,0.024488176,0.021665858
2022-02-17,0.028785571,0.026797738,0.024397531,0.024223251,0.021197033
2022-02-18,0.028684117,0.02659297,0.024191879,0.02419347,0.021166703
2022-02-22,0.028965351,0.026975208,0.024576134,0.024464531,0.021226561
2022-02-23,0.030177674,0.027993183,0.025391346,0.024973694,0.021618046
2022-02-24,0.030588441,0.02831655,0.025622122,0.025309031,0.021721183
2022-02-25,0.030283659,0.028101268,0.025502889,0.025403688,0.021925331
2022-02-28,0.031200277,0.028941886,0.026362593,0.026265632,0.022841173
2022-03-01,0.031520479,0.028984481,0.026428499,0.026453474,0.022817213
2022-03-02,0.032397313,0.02994515,0.027282193,0.027529553,0.023884046
2022-03-03,0.031778292,0.029421964,0.02706768,0.027223072,0.023567963
2022-03-04,0.031970171,0.029422063,0.02688299,0.027174641,0.023451976
2022-03-07,0.032976903,0.03062644,0.027875953,0.028459217,0.024303821
2022-03-08,0.034378594,0.031924723,0.029178391,0.02953869,0.025507
2022-03-09,0.0333653,0.031003207,0.028545476,0.02868742,0.024948909
2022-03-10,0.034272362,0.031714187,0.028742444,0.028955863,0.025308031
2022-03-11,0.035279949,0.032620482,0.029546089,0.029605514,0.025858653
2022-03-14,0.035064554,0.032399408,0.029396957,0.029544167,0.025975562
2022-03-15,0.034260913,0.031488346,0.028487211,0.028545821,0.025166017
2022-03-16,0.033431737,0.030838677,0.028025651,0.028019323,0.024642237
2022-03-17,0.035149734,0.032273849,0.029172094,0.029183826,0.025692501
2022-03-18,0.034825221,0.03175137,0.028651701,0.028540937,0.024956589
2022-03-21,0.035203608,0.032216498,0.028998073,0.02874635,0.025122481
2022-03-22,0.035203062,0.032200726,0.029078849,0.028627085,0.025320404
2022-03-23,0.035718151,0.032624563,0.029398369,0.029007551,0.025500554
2022-03-24,0.035718658,0.032413646,0.029184443,0.028364919,0.024987089
2022-03-25,0.035899242,0.032775337,0.029413388,0.028455949,0.024933786
2022-03-28,0.035571769,0.032751355,0.029395256,0.028635437,0.02501631
2022-03-29,0.033948474,0.031525181,0.02847857,0.027943818,0.024324441
2022-03-30,0.034050349,0.031427004,0.02849582,0.028064882,0.024360018
2022-03-31,0.033352686,0.031022685,0.028292812,0.02785383,0.024270627
2022-04-01,0.032714883,0.030563363,0.027814713,0.027328798,0.02386745
2022-04-04,0.032719377,0.030471612,0.027823723,0.027442343,0.024062099
2022-04-05,0.033024797,0.03086812,0.028196318,0.027683523,0.024164794
2022-04-06,0.032734257,0.03059108,0.028127232,0.027675157,0.024107296
2022-04-07,0.032547884,0.030615294,0.028046915,0.027594854,0.024092699
2022-04-08,0.033241665,0.031107911,0.028537729,0.028097515,0.024570989
2022-04-11,0.033661418,0.031527431,0.028964019,0.028514963,0.024950304
2022-04-12,0.033075082,0.03086534,0.02853027,0.028315874,0.024737507
2022-04-13,0.032474387,0.03014999,0.027917296,0.027827689,0.024475352
2022-04-14,0.033273798,0.031047204,0.028805634,0.028583762,0.025082251
2022-04-18,0.033577562,0.031252505,0.029120611,0.02890139,0.025491548
2022-04-19,0.033549434,0.031313014,0.029166634,0.029044963,0.025501148
2022-04-20,0.033539087,0.031195338,0.029052658,0.028902596,0.025427266
2022-04-21,0.033630932,0.032076144,0.03001264,0.029770785,0.026098166
2022-04-22,0.033614048,0.031770528,0.029617719,0.029380943,0.025663679
2022-04-25,0.032615307,0.030975359,0.028938131,0.028828277,0.025034121
2022-04-26,0.032434545,0.030489651,0.028356981,0.028267398,0.024583568
2022-04-27,0.032729588,0.030799583,0.028668447,0.028468116,0.024763162
2022-04-28,0.033828228,0.031791485,0.029556422,0.029228157,0.025527057
2022-04-29,0.032911106,0.030966376,0.028610215,0.028513493,0.024783546
2022-05-02,0.032014735,0.030262986,0.0278925,0.028122294,0.024188674
2022-05-03,0.031998336,0.030348009,0.028076433,0.028190627,0.02464483
2022-05-04,0.03232671,0.03068421,0.028429108,0.028736042,0.024817941
2022-05-05,0.032230211,0.030591524,0.028541972,0.028966796,0.025073712
2022-05-06,0.032136599,0.030497013,0.028446865,0.02898507,0.025040992
2022-05-09,0.030545659,0.029123865,0.02738777,0.028264206,0.024429587
2022-05-10,0.029125828,0.028000792,0.026367181,0.02735086,0.023650795
2022-05-11,0.029911552,0.028685024,0.026836517,0.028255232,0.024580405
2022-05-12,0.028821624,0.027587128,0.025752813,0.027497038,0.023438439
2022-05-13,0.030228779,0.028691401,0.02675054,0.02850667,0.024409648
2022-05-16,0.030324877,0.02869071,0.026663735,0.028367095,0.024161524
2022-05-17,0.030705249,0.028957991,0.026921054,0.028317404,0.024360838
2022-05-18,0.030396996,0.028850675,0.027026875,0.028303178,0.024568589
2022-05-19,0.02960483,0.027758421,0.025720715,0.027351302,0.02342202
2022-05-20,0.028703873,0.027362482,0.025317477,0.026748838,0.022752306
2022-05-23,0.029102525,0.027757376,0.025809728,0.027363569,0.023217461
2022-05-24,0.028628386,0.027388336,0.025337864,0.026876763,0.02287704
2022-05-25,0.028725314,0.027395731,0.02547021,0.026679754,0.022591589
2022-05-26,0.0295317,0.027998418,0.026088245,0.027408105,0.023045606
2022-05-27,0.029430576,0.028195798,0.02617066,0.027490156,0.023040208
2022-05-31,0.029532037,0.02829485,0.026259865,0.027777803,0.023121515
2022-06-01,0.029514144,0.028264548,0.026312201,0.027654821,0.023237615
2022-06-02,0.02961071,0.028259625,0.026421417,0.027990812,0.023811878
2022-06-03,0.030314426,0.029060697,0.027224996,0.028859853,0.024678408
2022-06-06,0.030407103,0.029152464,0.02741298,0.029055868,0.02472585
2022-06-07,0.030193874,0.028945576,0.02710082,0.028750813,0.024559345
2022-06-08,0.03049271,0.029143952,0.027303985,0.028848248,0.024521074
2022-06-09,0.030681421,0.029120116,0.027277633,0.028819797,0.024614602
2022-06-10,0.031138109,0.029558446,0.027274364,0.028436214,0.024104936
2022-06-13,0.03087543,0.029173742,0.026977983,0.028005784,0.023792078
2022-06-14,0.02857409,0.027473365,0.025571545,0.027106865,0.022950798
2022-06-15,0.029810621,0.028427724,0.02667464,0.028269717,0.024032398
2022-06-16,0.028524382,0.027633994,0.025866278,0.02781086,0.023709177
2022-06-17,0.027811545,0.027124178,0.025456124,0.027379419,0.023287633
2022-06-21,0.028206979,0.027434758,0.02576273,0.02783085,0.023697714
2022-06-22,0.027225453,0.026661868,0.025097415,0.027471478,0.023394079
2022-06-23,0.026726553,0.026170318,0.024719577,0.027122554,0.022927379
2022-06-24,0.028023402,0.026962963,0.025315101,0.02772449,0.023371337
2022-06-27,0.0277221,0.026857974,0.02519937,0.027497297,0.023235583
2022-06-28,0.027117921,0.026154361,0.024492633,0.02689332,0.022739835
2022-06-29,0.025715247,0.024961497,0.023303469,0.025636002,0.021511074
2022-06-30,0.025632929,0.024781197,0.023034555,0.02560599,0.021267648
2022-07-01,0.025837128,0.024800557,0.023175253,0.026013058,0.021313463
2022-07-05,0.024933206,0.024406485,0.022779275,0.026028421,0.021089175
2022-07-06,0.0246121,0.024073485,0.02264662,0.0261032,0.02084792
2022-07-07,0.025107211,0.024467479,0.02303049,0.02585179,0.021099711
2022-07-08,0.025995708,0.025152524,0.023400238,0.026230894,0.021312473
2022-07-11,0.025390879,0.024542272,0.022904756,0.025634788,0.02078308
2022-07-12,0.024794863,0.024134588,0.022929375,0.025399756,0.02084453
2022-07-13,0.024866279,0.02419702,0.02277819,0.025787977,0.020871627
2022-07-14,0.025166792,0.024608219,0.023074558,0.02575707,0.021105971
2022-07-15,0.025667476,0.024905826,0.02326457,0.025975852,0.021350128
2022-07-18,0.026061489,0.025207557,0.02336733,0.02609392,0.021298557
2022-07-19,0.026448424,0.025387973,0.023539304,0.026045961,0.021365476
2022-07-20,0.026450192,0.02538599,0.023424182,0.025798742,0.020997465
2022-07-21,0.025270075,0.024625092,0.022992419,0.025377931,0.020383934
2022-07-22,0.025380513,0.024640017,0.023115258,0.025762199,0.020837106
2022-07-25,0.025577308,0.024934369,0.023311784,0.025964796,0.020882456
2022-07-26,0.02537043,0.024722785,0.023316129,0.025947659,0.020768642
2022-07-27,0.025878373,0.025345854,0.023950551,0.026496377,0.021332726
2022-07-28,0.026483307,0.025755069,0.024602169,0.027230985,0.021854842
2022-07-29,0.027073831,0.026347903,0.025081263,0.027501723,0.022074713
2022-08-01,0.026959724,0.026133633,0.024867431,0.027067433,0.021694309
2022-08-02,0.026644925,0.025899229,0.024507538,0.026550797,0.021113738
2022-08-03,0.026932534,0.025982492,0.0246886,0.026608374,0.021470562
2022-08-04,0.02614088,0.025405103,0.024332168,0.026315443,0.021517201
2022-08-05,0.026111802,0.0253531,0.024264181,0.026513956,0.021533285
2022-08-08,0.026208672,0.025451739,0.024470686,0.02670714,0.021639996
2022-08-09,0.026296309,0.025333785,0.02434735,0.026566449,0.0212598
2022-08-10,0.025809493,0.024957651,0.023972076,0.026662395,0.021179242
2022-08-11,0.026418879,0.025670638,0.024380895,0.027005403,0.021430941
2022-08-12,0.026408459,0.025557033,0.024367118,0.026788461,0.021260009
2022-08-15,0.025912954,0.02516127,0.024084078,0.026640467,0.021120054
2022-08-16,0.025806531,0.025154014,0.024067486,0.026507657,0.021245047
2022-08-17,0.026209724,0.025543281,0.024239048,0.02665731,0.0212341
2022-08-18,0.026719711,0.026051302,0.024854054,0.027156065,0.021782517
2022-08-19,0.026924605,0.026253085,0.025156398,0.027637897,0.022439121
2022-08-22,0.027112124,0.026536555,0.025334008,0.027783932,0.022438176
2022-08-23,0.027422353,0.026746461,0.025436504,0.027786779,0.022563549
2022-08-24,0.027609197,0.027254037,0.025836571,0.028092524,0.022834611
2022-08-25,0.027398074,0.026834531,0.025639886,0.027896316,0.022704783
2022-08-26,0.027001183,0.026324158,0.025316141,0.027510384,0.022465394
2022-08-29,0.026799312,0.026221842,0.025420537,0.02744721,0.022241684
2022-08-30,0.026393945,0.026020382,0.025103028,0.027441362,0.022342014
2022-08-31,0.025508166,0.025235407,0.024420089,0.026967555,0.021816859
2022-09-01,0.024912469,0.024845941,0.024123935,0.026774547,0.021638483
2022-09-02,0.025228537,0.025165153,0.024348244,0.027145021,0.022135618
2022-09-06,0.025319488,0.025147144,0.024438273,0.027473922,0.022508013
2022-09-07,0.024825497,0.024753957,0.024149875,0.027160191,0.022240579
2022-09-08,0.024323174,0.024250079,0.02375007,0.026784726,0.022197633
2022-09-09,0.024805925,0.024629276,0.023815337,0.026741863,0.022043709
2022-09-12,0.024904538,0.024638863,0.023824584,0.026677226,0.021948003
2022-09-13,0.0252681,0.024886949,0.023957557,0.026427808,0.021866481
2022-09-14,0.025853517,0.025153313,0.024134575,0.026455901,0.021786386
2022-09-15,0.025347331,0.024958012,0.023805368,0.026221392,0.021532455
2022-09-16,0.024554116,0.024279182,0.023352182,0.026118611,0.02124063
2022-09-19,0.024040039,0.023866451,0.022921493,0.025350786,0.021007089
2022-09-20,0.024442628,0.024372059,0.023528168,0.02572436,0.021500801
2022-09-21,0.024322787,0.024141368,0.023294557,0.025257299,0.021250802
2022-09-22,0.024129725,0.024356487,0.023594561,0.025399891,0.02117183
2022-09-23,0.023418012,0.023831568,0.023167911,0.025055561,0.020727097
2022-09-26,0.022934713,0.023442639,0.022647738,0.02446413,0.02026946
2022-09-27,0.023137651,0.023658328,0.022753645,0.024870536,0.020321551
2022-09-28,0.023343434,0.023358631,0.022836312,0.025187181,0.020337392
2022-09-29,0.02145217,0.021887965,0.021445891,0.023896571,0.018993774
2022-09-30,0.021055176,0.021593247,0.021034507,0.023743257,0.018760552
2022-10-03,0.022237135,0.022361679,0.021940339,0.024950494,0.019902095
2022-10-04,0.022433695,0.022346173,0.021942293,0.024651852,0.019664916
2022-10-05,0.022242633,0.022259347,0.021740087,0.02428118,0.0193411
2022-10-06,0.022531297,0.022343108,0.021709108,0.023895939,0.019092397
2022-10-07,0.023217807,0.023018916,0.022161004,0.024362513,0.019547847
2022-10-11,0.023220283,0.023345696,0.022586911,0.025014623,0.020146665
2022-10-12,0.022825361,0.022948089,0.02241036,0.025031646,0.020146615
2022-10-13,0.02338293,0.02350309,0.022854452,0.025732502,0.020689376
2022-10-14,0.023978923,0.024194457,0.023533855,0.026291352,0.02153405
2022-10-17,0.024378045,0.024598859,0.023949717,0.026740231,0.022231245
2022-10-18,0.023783731,0.023906069,0.023588365,0.026046877,0.021707108
2022-10-19,0.024166964,0.024288085,0.023642533,0.026118937,0.021968289
2022-10-20,0.026040053,0.025428366,0.024479063,0.026963646,0.023038765
2022-10-21,0.026457464,0.025658042,0.02464163,0.027609142,0.023586976
2022-10-24,0.026754929,0.02606758,0.025367884,0.028576358,0.024816192
2022-10-25,0.025765605,0.025060539,0.024579266,0.027781534,0.023841101
2022-10-26,0.025173321,0.024471904,0.023877374,0.026966102,0.023056383
2022-10-27,0.025279613,0.02448519,0.02402149,0.027187472,0.023156894
2022-10-28,0.025760214,0.025067176,0.024578305,0.027927239,0.023462018
2022-10-31,0.026240569,0.025346813,0.024646349,0.027904157,0.023800372
2022-11-01,0.026035982,0.025441021,0.02450917,0.027608184,0.023436418
2022-11-02,0.026315431,0.025515186,0.024706567,0.027864217,0.023499653
2022-11-03,0.024916213,0.024324039,0.02338799,0.026592242,0.022605278
2022-11-04,0.025619374,0.024937378,0.024230073,0.027487102,0.023480932
2022-11-07,0.026202501,0.025521422,0.024706656,0.028120032,0.024219628
2022-11-08,0.0256094,0.024935872,0.024443998,0.027747811,0.02405521
2022-11-09,0.024833766,0.024266951,0.023665617,0.027608004,0.023822561
2022-11-10,0.024266215,0.023919433,0.02343347,0.027428307,0.02323398
2022-11-14,0.02376488,0.023623666,0.02323893,0.027104425,0.022895017
2022-11-15,0.023565985,0.023535597,0.023036928,0.027095638,0.022789069
2022-11-16,0.023061407,0.023027734,0.022417459,0.025952863,0.022314525
2022-11-17,0.02276104,0.022826411,0.02231672,0.025769074,0.021941165
2022-11-18,0.022354374,0.022422326,0.022014953,0.025339605,0.021625472
2022-11-21,0.02295464,0.023318142,0.022596279,0.026010756,0.022024436
2022-11-22,0.023044224,0.023098043,0.022703935,0.025748036,0.021863066
2022-11-23,0.022842418,0.023007452,0.022714435,0.025472262,0.021757967
2022-11-25,0.022947061,0.023106007,0.022713312,0.02572765,0.021871953
2022-11-28,0.02244726,0.022610484,0.022102949,0.025232651,0.021366863
2022-11-29,0.022547616,0.02251183,0.022007068,0.024947851,0.02144555
2022-11-30,0.023642871,0.023409343,0.022923684,0.025915502,0.022189848
2022-12-01,0.024051454,0.023719484,0.023126244,0.026081584,0.02231019
2022-12-02,0.024634703,0.024509299,0.023806465,0.026564436,0.02283838
2022-12-05,0.024123617,0.023989329,0.023373199,0.026018046,0.022648012
2022-12-06,0.023341396,0.023299512,0.022580659,0.02552745,0.021774496
2022-12-07,0.022853158,0.022820694,0.022108259,0.024925301,0.021358006
2022-12-08,0.023151829,0.023211805,0.022269242,0.025266211,0.021527551
2022-12-09,0.022562504,0.022834186,0.022109901,0.025140877,0.02144519
2022-12-12,0.023045564,0.023019028,0.022293784,0.025178877,0.021366654
2022-12-13,0.022671828,0.022544357,0.021943246,0.024364032,0.021142347
2022-12-14,0.022078042,0.022059282,0.02144864,0.023994968,0.020503902
2022-12-15,0.021680213,0.021852768,0.02113109,0.023815134,0.020356287
2022-12-16,0.021006175,0.021392947,0.020878235,0.023560073,0.020197742
2022-12-19,0.021491704,0.021678204,0.021057796,0.023757321,0.020354923
2022-12-20,0.02219687,0.022589674,0.021962926,0.024552163,0.02122148
2022-12-21,0.022698276,0.022989141,0.022256394,0.024754119,0.021450309
2022-12-22,0.022000861,0.022185615,0.021448442,0.023966343,0.020917656
2022-12-23,0.022484096,0.02226138,0.02154144,0.024076336,0.02113219
2022-12-27,0.022890165,0.022958884,0.022125526,0.024814374,0.021692127
2022-12-28,0.022897175,0.023072339,0.022334133,0.024930231,0.022082127
2022-12-29,0.022783604,0.022858847,0.022240038,0.024907491,0.021795535
2022-12-30,0.022871793,0.023054205,0.022537295,0.02509502,0.02184923
2023-01-03,0.022470629,0.02265101,0.022124793,0.024900804,0.021542249
2023-01-04,0.021677655,0.022065029,0.021747967,0.024549762,0.021375139
2023-01-05,0.02175927,0.022041304,0.021722876,0.024461405,0.021164327
2023-01-06,0.021388034,0.021776835,0.021687967,0.024655153,0.021397974
2023-01-09,0.021394461,0.021779149,0.02180319,0.024768189,0.021512581
2023-01-10,0.021589734,0.021990264,0.02201092,0.024978368,0.021683762
2023-01-11,0.021689949,0.02198426,0.021899605,0.024869376,0.021608363
2023-01-12,0.021691836,0.021788316,0.02172267,0.024559744,0.021347904
2023-01-13,0.021579692,0.021576308,0.02140251,0.024141308,0.020647391
2023-01-17,0.021392082,0.021496434,0.021328787,0.023835987,0.020707571
2023-01-18,0.0205089,0.020717095,0.020865866,0.023322881,0.020705366
2023-01-19,0.021690338,0.021687014,0.021628605,0.024220286,0.021575659
2023-01-20,0.021885775,0.021881221,0.021931233,0.024417433,0.021653774
2023-01-23,0.022369187,0.022371289,0.022411755,0.024787154,0.022030617
2023-01-24,0.022484446,0.022460545,0.022288548,0.024666158,0.022059163
2023-01-25,0.022386645,0.022577423,0.022512978,0.024873433,0.022123296
2023-01-26,0.022770577,0.022966279,0.02290067,0.025113806,0.022363856
2023-01-27,0.022870093,0.02306757,0.022886952,0.02499388,0.022241809
2023-01-30,0.022565626,0.022655286,0.022469449,0.024576749,0.021818621
2023-01-31,0.022275958,0.022375076,0.02197824,0.024120592,0.02133922
2023-02-01,0.022479468,0.02227655,0.022115365,0.024255221,0.021411116
2023-02-02,0.022185031,0.021983272,0.021819069,0.023839938,0.020877654
2023-02-03,0.022258897,0.022251437,0.021750257,0.023760798,0.020743604
2023-02-06,0.022832736,0.02261784,0.021999127,0.023745857,0.020972261
2023-02-07,0.023524348,0.023316127,0.022579825,0.024349134,0.021440645
2023-02-08,0.024117603,0.023807711,0.022861568,0.024878452,0.021824499
2023-02-09,0.024015144,0.023591595,0.022754391,0.024683198,0.021750979
2023-02-10,0.024217033,0.023793689,0.022740218,0.024709615,0.022024319
2023-02-13,0.023910803,0.023479645,0.022537778,0.02436987,0.021833698
2023-02-14,0.023998136,0.023554563,0.022506545,0.024214572,0.021810981
2023-02-15,0.024588902,0.023943195,0.022893016,0.024497433,0.022117978
2023-02-16,0.024694038,0.024155107,0.023106513,0.025051849,0.022480385
2023-02-17,0.024498032,0.024058366,0.023004711,0.024845822,0.022409778
2023-02-21,0.025286561,0.02473479,0.023573325,0.02527829,0.022687734
2023-02-22,0.024696249,0.024558096,0.023488548,0.025159878,0.022444788
2023-02-23,0.024492166,0.024359652,0.023292899,0.024944918,0.022110605
2023-02-24,0.024177559,0.02414266,0.023173688,0.025019048,0.021880935
2023-02-27,0.024370699,0.024139931,0.022956241,0.025076752,0.02191011
2023-02-28,0.025246626,0.024709048,0.023644216,0.025427231,0.022316728
2023-03-01,0.02533879,0.024899911,0.02372004,0.025447315,0.02226825
2023-03-02,0.025941119,0.025505367,0.024106288,0.025828424,0.022481046
2023-03-03,0.026526484,0.02597499,0.024474709,0.026064144,0.022546508
2023-03-06,0.026421425,0.025772443,0.02416803,0.025890353,0.0222284
2023-03-07,0.024821021,0.024474935,0.023065536,0.025087717,0.021651366
2023-03-08,0.024122003,0.023875053,0.022459531,0.024489089,0.021048011
2023-03-09,0.023752494,0.02341672,0.022339357,0.024383785,0.02107576
2023-03-10,0.022905596,0.02297857,0.022014654,0.024509386,0.021257472
2023-03-13,0.022220352,0.022615117,0.021974537,0.024696565,0.021456434
2023-03-14,0.023078413,0.02326359,0.022634052,0.024918054,0.02183326
2023-03-15,0.022920684,0.022905556,0.022511749,0.024930234,0.021765931
2023-03-16,0.022197521,0.022369438,0.021742771,0.024691699,0.021304394
2023-03-17,0.020666315,0.0210531,0.020662542,0.023731965,0.020080584
2023-03-20,0.021048999,0.021539886,0.021026447,0.024186721,0.0203657
2023-03-21,0.022096542,0.022369386,0.0218607,0.024672795,0.021018633
2023-03-22,0.022716179,0.022803665,0.022424087,0.025160923,0.021555868
2023-03-23,0.022249752,0.022038787,0.021579583,0.024727038,0.021607014
2023-03-24,0.021756752,0.021849335,0.021896407,0.024773628,0.021067324
2023-03-27,0.022330445,0.022305855,0.022036094,0.024833425,0.021322332
2023-03-28,0.023007977,0.022987551,0.02271064,0.025272548,0.02179745
2023-03-29,0.023391705,0.023169743,0.022894069,0.025337999,0.021874019
2023-03-30,0.023584589,0.023362916,0.022978578,0.025292388,0.021597243
2023-03-31,0.023587254,0.023366282,0.02276925,0.024984374,0.021317958
2023-04-03,0.023500158,0.023076451,0.022497738,0.024826923,0.021152809
2023-04-04,0.022825556,0.022717317,0.022145689,0.024618347,0.021090622
2023-04-05,0.022534454,0.022325371,0.021950528,0.024320587,0.020951926
2023-04-06,0.022723379,0.022404285,0.022038847,0.024488233,0.021121174
2023-04-07,0.022900651,0.022581558,0.022098095,0.024553522,0.021289682
2023-04-10,0.022994291,0.02267242,0.022293331,0.02462654,0.021372612
2023-04-11,0.023185491,0.022765983,0.022497312,0.024791646,0.021529989
2023-04-12,0.022504812,0.022400933,0.022353149,0.02489095,0.021873666
2023-04-13,0.022510059,0.022607204,0.022546836,0.025216235,0.022173215
2023-04-14,0.022689695,0.022675772,0.02261642,0.025169146,0.022006014
2023-04-17,0.023068991,0.022958387,0.02279445,0.025136339,0.022075294
2023-04-18,0.022868385,0.022653118,0.022381364,0.024946621,0.021735757
2023-04-19,0.022860267,0.022748429,0.022364832,0.024706679,0.021777371
2023-04-20,0.022380438,0.022375366,0.02220355,0.024863966,0.021663406
2023-04-21,0.022574408,0.022573741,0.022399238,0.024955251,0.021626084
2023-04-24,0.022874311,0.022668822,0.022403313,0.024951164,0.021644933
2023-04-25,0.022227912,0.02222414,0.022172892,0.024836681,0.021409251
2023-04-26,0.022221547,0.022220928,0.02216866,0.024977108,0.021660115
2023-04-27,0.022495964,0.022483716,0.022320119,0.025105445,0.021766843
2023-04-28,0.021606408,0.021699538,0.021426568,0.024210793,0.02074363
2023-05-01,0.021992903,0.021992062,0.021934353,0.024751223,0.021500304
2023-05-02,0.02141523,0.021418641,0.021692773,0.024388752,0.02119723
2023-05-03,0.021522286,0.021533538,0.021709462,0.024669661,0.02136325
2023-05-04,0.020955685,0.021174483,0.021680811,0.024659741,0.021605017
2023-05-05,0.021521865,0.021425219,0.021827475,0.024775435,0.021689388
2023-05-08,0.021812023,0.02192486,0.022002858,0.024882133,0.021909218
2023-05-09,0.021811919,0.02183067,0.02200726,0.02498578,0.021735428
2023-05-10,0.02093316,0.021165584,0.021448522,0.024800638,0.021671649
2023-05-11,0.020636734,0.020956815,0.021340906,0.024532721,0.021428428
2023-05-12,0.020725256,0.021044747,0.021525546,0.024809128,0.021823299
2023-05-15,0.020823076,0.021252293,0.021633988,0.024956709,0.021957962
2023-05-16,0.020718693,0.021134862,0.021620555,0.025042926,0.022012262
2023-05-17,0.021203524,0.021619232,0.021881195,0.025089638,0.022227545
2023-05-18,0.021188105,0.021692877,0.021955666,0.025211684,0.022039627
2023-05-19,0.021484905,0.021991413,0.022027006,0.025405011,0.022066775
2023-05-22,0.021382604,0.02178776,0.022048135,0.02540523,0.022060392
2023-05-23,0.021685636,0.021974076,0.022235325,0.025608698,0.022272274
2023-05-24,0.020988809,0.021896407,0.022153769,0.025609414,0.022116746
2023-05-25,0.020762676,0.021560103,0.022137819,0.025607816,0.022329
2023-05-26,0.020854192,0.021544132,0.021894721,0.025574702,0.022148592
2023-05-30,0.020755889,0.021459581,0.021805169,0.025543737,0.021781238
2023-05-31,0.020270025,0.02097508,0.021432244,0.025043283,0.021177113
2023-06-01,0.020280835,0.020989391,0.021233113,0.024778971,0.021313861
2023-06-02,0.020850287,0.021453208,0.021359066,0.024687574,0.021210494
2023-06-05,0.021054327,0.021558403,0.021469682,0.024699148,0.02136266
2023-06-06,0.020946298,0.021443989,0.021568062,0.024740696,0.021293516
2023-06-07,0.021046115,0.021757377,0.021656664,0.025057725,0.02138754
2023-06-08,0.020945485,0.021447529,0.02157709,0.024839109,0.021356095
2023-06-09,0.020837657,0.021439487,0.021553717,0.024803274,0.021335974
2023-06-12,0.020452016,0.021266822,0.021267748,0.024627257,0.021125089
2023-06-13,0.020737711,0.021545995,0.02154211,0.024755877,0.021227097
2023-06-14,0.021018017,0.021609873,0.021600937,0.024674177,0.021052696
2023-06-15,0.021126083,0.021623383,0.021631237,0.024764336,0.02106223
2023-06-16,0.021213909,0.021704164,0.021708195,0.02479436,0.0210649
2023-06-20,0.020918543,0.021616758,0.021719557,0.02479735,0.021230137
2023-06-21,0.021015749,0.021609199,0.02160475,0.024693921,0.021255183
2023-06-22,0.021300502,0.021898558,0.021891229,0.024868977,0.02129014
2023-06-23,0.021113274,0.021808545,0.021578576,0.024785274,0.021077229
2023-06-26,0.02082786,0.021408382,0.021297726,0.024643312,0.020930971
2023-06-27,0.020716457,0.021500637,0.021492065,0.024566433,0.020857267
2023-06-28,0.020713235,0.021192757,0.021302064,0.024613631,0.020779471
2023-06-29,0.020993207,0.021468771,0.021457939,0.024661815,0.021036123
2023-06-30,0.021286496,0.021754929,0.021629771,0.024796129,0.020942083
2023-07-03,0.021571917,0.022143845,0.021903534,0.024938738,0.021101242
2023-07-05,0.02148379,0.022163041,0.022024995,0.024931828,0.021029144
2023-07-06,0.021683358,0.022353213,0.02209828,0.024866715,0.021080951
2023-07-07,0.021696893,0.022475834,0.022109479,0.025034147,0.021195732
2023-07-10,0.021408629,0.022093284,0.021967209,0.024818286,0.021269997
2023-07-11,0.021107554,0.021903155,0.021869734,0.024716909,0.020934643
2023-07-12,0.021318203,0.022114039,0.022107545,0.02532733,0.021687928
2023-07-13,0.021134901,0.021838643,0.021950237,0.025194639,0.021461609
2023-07-14,0.021014542,0.021817786,0.021915999,0.025020096,0.021396303
2023-07-17,0.021107717,0.021809885,0.022021755,0.025159326,0.021572966
2023-07-18,0.020811827,0.021615105,0.021829128,0.024935272,0.021343316
2023-07-19,0.020808571,0.021710463,0.021701615,0.024692328,0.021147096
2023-07-20,0.021595809,0.022800535,0.022984167,0.025598336,0.021541013
2023-07-21,0.021785786,0.022783268,0.022972467,0.025708348,0.021527279
2023-07-24,0.022283631,0.023160463,0.023244615,0.025872172,0.021704621
2023-07-25,0.022083636,0.023275713,0.023352649,0.025741611,0.02156939
2023-07-26,0.021886233,0.022982059,0.023069085,0.025723572,0.021545819
2023-07-27,0.022178111,0.022967645,0.0231671,0.025773877,0.021496951
2023-07-28,0.022279121,0.023177763,0.023268743,0.025907816,0.021660946
2023-07-31,0.022178403,0.023083931,0.023180093,0.025458722,0.021079839
2023-08-01,0.022079192,0.022987858,0.023193827,0.025592985,0.021549201
2023-08-02,0.021993405,0.022908311,0.023116486,0.025774279,0.021815743
2023-08-03,0.021901707,0.022930801,0.023260141,0.025949428,0.021908701
2023-08-04,0.022104447,0.022920921,0.023371532,0.025986994,0.022177084
2023-08-07,0.022407048,0.023231752,0.023686424,0.026544962,0.022562843
2023-08-08,0.021912563,0.022743052,0.023194481,0.026046572,0.021963676
2023-08-09,0.021806042,0.022731458,0.022952705,0.025841443,0.021890018
2023-08-10,0.022008082,0.022833085,0.022833668,0.0257016,0.021417086
2023-08-11,0.022496168,0.023211552,0.023091864,0.025815451,0.021652239
2023-08-14,0.022383337,0.023093804,0.023082693,0.025684609,0.021680432
2023-08-15,0.021904641,0.022816491,0.022697015,0.025546653,0.021620147
2023-08-16,0.021801973,0.022722706,0.02271026,0.025649764,0.02181988
2023-08-17,0.021908578,0.02272501,0.022827716,0.025656535,0.021810469
2023-08-18,0.021711526,0.022634779,0.022735121,0.025574806,0.021606551
2023-08-21,0.022005015,0.022926214,0.02292132,0.025979379,0.02178502
2023-08-22,0.022193108,0.023109111,0.022984577,0.026018505,0.021996485
2023-08-23,0.022092627,0.023009325,0.022986878,0.025888013,0.021962434
2023-08-24,0.021894281,0.022910795,0.022678233,0.025700128,0.021746407
2023-08-25,0.021985682,0.022897521,0.022763244,0.02564294,0.021561288
2023-08-28,0.021599068,0.022605495,0.022476964,0.025526894,0.021565986
2023-08-29,0.021314186,0.022329439,0.022433337,0.025572361,0.02137582
2023-08-30,0.021112936,0.022131833,0.022121694,0.025279942,0.021198601
2023-08-31,0.021022491,0.022036725,0.021924146,0.025086617,0.021014278
2023-09-01,0.021224722,0.022248715,0.022135256,0.025191467,0.021068156
2023-09-05,0.021611469,0.02253287,0.022427295,0.025381642,0.021373563
2023-09-06,0.021796595,0.022501816,0.022501919,0.025285872,0.021426483
2023-09-07,0.021905876,0.02272002,0.02272377,0.02552232,0.021527276
2023-09-08,0.022093284,0.022908115,0.022798623,0.025582083,0.021747104
2023-09-11,0.022098101,0.023032694,0.023023399,0.025805577,0.021815342
2023-09-12,0.022192906,0.02290959,0.022901917,0.025691429,0.021844066
2023-09-13,0.022293398,0.02300894,0.023001138,0.02580462,0.021988584
2023-09-14,0.022191051,0.023014326,0.022898052,0.025733367,0.021874408
2023-09-15,0.022189331,0.02301053,0.023007854,0.025709856,0.022006341
2023-09-18,0.022378744,0.023198361,0.023083223,0.025675803,0.022122364
2023-09-19,0.02247845,0.023400506,0.023166987,0.025638121,0.021957693
2023-09-20,0.022172916,0.023089881,0.022958549,0.025415805,0.021886989
2023-09-21,0.022383508,0.023309475,0.023298284,0.025983149,0.022061595
2023-09-22,0.022383704,0.023314359,0.023186431,0.026028039,0.022260359
2023-09-25,0.022002878,0.023044075,0.023253476,0.026218185,0.022475155
2023-09-26,0.021524654,0.022759884,0.022862916,0.026101923,0.022334579
2023-09-27,0.021817032,0.023161861,0.022923854,0.026287508,0.022307796
2023-09-28,0.022214216,0.023247089,0.023478962,0.026759385,0.022655438
2023-09-29,0.021721731,0.022761464,0.023115282,0.026635504,0.022483973
2023-10-02,0.021815169,0.022864742,0.023085063,0.026500122,0.022447412
2023-10-03,0.02162594,0.022891033,0.023218247,0.026784408,0.022923014
2023-10-04,0.0213407,0.022499695,0.022943568,0.026593509,0.022901945
2023-10-05,0.020948549,0.022326152,0.022771579,0.026469868,0.022634074
2023-10-06,0.021240248,0.02240797,0.022750489,0.026695909,0.022645802
2023-10-10,0.021348622,0.022409705,0.022872142,0.026808381,0.022811119
2023-10-11,0.021532974,0.02259176,0.02281634,0.026482724,0.022434091
2023-10-12,0.021828764,0.022891417,0.023006234,0.026607192,0.022474549
2023-10-13,0.022118366,0.022960888,0.02297942,0.026562561,0.022492498
2023-10-16,0.022510681,0.023250449,0.023378205,0.026975645,0.02272519
2023-10-17,0.022703719,0.023748484,0.023636249,0.027199247,0.023039479
2023-10-18,0.023008751,0.023954195,0.023951948,0.027242307,0.023344979
2023-10-19,0.024703091,0.024919039,0.024402027,0.027808651,0.023984935
2023-10-20,0.024216934,0.024546499,0.024261225,0.027679353,0.023876437
2023-10-23,0.023622508,0.024053514,0.0236513,0.027181679,0.023411043
2023-10-24,0.02333313,0.023741426,0.023547465,0.027027414,0.023408989
2023-10-25,0.023532583,0.024377723,0.023838942,0.027392942,0.023843218
2023-10-26,0.023232949,0.023870359,0.023800172,0.027400365,0.023631397
2023-10-27,0.023433097,0.023971888,0.023799943,0.027365938,0.023896731
2023-10-30,0.023530084,0.024179842,0.023992813,0.027398014,0.02378333
2023-10-31,0.023522214,0.024063852,0.023764687,0.027422151,0.023926713
2023-11-01,0.023136974,0.023789865,0.023732964,0.027491821,0.02387657
2023-11-02,0.023021634,0.023551112,0.02358845,0.027158694,0.023672437
2023-11-03,0.022743517,0.023284493,0.02355946,0.027157616,0.023693063
2023-11-06,0.023030338,0.023680101,0.023832845,0.027299,0.02395649
2023-11-07,0.022729742,0.023387426,0.023528237,0.027101945,0.023796382
2023-11-08,0.02242668,0.023173777,0.0229596,0.026772441,0.023321608
2023-11-09,0.022522124,0.023266042,0.022827399,0.027028662,0.023154147
2023-11-10,0.022322652,0.023164529,0.022719338,0.026650932,0.022831794
2023-11-13,0.022426065,0.023057055,0.022623692,0.026441921,0.022615597
2023-11-14,0.021852418,0.022384504,0.022425229,0.026218725,0.022341806
2023-11-15,0.021942839,0.022682497,0.022703073,0.026378968,0.022616045
2023-11-16,0.021553308,0.022295328,0.022325127,0.026258531,0.022352921
2023-11-17,0.021837308,0.0223631,0.022396947,0.026167334,0.022001354
2023-11-20,0.022127388,0.022664156,0.022573797,0.025919017,0.02242897
2023-11-21,0.021443051,0.022081806,0.0221073,0.025677306,0.021997948
2023-11-22,0.021635772,0.022274949,0.022183011,0.025721613,0.022203907
2023-11-24,0.021635257,0.022270877,0.022180637,0.025837907,0.022127179
2023-11-27,0.020758457,0.02180844,0.021715099,0.025491356,0.021788407
2023-11-28,0.021069602,0.021915453,0.021840244,0.025545148,0.021856645
2023-11-29,0.02097923,0.021722877,0.021760834,0.025307688,0.021675576
2023-11-30,0.021070724,0.021927489,0.021958791,0.025634395,0.021942962
2023-12-01,0.020792408,0.021752258,0.021896662,0.025319466,0.021576029
2023-12-04,0.020882953,0.02173564,0.021759269,0.024946678,0.021344436
2023-12-05,0.02049166,0.021337524,0.021364572,0.024493837,0.020974412
2023-12-06,0.020086405,0.021137588,0.021041428,0.0241604,0.020813739
2023-12-07,0.020188039,0.02124635,0.021373529,0.024367541,0.021165455
2023-12-08,0.020668365,0.021720861,0.021721118,0.024595669,0.021369602
2023-12-11,0.020666649,0.021516045,0.021524536,0.024627889,0.020971846
2023-12-12,0.02036237,0.021213447,0.021223197,0.024346358,0.020844954
2023-12-13,0.020394066,0.021041527,0.021296208,0.024311205,0.020740887
2023-12-14,0.02138606,0.021820624,0.021864038,0.024377501,0.020914616
2023-12-15,0.021273969,0.021916539,0.021839616,0.024233892,0.020527667
2023-12-18,0.021377512,0.021810169,0.02174313,0.02415267,0.020563619
2023-12-19,0.021283256,0.021705586,0.021530838,0.024167621,0.020276556
2023-12-20,0.021189258,0.021515024,0.021557185,0.024083029,0.020240186
2023-12-21,0.021391805,0.021828607,0.021545695,0.024024404,0.020586392
2023-12-22,0.021200354,0.021744642,0.021561413,0.024045448,0.020465238
2023-12-26,0.021309886,0.021519918,0.02145421,0.023929226,0.020362014
2023-12-27,0.020817214,0.021339803,0.021165913,0.023656294,0.020265126
2023-12-28,0.020707736,0.021128466,0.021286681,0.023719976,0.020309706
2023-12-29,0.020819218,0.021243719,0.021293916,0.023855687,0.020128652
2024-01-02,0.021297634,0.021625999,0.021779546,0.024092099,0.02049976
2024-01-03,0.021294019,0.02172765,0.021661119,0.024010044,0.020446529
2024-01-04,0.021390778,0.021717196,0.021873405,0.024204568,0.020457498
2024-01-05,0.021490567,0.021716508,0.021878297,0.024352033,0.020700052
2024-01-08,0.021492694,0.021621163,0.021895434,0.024348753,0.02071968
2024-01-09,0.021296765,0.021641066,0.021905215,0.02425148,0.020769578
2024-01-10,0.021393873,0.021634825,0.021907444,0.024250088,0.020758724
2024-01-11,0.021411117,0.021857493,0.021916472,0.024437594,0.020944688
2024-01-12,0.021827547,0.022384831,0.022450344,0.024903374,0.021565976
2024-01-16,0.022019701,0.022469908,0.022758172,0.025183019,0.021659062
2024-01-17,0.02200087,0.02255192,0.02271001,0.024925284,0.021863354
2024-01-18,0.022399969,0.022953631,0.023119422,0.025471296,0.022244232
2024-01-19,0.022588725,0.022928265,0.023092465,0.025423872,0.022349834
2024-01-22,0.022289909,0.02263309,0.022806516,0.025235741,0.021882465
2024-01-23,0.022211144,0.022536782,0.022597861,0.025096613,0.022007719
2024-01-24,0.021911582,0.022555171,0.022727147,0.025197611,0.022067846
2024-01-25,0.022012816,0.022349161,0.022653564,0.025105049,0.021854896
2024-01-26,0.022201317,0.022544433,0.022724275,0.025071734,0.021833783
2024-01-29,0.022201596,0.022436706,0.022736292,0.024950581,0.021881323
2024-01-30,0.022089638,0.022217969,0.022286351,0.024742682,0.021394691
2024-01-31,0.02200001,0.022132801,0.022313484,0.02464801,0.02132532
2024-02-01,0.021308636,0.021441084,0.021621345,0.024060302,0.021056863
2024-02-02,0.021495879,0.021725325,0.021774946,0.024091502,0.021067926
2024-02-05,0.022181987,0.022407893,0.022350997,0.024565044,0.021633079
2024-02-06,0.021988629,0.022234113,0.022068966,0.024196801,0.021425643
2024-02-07,0.022185494,0.02221912,0.021937017,0.024227346,0.021434205
2024-02-08,0.02237865,0.02241279,0.022023892,0.024424961,0.021453246
2024-02-09,0.022376509,0.022407055,0.022126557,0.024394277,0.021434334
2024-02-12,0.022280754,0.022305197,0.022035591,0.024296658,0.021204632
2024-02-13,0.022854604,0.022974741,0.022469638,0.024595245,0.021447792
2024-02-14,0.022962885,0.022873142,0.022602684,0.024736089,0.021613436
2024-02-15,0.023059334,0.023079627,0.022586115,0.024740227,0.021494459
2024-02-16,0.023344442,0.023365126,0.022871305,0.024873218,0.021614474
2024-02-20,0.023254037,0.02327658,0.022780874,0.02481059,0.021570045
2024-02-21,0.023445393,0.023471929,0.022971446,0.024791854,0.022122546
2024-02-22,0.023238898,0.023255899,0.02264712,0.024553542,0.021741212
2024-02-23,0.022938221,0.022848889,0.022568101,0.024498144,0.021406998
2024-02-26,0.023136906,0.023256929,0.022637548,0.024626526,0.021536321
2024-02-27,0.023334147,0.023347407,0.022737555,0.024737718,0.021626143
2024-02-28,0.023339793,0.023250845,0.022872615,0.024722294,0.021639651
2024-02-29,0.023538846,0.02355273,0.022837197,0.024837136,0.021751017
2024-03-01,0.023551851,0.023367311,0.022773666,0.024755005,0.021683985
2024-03-04,0.023733458,0.023548105,0.022958068,0.02494962,0.022029485
2024-03-05,0.023444017,0.02335889,0.022763074,0.024751481,0.021865204
2024-03-06,0.023338018,0.023043521,0.022567476,0.02441671,0.021555493
2024-03-07,0.022950787,0.022762591,0.022396883,0.024166699,0.021466446
2024-03-08,0.022954211,0.022770255,0.02240897,0.024297076,0.021580729
2024-03-11,0.022751362,0.022569281,0.022311728,0.024179967,0.021470581
2024-03-12,0.023041009,0.022857295,0.022593264,0.024344415,0.021603773
2024-03-13,0.023236705,0.023050694,0.022565742,0.024363021,0.021754035
2024-03-14,0.023233365,0.023044604,0.022556068,0.02434984,0.021712406
2024-03-15,0.02342539,0.023230136,0.022738254,0.024489467,0.021562889
2024-03-18,0.023425213,0.023126326,0.022639784,0.024392296,0.021610752
2024-03-19,0.023333643,0.023035227,0.022548951,0.024328427,0.021569955
2024-03-20,0.023548536,0.023355235,0.022652596,0.024508431,0.02190427
2024-03-21,0.023837245,0.023647417,0.0229458,0.024671483,0.022057074
2024-03-22,0.023638349,0.023458479,0.023080936,0.024546527,0.021997823
2024-03-25,0.023654785,0.023450718,0.022868077,0.024573226,0.021837324
2024-03-26,0.023350515,0.02304956,0.02279356,0.024339373,0.021758288
2024-03-27,0.023248761,0.022945086,0.022807634,0.024447951,0.021752003
2024-03-28,0.023339267,0.023030629,0.022776188,0.024516537,0.021650831
2024-04-01,0.023622114,0.023322995,0.023061266,0.02481349,0.021899322
2024-04-02,0.023929537,0.023737363,0.02314125,0.024946186,0.022159457
2024-04-03,0.02383431,0.023647448,0.023161611,0.024836362,0.022054226
2024-04-04,0.023735249,0.023438587,0.022960312,0.024759154,0.021982152
2024-04-05,0.02402281,0.023726344,0.023248116,0.025035963,0.022082133
2024-04-08,0.024212749,0.02391163,0.023318692,0.024877979,0.022234909
2024-04-09,0.023921052,0.023736603,0.023128063,0.0249266,0.022151025
2024-04-10,0.024387303,0.024081376,0.023462576,0.025104696,0.022263367
2024-04-11,0.024300037,0.024090716,0.023470901,0.024998648,0.022155645
2024-04-12,0.02420389,0.024000471,0.023389588,0.025047686,0.022199484
2024-04-15,0.024701043,0.02439394,0.023784565,0.025332931,0.022474519
2024-04-16,0.024696128,0.024386748,0.02377778,0.025202644,0.022477372
2024-04-17,0.024201631,0.023892941,0.023393933,0.024953703,0.022394961
2024-04-18,0.023902501,0.023799274,0.023502351,0.025132366,0.022411168
2024-04-19,0.02390213,0.023905932,0.023606375,0.025233843,0.022388023
2024-04-22,0.024000895,0.02390033,0.02360424,0.025227235,0.022351589
2024-04-23,0.02392444,0.023809413,0.023639101,0.025265881,0.022272672
2024-04-24,0.023725685,0.023829995,0.023651493,0.025301488,0.022573678
2024-04-25,0.023813836,0.023914923,0.023739527,0.025605306,0.022827734
2024-04-26,0.023908011,0.023903646,0.023840033,0.025563553,0.022822756
2024-04-29,0.023801299,0.023703731,0.023638729,0.025490384,0.022747667
2024-04-30,0.023794577,0.023695906,0.023621351,0.025341714,0.022603249
2024-05-01,0.023409398,0.02341834,0.023349498,0.025073974,0.022470752
2024-05-02,0.023223539,0.02323215,0.023286496,0.025142888,0.022421277
2024-05-03,0.023029604,0.02304517,0.02309833,0.025095732,0.022539499
2024-05-06,0.022926662,0.022939737,0.023101672,0.025074322,0.022536267
2024-05-07,0.022729655,0.022645695,0.022793979,0.024757799,0.022363846
2024-05-08,0.022629555,0.022645556,0.022679553,0.024918795,0.022355585
2024-05-09,0.022930883,0.022838612,0.022770379,0.024995817,0.022422625
2024-05-10,0.022921064,0.022938213,0.022972863,0.02506629,0.022493906
2024-05-13,0.022823757,0.022831936,0.022872283,0.024983461,0.022441059
2024-05-14,0.022729387,0.022736067,0.022893223,0.024852377,0.022305925
2024-05-15,0.022438596,0.022456717,0.022724509,0.024804892,0.02242507
2024-05-16,0.022531311,0.022642082,0.022684619,0.024768406,0.022236579
2024-05-17,0.022722264,0.022739501,0.022778283,0.024865438,0.022320993
2024-05-20,0.022823708,0.022727499,0.02288659,0.024958569,0.022413462
2024-05-21,0.022821263,0.022832083,0.022768742,0.024865328,0.022322792
2024-05-22,0.022813613,0.022721066,0.022868726,0.024591006,0.022537422
2024-05-23,0.022614254,0.022618301,0.022538958,0.024506516,0.022268245
2024-05-24,0.022804897,0.022809836,0.022728313,0.024474847,0.022285406
2024-05-28,0.022811713,0.023030307,0.022950793,0.024707858,0.022479188
2024-05-29,0.023112851,0.023224454,0.023143835,0.025033917,0.02290325
2024-05-30,0.023015046,0.02323333,0.023150682,0.024941329,0.022857208
2024-05-31,0.022916959,0.023035159,0.023070815,0.024947856,0.022578898
2024-06-03,0.022622012,0.02273555,0.022891951,0.024745603,0.022411398
2024-06-04,0.022327634,0.022442013,0.022705156,0.024670818,0.022349811
2024-06-05,0.022235484,0.022350041,0.022611585,0.024461444,0.022284378
2024-06-06,0.022037469,0.022155912,0.02241732,0.024377529,0.022067236
2024-06-07,0.022321615,0.022541854,0.022570961,0.024419562,0.022187169
2024-06-10,0.022225263,0.022459902,0.022708251,0.024523234,0.022149523
2024-06-11,0.02203442,0.022154256,0.02229704,0.024490766,0.022106224
2024-06-12,0.021248021,0.021478813,0.021839052,0.024142735,0.021756526
2024-06-13,0.020957424,0.021288789,0.021764907,0.024154135,0.02162813
2024-06-14,0.02066135,0.020985959,0.02135239,0.023943859,0.021248476
2024-06-17,0.021145202,0.021366243,0.021842385,0.024177798,0.021494396
2024-06-18,0.021249764,0.02147163,0.021733003,0.024225589,0.021690504
2024-06-20,0.021645199,0.021868377,0.022128435,0.024289015,0.02179286
2024-06-21,0.021448562,0.021671242,0.021931148,0.023980625,0.021485405
2024-06-24,0.021347294,0.021568381,0.021828303,0.023976946,0.021485601
2024-06-25,0.021260642,0.021465687,0.021838137,0.023973949,0.021494241
2024-06-26,0.021554441,0.021968268,0.022231197,0.024383021,0.021869863
2024-06-27,0.021745606,0.021854527,0.022243441,0.02438546,0.02188018
2024-06-28,0.021948045,0.022060739,0.022455956,0.024495496,0.021829754
2024-07-01,0.022443228,0.022563943,0.022847544,0.02513735,0.022078455
2024-07-02,0.022147422,0.022270678,0.022660215,0.024956241,0.022201701
2024-07-03,0.021848681,0.021976985,0.022364147,0.024768357,0.022031923
2024-07-05,0.021761059,0.021887173,0.02250553,0.024899258,0.022082157
2024-07-08,0.021756731,0.021778308,0.022399675,0.024776551,0.021939264
2024-07-09,0.021661623,0.021797508,0.022302011,0.024707613,0.021872854
2024-07-10,0.021759415,0.021888181,0.022389131,0.024908307,0.021921728
2024-07-11,0.021380858,0.021620048,0.022227709,0.024753535,0.021932918
2024-07-12,0.021093991,0.021436966,0.022148256,0.02476949,0.021791165
2024-07-15,0.021592138,0.021832783,0.022453554,0.024996714,0.022141264
2024-07-16,0.021588005,0.021825209,0.022333361,0.02485639,0.02204493
2024-07-17,0.021488253,0.021625831,0.022353727,0.024630675,0.021996583
2024-07-18,0.021486442,0.022037709,0.022859621,0.025020208,0.021833994
2024-07-19,0.021385368,0.021935589,0.022977912,0.025102934,0.021912373
2024-07-22,0.021386482,0.021937981,0.022758941,0.025057117,0.022118852
2024-07-23,0.021308063,0.021738369,0.022678859,0.024862347,0.02195452
2024-07-24,0.020923433,0.021779484,0.022613573,0.024959497,0.021985859
2024-07-25,0.020910639,0.021557636,0.022618074,0.024889236,0.02166824
2024-07-26,0.02091042,0.021349934,0.022527063,0.02469883,0.021657135
2024-07-29,0.020908411,0.021241685,0.022307265,0.024715295,0.021644767
2024-07-30,0.020809964,0.021147446,0.02231736,0.024710698,0.021490138
2024-07-31,0.020913901,0.021251735,0.022206358,0.024517101,0.021337785
2024-08-01,0.020237403,0.020790136,0.021846948,0.024163611,0.021022373
2024-08-02,0.018590397,0.019145518,0.020308829,0.023071355,0.020055909
2024-08-05,0.01878305,0.019229815,0.020609226,0.023416746,0.020142508
2024-08-06,0.019272462,0.019944656,0.021096386,0.02382583,0.020498843
2024-08-07,0.01937615,0.019939314,0.020988702,0.023877512,0.02065224
2024-08-08,0.019472586,0.020134751,0.021072879,0.023962833,0.020574676
2024-08-09,0.019268726,0.01982188,0.0208637,0.023858457,0.020495315
2024-08-12,0.01946829,0.020020569,0.020965393,0.023954867,0.02045169
2024-08-13,0.019279282,0.019833538,0.020781622,0.02368071,0.02036148
2024-08-14,0.018978265,0.019424118,0.020482579,0.023340701,0.020023037
2024-08-15,0.019556113,0.019998325,0.02104774,0.023550958,0.020381548
2024-08-16,0.019360829,0.019804409,0.020632859,0.02337619,0.020042873
2024-08-19,0.019061156,0.019503421,0.020544507,0.023251683,0.019791967
2024-08-20,0.019167949,0.019505964,0.020554045,0.023360448,0.019916838
2024-08-21,0.019078115,0.019524912,0.020573018,0.023183257,0.020198219
2024-08-22,0.019271615,0.019818847,0.020860308,0.023263672,0.020290208
2024-08-23,0.019777115,0.020225407,0.021166746,0.023593307,0.020622998
2024-08-26,0.019875664,0.020426095,0.02136685,0.023794598,0.020695367
2024-08-27,0.019894898,0.020537112,0.021372538,0.023932039,0.020809677
2024-08-28,0.019601418,0.020660535,0.021387371,0.023938388,0.02078271
2024-08-29,0.019791877,0.020644782,0.021489665,0.023904287,0.020756709
2024-08-30,0.019787311,0.020541946,0.021384444,0.023933516,0.020911374
2024-09-03,0.019192481,0.019949119,0.020999443,0.023526453,0.020659036
2024-09-04,0.018712238,0.019572274,0.020623869,0.023134512,0.020154412
2024-09-05,0.018416194,0.019275226,0.020206079,0.022951493,0.01981841
2024-09-06,0.018329058,0.019195115,0.020238536,0.022882617,0.019916233
2024-09-09,0.018521181,0.019283688,0.020330123,0.022956872,0.019986467
2024-09-10,0.018335068,0.019212135,0.02013992,0.022797169,0.019969819
2024-09-11,0.018726157,0.0194958,0.020315127,0.022750095,0.019944332
2024-09-12,0.019022648,0.019694618,0.020409311,0.022978627,0.020021001
2024-09-13,0.019229685,0.019901973,0.020735101,0.023170314,0.020229313
2024-09-16,0.019130857,0.020005629,0.020830265,0.023255775,0.020464689
2024-09-17,0.019424265,0.020194516,0.0211262,0.023328174,0.020573459
2024-09-18,0.019525992,0.020402371,0.021122504,0.023485958,0.020838181
2024-09-19,0.020127471,0.020803036,0.021634785,0.023761708,0.020993351
2024-09-20,0.019936708,0.020605304,0.021444273,0.023473446,0.021006451
2024-09-23,0.02013532,0.020808276,0.021636723,0.023673593,0.021204178
2024-09-24,0.020349941,0.021116145,0.021851525,0.023897655,0.021263784
2024-09-25,0.020347324,0.02101033,0.021747731,0.023909861,0.021254177
2024-09-26,0.020035217,0.020691043,0.021538509,0.023777788,0.021110227
2024-09-27,0.020038861,0.020593211,0.021448495,0.02381704,0.021012162
2024-09-30,0.020420755,0.020873973,0.021725285,0.023968228,0.02130171
2024-10-01,0.020423893,0.020874944,0.021833615,0.024184726,0.021253402
2024-10-02,0.020723485,0.021283214,0.022026829,0.024415943,0.021608281
2024-10-03,0.020815422,0.021163258,0.022019917,0.02426346,0.021431874
2024-10-04,0.021085013,0.021528155,0.022148965,0.02437572,0.021519138
2024-10-07,0.021373235,0.021715178,0.022558379,0.024528697,0.021684095
2024-10-08,0.021378494,0.021940694,0.022552011,0.024563007,0.021853405
2024-10-09,0.021777453,0.022120898,0.022730888,0.024970809,0.022096598
2024-10-10,0.022277542,0.022630501,0.023138536,0.025062376,0.022339419
2024-10-11,0.022181736,0.022643918,0.023156044,0.02510576,0.022394209
2024-10-15,0.021878934,0.022122342,0.022634031,0.024669823,0.022119929
2024-10-16,0.021585367,0.022037082,0.022545508,0.024561039,0.021858017
2024-10-17,0.021885205,0.022336112,0.022844943,0.0248996,0.022187269
2024-10-18,0.021983474,0.02244127,0.022956384,0.025000243,0.022259943
2024-10-21,0.021979994,0.022333487,0.022964345,0.02500684,0.022391038
2024-10-22,0.022181019,0.022633674,0.023143362,0.025189768,0.022549829
2024-10-23,0.021978996,0.022426286,0.022938187,0.02506797,0.022261799
2024-10-24,0.022967231,0.022793807,0.022773503,0.024822233,0.022299727
2024-10-25,0.022862041,0.022689468,0.022675682,0.024724554,0.022184454
2024-10-28,0.022767479,0.022689878,0.022669132,0.02482299,0.022244503
2024-10-29,0.022966995,0.022678508,0.022777624,0.024894629,0.022170781
2024-10-30,0.023356758,0.023059833,0.023158773,0.025101694,0.022237006
2024-10-31,0.023456355,0.023167307,0.023028754,0.024987913,0.022260191
2024-11-01,0.023358436,0.023178093,0.023033913,0.025129128,0.022215234
2024-11-04,0.022864392,0.022692892,0.022539568,0.024507614,0.021915665
2024-11-05,0.022858689,0.022784152,0.022397086,0.024496676,0.021894082
2024-11-06,0.02424796,0.024085365,0.023484936,0.025374464,0.022466353
2024-11-07,0.023649624,0.023480741,0.023003521,0.024919878,0.022052974
2024-11-08,0.023934453,0.023546697,0.023179279,0.024917625,0.022085731
2024-11-12,0.023933389,0.023540614,0.023171242,0.02488822,0.02199254
2024-11-13,0.02385159,0.023565615,0.023196683,0.024857397,0.022109462
2024-11-14,0.023635593,0.02334572,0.022973879,0.024697607,0.021959143
2024-11-15,0.023539867,0.023149359,0.023007996,0.024615886,0.021898603
2024-11-18,0.023741374,0.023354337,0.023104242,0.024753778,0.022181516
2024-11-19,0.023741814,0.023349745,0.023104029,0.024508267,0.021968439
2024-11-20,0.023932899,0.023440693,0.023192118,0.024379707,0.022173801
2024-11-21,0.023828795,0.02333265,0.023087486,0.024392561,0.02217494
2024-11-22,0.02391931,0.023419439,0.023063887,0.024516392,0.022290612
2024-11-25,0.023146433,0.022729152,0.022596727,0.0241128,0.02164296
2024-11-26,0.022953098,0.022751546,0.022504781,0.023918028,0.021562876
2024-11-27,0.022847604,0.022442411,0.022324037,0.023952979,0.021467375
2024-11-29,0.022951649,0.022442655,0.022326111,0.023816678,0.021211937
2024-12-02,0.022947839,0.022549454,0.022304583,0.023801199,0.021169628
2024-12-03,0.023250557,0.02285303,0.022498909,0.024004929,0.021357428
2024-12-04,0.023353627,0.022957573,0.022603222,0.023977468,0.021360354
2024-12-05,0.023149237,0.022647651,0.022181391,0.023686184,0.021066626
2024-12-06,0.022760863,0.02247155,0.022111967,0.02364825,0.021189764
2024-12-09,0.022956608,0.022563646,0.022427337,0.023714701,0.021259918
2024-12-10,0.023054522,0.022774139,0.022630339,0.024032296,0.021565513
2024-12-11,0.023459811,0.023076447,0.022707353,0.024181514,0.02183122
2024-12-12,0.023558338,0.023171721,0.022918772,0.024395358,0.021888735
2024-12-13,0.023651552,0.023373843,0.023009385,0.024583482,0.021893732
2024-12-16,0.023451685,0.023167609,0.022913845,0.024479804,0.021929644
2024-12-17,0.023255422,0.022970425,0.022823218,0.02434557,0.021648456
2024-12-18,0.023446953,0.023148943,0.022877455,0.024262564,0.021841671
2024-12-19,0.023165482,0.022871346,0.022599764,0.024128212,0.021815003
2024-12-20,0.023061777,0.022769362,0.022618555,0.024290138,0.021995649
2024-12-23,0.023467833,0.023169575,0.022907242,0.02446308,0.022295214
2024-12-24,0.023568759,0.023376905,0.023222415,0.024614768,0.022309569
2024-12-26,0.023560507,0.0231628,0.023243942,0.024621718,0.022487121
2024-12-27,0.02346518,0.023177845,0.023144102,0.024795424,0.02247341
2024-12-30,0.023175382,0.022992276,0.022850124,0.024536967,0.022208788
2024-12-31,0.023473589,0.023200733,0.023169499,0.024570252,0.022100917
2025-01-02,0.023769469,0.023277505,0.023147458,0.024708903,0.022253925
2025-01-03,0.023668921,0.023284627,0.02314136,0.02448582,0.022336379
2025-01-06,0.023670532,0.02329474,0.0231535,0.024738678,0.022421634
2025-01-07,0.024070381,0.023695526,0.023553829,0.025040838,0.022846169
2025-01-08,0.024371464,0.023893366,0.023761283,0.025237011,0.02277183
2025-01-09,0.024276013,0.023797472,0.023663101,0.025021935,0.022556815
2025-01-10,0.024760292,0.024480532,0.023987927,0.025215607,0.022566797
2025-01-13,0.02515666,0.024554181,0.02418882,0.025265826,0.022778159
2025-01-14,0.025163652,0.024563951,0.02408793,0.025320546,0.022665451
2025-01-15,0.024867557,0.024165606,0.023938635,0.025154643,0.02256062
2025-01-16,0.024771301,0.024177883,0.023950332,0.02506041,0.022340646
2025-01-17,0.024864052,0.024263961,0.023806153,0.025071225,0.022341376
2025-01-21,0.024358169,0.023967364,0.023500073,0.025006398,0.022273808
2025-01-22,0.024459909,0.023962681,0.02371951,0.025068333,0.022487352
2025-01-23,0.024861769,0.024164245,0.023925782,0.025044816,0.022939286
2025-01-24,0.02486456,0.0242707,0.024032621,0.025261464,0.022985004
2025-01-27,0.024577126,0.024085003,0.023741263,0.025103604,0.022834103
2025-01-28,0.024868755,0.024066037,0.023960939,0.025172126,0.022781239
2025-01-29,0.024865631,0.024056856,0.023729166,0.025218698,0.022934488
2025-01-30,0.024669703,0.023863531,0.023534455,0.024794056,0.022696206
2025-01-31,0.02506607,0.024268148,0.023934699,0.025095944,0.022981183
2025-02-03,0.025748256,0.024849225,0.024180141,0.025239324,0.023025433
2025-02-04,0.025557485,0.024655514,0.024106278,0.025255734,0.02300956
2025-02-05,0.025355227,0.024348141,0.02390955,0.024790585,0.022770044
2025-02-06,0.025349614,0.024442813,0.023887119,0.024774655,0.022753893
2025-02-07,0.02553709,0.024520449,0.023847342,0.024757831,0.022563202
2025-02-10,0.02563761,0.024625988,0.024073497,0.024849082,0.022689145
2025-02-11,0.026039253,0.024932453,0.024264637,0.025063722,0.022884879
2025-02-12,0.026239076,0.025119847,0.024211276,0.02527874,0.022723401
2025-02-13,0.026037183,0.024917637,0.02401634,0.024947989,0.02244116
2025-02-14,0.025843534,0.024832616,0.023930029,0.024890987,0.02240984
2025-02-18,0.026142426,0.025019225,0.024126866,0.025086553,0.022718384
2025-02-19,0.026240752,0.025129879,0.024122368,0.024773968,0.022919389
2025-02-20,0.026236646,0.025135042,0.024126409,0.02490508,0.022773354
2025-02-21,0.02575161,0.024646954,0.023854766,0.024510199,0.02256624
2025-02-24,0.025762066,0.024644792,0.023868865,0.024754646,0.022630544
2025-02-25,0.025363614,0.024253393,0.023488756,0.024340454,0.022081105
2025-02-26,0.025063484,0.02395885,0.023303552,0.024270229,0.021879427
2025-02-27,0.025360793,0.024157825,0.023398928,0.024158813,0.021918731
2025-02-28,0.025473517,0.024269022,0.02351315,0.024376398,0.021983395
2025-03-03,0.025568265,0.024159785,0.023301953,0.024310905,0.021786191
2025-03-04,0.025576253,0.024066427,0.023208935,0.024245746,0.021843934
2025-03-05,0.025280643,0.023860502,0.023102944,0.024109531,0.021677063
2025-03-06,0.024990594,0.023785735,0.023137034,0.024352334,0.021736802
2025-03-07,0.024887717,0.023786162,0.023026626,0.024276644,0.021936442
2025-03-10,0.024598367,0.023498019,0.022857021,0.024107774,0.021645503
2025-03-11,0.024695948,0.023503564,0.022853323,0.024093795,0.021755136
2025-03-12,0.024982029,0.023683019,0.023036019,0.02428357,0.021938934
2025-03-13,0.024494941,0.02329837,0.022651855,0.024137451,0.021645537
2025-03-14,0.024482289,0.023385371,0.022729464,0.023990366,0.021809777
2025-03-17,0.024474112,0.02327042,0.022610776,0.023961626,0.021629557
2025-03-18,0.024275504,0.023282038,0.022736785,0.023844428,0.021695061
2025-03-19,0.02467987,0.023483665,0.02283064,0.023974388,0.021851987
2025-03-20,0.024785525,0.023483247,0.022839945,0.023974148,0.021855147
2025-03-21,0.02478741,0.023594853,0.023064094,0.024113756,0.021869732
2025-03-24,0.025075811,0.023990326,0.023341803,0.024267879,0.02198866
2025-03-25,0.025290869,0.023979806,0.023231761,0.02442221,0.021988029
2025-03-26,0.025288781,0.024086138,0.023453533,0.024631585,0.022188299
2025-03-27,0.025690083,0.024283076,0.023666892,0.024729589,0.022276144
2025-03-28,0.025492601,0.023984462,0.023488044,0.024558791,0.022155876
2025-03-31,0.025790098,0.024389233,0.02355603,0.024756501,0.022028129
2025-04-01,0.02509052,0.023689063,0.023071289,0.024343723,0.021472715
2025-04-02,0.024788449,0.023591685,0.022962484,0.02423304,0.021491809
2025-04-03,0.02471027,0.023111683,0.022629507,0.02408878,0.021226381
2025-04-04,0.023121992,0.021822993,0.021648269,0.023382345,0.020780792
2025-04-07,0.022829802,0.021850047,0.021779059,0.023905714,0.021067995
2025-04-08,0.023243423,0.022064697,0.022120644,0.024484788,0.021232951
2025-04-09,0.024213415,0.023014966,0.022486897,0.024615546,0.021391929
2025-04-10,0.022938275,0.021957128,0.021776477,0.02433722,0.021164793
2025-04-11,0.023024817,0.0221422,0.021830768,0.023931743,0.0209154
2025-04-14,0.023234318,0.022459391,0.0221663,0.024325256,0.021366272
2025-04-15,0.022828417,0.021846366,0.021788455,0.023944016,0.021010901
2025-04-16,0.022636356,0.021552531,0.021609449,0.023869895,0.02080383
2025-04-17,0.022335259,0.022088275,0.022244781,0.024532967,0.021611669
2025-04-21,0.022258959,0.02202494,0.02218718,0.024868842,0.021819438
2025-04-22,0.022753703,0.022505196,0.022669808,0.024973498,0.022018124
2025-04-23,0.023041774,0.022787754,0.022833911,0.024857511,0.021929948
2025-04-24,0.023236329,0.02288766,0.02294335,0.024869419,0.021995676
2025-04-25,0.022936853,0.022379318,0.022665411,0.024439086,0.021616411
2025-04-28,0.022948321,0.022398494,0.022456166,0.024256213,0.021400609
2025-04-29,0.022646817,0.022094657,0.022269041,0.024150936,0.021315337
2025-04-30,0.02265413,0.022114821,0.022292387,0.024459069,0.021438592
2025-05-01,0.022742264,0.022407687,0.022471012,0.024556946,0.021682447
2025-05-02,0.022822737,0.022481695,0.022651368,0.024698133,0.021801247
2025-05-05,0.023027244,0.022595123,0.0227537,0.024822783,0.022079613
2025-05-06,0.023134842,0.022702012,0.022520669,0.02504024,0.022112091
2025-05-07,0.02302945,0.022593587,0.022415853,0.024812436,0.021904396
2025-05-08,0.02361389,0.022966384,0.022786771,0.02488253,0.021796584
2025-05-09,0.023618808,0.023069984,0.022782429,0.024887713,0.021654629
2025-05-12,0.023208751,0.022966111,0.0227784,0.024983469,0.021875374
2025-05-13,0.02350056,0.023159954,0.023090596,0.025420168,0.022290909
2025-05-14,0.024096885,0.023751767,0.023569499,0.025670551,0.022555543
2025-05-15,0.023805927,0.023358996,0.023300918,0.025402115,0.022472024
2025-05-16,0.023900162,0.023454116,0.023282614,0.025512251,0.022407603
2025-05-19,0.024004001,0.02356167,0.023505256,0.025721285,0.022609361
2025-05-20,0.023905844,0.023466621,0.023417932,0.025780371,0.022485281
2025-05-21,0.024011935,0.023578382,0.02341111,0.025727847,0.022908345
2025-05-22,0.023904056,0.023364402,0.023320625,0.025631684,0.022821984
2025-05-23,0.023701442,0.023271985,0.023224241,0.025570702,0.022784728
2025-05-27,0.023811111,0.023145635,0.023103998,0.025516443,0.022424936
2025-05-28,0.023611162,0.023272414,0.023107247,0.0256415,0.022491394
2025-05-29,0.023509062,0.023064343,0.023143813,0.025496194,0.022385792
2025-05-30,0.023612846,0.02328205,0.023358018,0.025745334,0.022659679
2025-06-02,0.023507097,0.023073137,0.023265857,0.025797731,0.022665321
2025-06-03,0.023504312,0.022959377,0.023146061,0.025780996,0.022476503
2025-06-04,0.022916834,0.022793464,0.023080175,0.025577659,0.022489097
2025-06-05,0.022811102,0.022574845,0.022855609,0.025175072,0.022227097
2025-06-06,0.023198566,0.022856902,0.023013182,0.025339909,0.022373931
2025-06-09,0.023101912,0.022866808,0.02303185,0.025344406,0.022204268
2025-06-10,0.0229029,0.022678041,0.022826446,0.025259702,0.022117628
2025-06-11,0.022712595,0.022483729,0.022632277,0.025244174,0.022110513
2025-06-12,0.022513847,0.022282673,0.022438973,0.02500232,0.021906747
2025-06-13,0.022805067,0.022576838,0.022736349,0.025322745,0.022024336
2025-06-16,0.022904336,0.022573404,0.022967854,0.025435223,0.022478023
2025-06-17,0.023201567,0.022865043,0.023038843,0.025389835,0.022475428
2025-06-18,0.023301104,0.022864679,0.023030913,0.02540081,0.02234103
2025-06-20,0.0234091,0.023079319,0.023251816,0.025632411,0.022562198
2025-06-23,0.023016189,0.02268778,0.022979692,0.025367954,0.022463179
2025-06-24,0.022734991,0.022498622,0.02289966,0.025267938,0.022236437
2025-06-25,0.02253757,0.022512208,0.022804001,0.025317029,0.022406563
2025-06-26,0.022638172,0.022306728,0.022830492,0.025319438,0.022278172
2025-06-27,0.022834012,0.022394156,0.022922267,0.025552212,0.022489404
2025-06-30,0.022829218,0.022394401,0.022920568,0.025505183,0.022308621
2025-07-01,0.022922349,0.022586149,0.022874282,0.025350806,0.022168247
2025-07-02,0.023125266,0.022680917,0.022981252,0.025570573,0.022333926
2025-07-03,0.023407292,0.022968362,0.023260112,0.025502627,0.022454773
2025-07-07,0.023706419,0.023278323,0.023468375,0.02573685,0.022512032
2025-07-08,0.023610527,0.023175527,0.023473626,0.02573599,0.022649168
2025-07-09,0.023511264,0.023080315,0.023258911,0.025545988,0.022511204
2025-07-10,0.023611744,0.023071222,0.023363126,0.025485189,0.022444956
2025-07-11,0.024108831,0.023471596,0.023662918,0.025837432,0.022781613
2025-07-14,0.024207928,0.023678909,0.023870687,0.026063861,0.022856629
2025-07-15,0.024503443,0.023970343,0.024057183,0.026096816,0.022861717
2025-07-16,0.024613377,0.023980347,0.02407489,0.026291748,0.023061721
2025-07-17,0.0250046,0.024265748,0.024256748,0.026352223,0.023282878
2025-07-18,0.024707762,0.023977213,0.02408023,0.026190891,0.023145457
2025-07-21,0.0246084,0.023875655,0.023972267,0.026080538,0.023059862
2025-07-22,0.024409033,0.023678311,0.023889497,0.02595316,0.022631194
2025-07-23,0.024106404,0.023577716,0.023668622,0.02564962,0.022804415
2025-07-24,0.02469985,0.024276079,0.024479049,0.026185161,0.022911897
2025-07-25,0.024397032,0.024181972,0.024384565,0.02606731,0.022632098
2025-07-28,0.024402172,0.024293755,0.024376992,0.026117059,0.022825549
2025-07-29,0.024502621,0.024177729,0.024267305,0.025838763,0.022431848
2025-07-30,0.024490346,0.024162238,0.024138475,0.025829087,0.022229623
2025-07-31,0.024289661,0.023751259,0.023835023,0.025532253,0.022103354
2025-08-01,0.023531842,0.023101502,0.023304038,0.025285987,0.021889739
2025-08-04,0.023825891,0.023404439,0.023723842,0.025457577,0.022086413
2025-08-05,0.023826119,0.023411621,0.023599425,0.025316285,0.021926618
2025-08-06,0.023734272,0.023310721,0.023393495,0.025520508,0.021935042
2025-08-07,0.023829915,0.023508218,0.023477693,0.025604334,0.021991259
2025-08-08,0.024322815,0.023899003,0.023869638,0.025892337,0.022313398
2025-08-11,0.024321923,0.024002414,0.023974461,0.025745176,0.022185054
2025-08-12,0.024033268,0.023606291,0.023809146,0.025815947,0.022215068
2025-08-13,0.023939071,0.023618894,0.023710587,0.025605023,0.022201382
2025-08-14,0.024028165,0.023710328,0.023912331,0.025808489,0.022393137
2025-08-15,0.023932474,0.023714324,0.023809597,0.025832879,0.022204942
2025-08-18,0.023926617,0.023505777,0.023823967,0.025842889,0.022243647
2025-08-19,0.023629975,0.023418695,0.023509679,0.025781241,0.022139585
2025-08-20,0.023727507,0.023309066,0.023515507,0.025420625,0.02216186
2025-08-21,0.024120154,0.02380295,0.023897494,0.025576408,0.02232768
2025-08-22,0.024532515,0.024015216,0.02412681,0.025836367,0.022626961
2025-08-25,0.024624285,0.024002457,0.024107823,0.025923849,0.022536358
2025-08-26,0.02474912,0.024218751,0.024228437,0.026097955,0.022718576
2025-08-27,0.024749731,0.024337258,0.024355068,0.026267111,0.022715382
2025-08-28,0.024637299,0.024013815,0.024148702,0.025909419,0.022564257
2025-08-29,0.024445891,0.023927273,0.024175164,0.026098434,0.022897069
2025-09-02,0.024537806,0.023921974,0.02416039,0.026211014,0.022802472
2025-09-03,0.02434235,0.023828248,0.024063797,0.026087925,0.022712203
2025-09-04,0.024141428,0.023624311,0.023860316,0.026010942,0.02249185
2025-09-05,0.023952463,0.023433755,0.023771056,0.025650917,0.022504249
2025-09-08,0.023854451,0.023222304,0.023546648,0.025352101,0.022053567
2025-09-09,0.024048856,0.023530267,0.023626245,0.025462161,0.022145343
2025-09-10,0.023846014,0.02332508,0.023520758,0.025483339,0.022030544
2025-09-11,0.023848077,0.023316714,0.023398916,0.025473973,0.022182832
2025-09-12,0.0239447,0.023413158,0.023605659,0.025643632,0.022185518
2025-09-15,0.02384684,0.023420495,0.023726421,0.02549885,0.022063036
2025-09-16,0.023952249,0.023530778,0.023725694,0.025391839,0.022275676
2025-09-17,0.02405338,0.023625361,0.023814939,0.025475057,0.0223666
2025-09-18,0.024147756,0.023724476,0.023805136,0.025613368,0.022325029
2025-09-19,0.024050188,0.023733214,0.023927979,0.025727228,0.022571712
2025-09-22,0.023944199,0.023521672,0.023708611,0.02564823,0.022472998
2025-09-23,0.023959838,0.023517665,0.023712696,0.025624243,0.022295989
2025-09-24,0.023955327,0.023729672,0.023814421,0.025726195,0.022386632
2025-09-25,0.023942341,0.023711333,0.023791004,0.025543478,0.022199059
2025-09-26,0.023947877,0.023718789,0.023794869,0.025434802,0.022260541
2025-09-29,0.023843237,0.023407413,0.023474662,0.025208496,0.02202472
2025-09-30,0.023953388,0.023618726,0.023577458,0.025336561,0.021992097
2025-10-01,0.023659029,0.023328779,0.023508575,0.025407382,0.022081266
2025-10-02,0.02345657,0.023226374,0.023406091,0.02517045,0.022004645
2025-10-03,0.023555554,0.023217994,0.0232826,0.025278009,0.021924903
2025-10-06,0.023557626,0.023324602,0.023388252,0.025278141,0.022083896
2025-10-07,0.023658056,0.023330104,0.02350543,0.025392728,0.022352715
2025-10-08,0.023657848,0.023427945,0.023481195,0.025390734,0.022353712
2025-10-09,0.023654309,0.023321191,0.023374518,0.025379896,0.022168315
2025-10-10,0.023261636,0.022925164,0.022977528,0.02496995,0.021959917
2025-10-14,0.023065954,0.02273569,0.023016558,0.024991333,0.021981651
2025-10-15,0.023065433,0.022727542,0.022896629,0.025005417,0.021981485
2025-10-16,0.022676945,0.022444273,0.02284007,0.025021466,0.021843011
2025-10-17,0.022670934,0.022437365,0.022718837,0.02478631,0.021744255
2025-10-20,0.022570607,0.022335044,0.022609318,0.024795482,0.021618035
2025-10-21,0.022767483,0.022529567,0.022814846,0.024863091,0.021713076
2025-10-22,0.022967332,0.022631961,0.022906502,0.024842529,0.021704003
2025-10-23,0.023963638,0.023209813,0.022948072,0.024706833,0.022006021
2025-10-24,0.023764141,0.023011027,0.022862944,0.024724205,0.022015571
2025-10-27,0.023466792,0.022913488,0.022758897,0.024722557,0.021847554
2025-10-28,0.023366766,0.022806823,0.022762543,0.024832939,0.021967456
2025-10-29,0.023451516,0.022998084,0.0229445,0.024758521,0.022038817
2025-10-30,0.023551001,0.023103234,0.02283326,0.024911235,0.021839756
2025-10-31,0.023750678,0.023096867,0.022944475,0.024925742,0.022019785
2025-11-03,0.023850359,0.023196625,0.023052946,0.024912852,0.021862042
2025-11-04,0.023554274,0.023108966,0.022847284,0.024852341,0.021930103
2025-11-05,0.023651808,0.023204202,0.022942194,0.025077087,0.02212631
2025-11-06,0.023455237,0.0228021,0.022771561,0.024878513,0.021943349
2025-11-07,0.023360386,0.02281371,0.022782585,0.02502183,0.021929043
2025-11-10,0.023558099,0.023017879,0.022862467,0.024988751,0.022041499
2025-11-12,0.023457682,0.022807381,0.022650203,0.025024058,0.022080257
2025-11-13,0.023457562,0.022909768,0.022752717,0.025127997,0.021855115
2025-11-14,0.023551562,0.023003452,0.022740812,0.025266199,0.021963174
2025-11-17,0.023452708,0.022903709,0.022756671,0.025151795,0.022035756
2025-11-18,0.023357254,0.02281001,0.022662322,0.025205023,0.022065263
2025-11-19,0.023357834,0.022809497,0.022659376,0.024976034,0.022051498
2025-11-20,0.02316148,0.022613563,0.022352481,0.024572993,0.021961876
2025-11-21,0.02296593,0.022528185,0.022381649,0.024844068,0.021900412
2025-11-24,0.022775722,0.022323651,0.022287392,0.0246004,0.021679062
2025-11-25,0.022480216,0.022240256,0.022202763,0.024664781,0.021760615
2025-11-26,0.022670596,0.022220117,0.022302339,0.024713329,0.021808603
2025-11-28,0.022670663,0.022324363,0.022287986,0.024621614,0.021874699
2025-12-01,0.022865525,0.022418595,0.022375135,0.024955538,0.021967217
2025-12-02,0.022771116,0.022321514,0.022392308,0.02484288,0.022038092
2025-12-03,0.022673068,0.022334429,0.022401231,0.025002022,0.022075769
2025-12-04,0.02307139,0.022622155,0.022585825,0.025050489,0.02209665
2025-12-05,0.023165392,0.02261062,0.022575954,0.025163896,0.022053253
2025-12-08,0.022970575,0.022628923,0.022578944,0.025159342,0.022149648
2025-12-09,0.022963948,0.022621774,0.022563057,0.025000229,0.022012479
2025-12-10,0.022976464,0.022739578,0.022455159,0.025079376,0.022246035
2025-12-11,0.022979396,0.022531989,0.022480339,0.025071949,0.022098458
2025-12-12,0.02298531,0.022638364,0.022596513,0.02544296,0.022249762
2025-12-15,0.022686457,0.022554791,0.022505842,0.025236622,0.022224057
2025-12-16,0.022289084,0.022159326,0.022330808,0.025050072,0.022220028
2025-12-17,0.022387549,0.022258857,0.022430701,0.025034261,0.022206533
2025-12-18,0.02238894,0.022259881,0.022431877,0.025049279,0.022264456
2025-12-19,0.022489417,0.022254228,0.02242765,0.024892956,0.022080454
2025-12-22,0.022303111,0.022151769,0.022323016,0.024815833,0.02217028
2025-12-23,0.022194915,0.022258812,0.022427461,0.025007401,0.022191556
2025-12-24,0.022192645,0.022256918,0.022426088,0.024979648,0.022005376
2025-12-26,0.02199284,0.022059931,0.022343004,0.024934472,0.022113232
2025-12-29,0.022093802,0.022062002,0.022226513,0.024961713,0.021985848
2025-12-30,0.022294065,0.022164704,0.022442644,0.02503077,0.022068741
2025-12-31,0.022396417,0.022363716,0.02252711,0.025004942,0.022184944
2026-01-02,0.022597314,0.022461825,0.022517597,0.025260016,0.022272147
2026-01-05,0.022694645,0.022562424,0.022626494,0.025264296,0.022462197
2026-01-06,0.02279391,0.022556984,0.022730947,0.025241999,0.022447924
2026-01-07,0.022791314,0.022659507,0.022716868,0.025103599,0.022330202
2026-01-08,0.022891525,0.022655471,0.022712216,0.024968537,0.022339732
2026-01-09,0.022979253,0.022743302,0.022794666,0.025026441,0.02242634
2026-01-12,0.02338161,0.023041303,0.022870342,0.025122953,0.02233676
2026-01-13,0.023479722,0.023041343,0.022985364,0.025242261,0.022493302
2026-01-14,0.02338003,0.023042138,0.022879947,0.025005369,0.022272593
2026-01-15,0.023374435,0.023027234,0.022853508,0.025077761,0.022322781
2026-01-16,0.023673794,0.02332794,0.023271684,0.025202137,0.022290266
2026-01-20,0.023779873,0.02344361,0.023272744,0.025371261,0.022405093
2026-01-21,0.023972611,0.023639914,0.023361468,0.025353213,0.02258818
2026-01-22,0.023971747,0.023424449,0.023030715,0.024984978,0.022530491
2026-01-23,0.024370342,0.023611656,0.023116381,0.025071156,0.02244802
2026-01-26,0.024279009,0.023722264,0.023110506,0.024965605,0.022526331
2026-01-27,0.024487223,0.023932541,0.023330775,0.02531039,0.02253186
2026-01-28,0.0247816,0.024129959,0.023527342,0.025392943,0.022617392
2026-01-29,0.02498151,0.0240181,0.023434713,0.025199225,0.022595881
2026-01-30,0.025083546,0.024028799,0.023564519,0.025187811,0.0225841
2026-02-02,0.02497708,0.023924216,0.023449564,0.025084307,0.02261441
2026-02-03,0.025075411,0.024019994,0.023547868,0.025319345,0.022697654
2026-02-04,0.024877458,0.023928284,0.023453148,0.02534486,0.022710524
2026-02-05,0.024592354,0.02364153,0.023164655,0.02507557,0.022622634
2026-02-06,0.024785623,0.023835815,0.023361418,0.025256231,0.022633921
2026-02-09,0.024787939,0.023838979,0.023479564,0.025245765,0.022812781
2026-02-10,0.024490256,0.023650969,0.023170588,0.025036987,0.022435997
2026-02-11,0.024679486,0.023838328,0.023127047,0.025189006,0.022736443
2026-02-12,0.024280414,0.023434084,0.022836919,0.025080585,0.022301131
2026-02-13,0.023989161,0.023140313,0.022657905,0.024912043,0.02230546
2026-02-17,0.023684221,0.022928807,0.022557317,0.024772544,0.022039966
2026-02-18,0.024078119,0.023228173,0.02285487,0.02471425,0.022315665
2026-02-19,0.024076689,0.023225495,0.022854281,0.024830068,0.022289967
2026-02-20,0.024074408,0.023120784,0.022750598,0.024993769,0.022428462
2026-02-23,0.02377859,0.022823448,0.022569314,0.024838405,0.022151594
2026-02-24,0.023782119,0.022923171,0.022554688,0.024825946,0.022285005
2026-02-25,0.023977515,0.023121822,0.02275601,0.024897277,0.022371466
2026-02-26,0.024078358,0.023119694,0.022764483,0.024893177,0.022378254
2026-02-27,0.023780808,0.022830513,0.022478019,0.024737814,0.022207219
2026-03-02,0.024370929,0.023312123,0.022841316,0.024986199,0.022285364
2026-03-03,0.024362996,0.023311607,0.022839448,0.024965274,0.022091901
2026-03-04,0.024361424,0.0233022,0.022824921,0.024828631,0.022102151
2026-03-05,0.024860448,0.02369499,0.022998082,0.025107763,0.021885797
2026-03-06,0.025362001,0.024203409,0.023407613,0.025304763,0.021931521
2026-03-09,0.025357433,0.023987058,0.023303129,0.025029324,0.021665014
2026-03-10,0.025060692,0.023903799,0.023209855,0.025118213,0.02190938
2026-03-11,0.025548483,0.024289617,0.023499579,0.025577949,0.022180935
2026-03-12,0.026027987,0.024558363,0.023651911,0.025569899,0.021988165
2026-03-13,0.025838418,0.024365679,0.023459307,0.025623866,0.021830042
2026-03-16,0.025539282,0.024174144,0.023499434,0.025413968,0.022004657
2026-03-17,0.025935312,0.024467999,0.023571998,0.025545917,0.022164172
2026-03-18,0.0263231,0.024749418,0.023847276,0.025555492,0.022346106
2026-03-19,0.025819916,0.024444136,0.023529832,0.025286738,0.021718427
2026-03-20,0.026017505,0.024636022,0.023611131,0.025493331,0.021646901
2026-03-23,0.025027724,0.023957218,0.023144716,0.025469187,0.021439026
2026-03-24,0.025217638,0.023929049,0.023110932,0.025185096,0.021494482
2026-03-25,0.024825648,0.023744556,0.022926874,0.025124839,0.021292868
2026-03-26,0.025307621,0.024011655,0.023191504,0.025204795,0.021339798
2026-03-27,0.025327942,0.023828636,0.022905617,0.024849341,0.021286167
2026-03-30,0.025430048,0.023942063,0.022910831,0.024999439,0.021155495
2026-03-31,0.025131303,0.023855116,0.022821979,0.024941715,0.021273147
2026-04-01,0.025232579,0.023846438,0.022913452,0.025034967,0.021361842
2026-04-02,0.025431383,0.024152374,0.023229675,0.025209698,0.021568957
2026-04-03,0.025824202,0.024437337,0.023402522,0.025390946,0.021750137
2026-04-06,0.02572234,0.024335538,0.023410108,0.025252794,0.021781611
2026-04-07,0.025825731,0.024347951,0.023541693,0.025388884,0.021610346
2026-04-08,0.025329921,0.023957048,0.023136451,0.025161719,0.021858666
2026-04-09,0.025332958,0.024171673,0.02324051,0.025293668,0.021827981
2026-04-10,0.025527126,0.024259579,0.023439348,0.025471156,0.021874248
2026-04-13,0.025829264,0.024454592,0.0236483,0.025553126,0.02197236
2026-04-14,0.025629005,0.0243619,0.023555706,0.025476265,0.022079615
2026-04-15,0.025830216,0.024450638,0.023765924,0.025654537,0.022085789
2026-04-16,0.025727712,0.024356275,0.023783032,0.025442312,0.022036464
2026-04-17,0.025339218,0.024076748,0.023497884,0.025279158,0.021872386
2026-04-20,0.025436052,0.02406431,0.023378781,0.025288531,0.021874727
2026-04-21,0.025726557,0.024350806,0.023663093,0.025416229,0.021852628
2026-04-22,0.025825187,0.024556325,0.023642802,0.025445037,0.022044134
2026-04-23,0.02552083,0.024562488,0.024085638,0.025701915,0.022147044
2026-04-24,0.02582794,0.024872099,0.024071191,0.025628085,0.022090593
2026-04-27,0.025933083,0.025078183,0.024279568,0.025701268,0.021981189
2026-04-28,0.026020838,0.025066231,0.024258636,0.025673423,0.021964217
2026-04-29,0.026408534,0.025451542,0.024421195,0.02583637,0.021940815
2026-04-30,0.026414366,0.025351739,0.024440891,0.025867536,0.021961967
2026-05-01,0.02661424,0.025654804,0.024629002,0.02619492,0.02229646
2026-05-04,0.026902305,0.025839462,0.024815789,0.026256773,0.022352189
2026-05-05,0.026409474,0.02544088,0.024515194,0.02602938,0.022114257
2026-05-06,0.02551618,0.024763398,0.02405463,0.025709573,0.02213814
2026-05-07,0.025809593,0.025057393,0.024350256,0.025977503,0.022233911
2026-05-08,0.025909523,0.025051052,0.024345939,0.025871971,0.022318985
2026-05-11,0.026402653,0.025442184,0.024513956,0.02593109,0.022193786
2026-05-12,0.02659663,0.025636122,0.024482217,0.026068028,0.022141472
2026-05-13,0.026700123,0.025525986,0.02449311,0.02617315,0.022066439
2026-05-14,0.026395434,0.025320778,0.024505331,0.025903412,0.022160944
2026-05-15,0.026694367,0.025722294,0.024667835,0.02630847,0.022115753
2026-05-18,0.026598375,0.025517642,0.024585975,0.026095362,0.022414055
2026-05-19,0.026294864,0.025532483,0.024694828,0.026294509,0.022568596
2026-05-20,0.025604387,0.02483711,0.024226057,0.02584063,0.022340424
2026-05-21,0.025399522,0.024524875,0.02367719,0.025668543,0.022445888
2026-05-22,0.025087398,0.024413555,0.023778822,0.025608023,0.022427478
2026-05-26,0.025005804,0.024321122,0.023818845,0.025878178,0.022366969
2026-05-27,0.025007096,0.024324599,0.023705639,0.025777015,0.022269614
2026-05-28,0.025104648,0.024317291,0.023701096,0.02564841,0.022161589
2026-05-29,0.024903773,0.024119035,0.023626658,0.025572131,0.022253282
2026-06-01,0.025094532,0.024421963,0.023791248,0.025616062,0.022136409
2026-06-02,0.024893886,0.024325611,0.023693704,0.025502167,0.022179212
2026-06-03,0.024989925,0.02420302,0.023578443,0.025486214,0.021979008
2026-06-04,0.024498099,0.023924986,0.02340133,0.025413591,0.021903651
2026-06-05,0.024480628,0.023901004,0.023370692,0.02533632,0.021948318
2026-06-08,0.024387176,0.023810001,0.023276638,0.025375613,0.021816808
2026-06-09,0.024091725,0.023622152,0.023082961,0.025200071,0.021961142
2026-06-10,0.024092446,0.023517188,0.02320547,0.025175934,0.021797794
2026-06-11,0.023702379,0.023228159,0.022691752,0.024944252,0.021703611
2026-06-12,0.023597166,0.023336372,0.022903594,0.02513717,0.021754377
2026-06-15,0.023697494,0.02333735,0.023022069,0.025138644,0.021940949
2026-06-16,0.023299007,0.022932066,0.022724814,0.02482927,0.021824913
2026-06-17,0.022779911,0.022501627,0.022387331,0.024521154,0.02130501
2026-06-18,0.022381771,0.022425677,0.022302,0.02443884,0.021403163
2026-06-22,0.022475208,0.02230446,0.022078384,0.024465108,0.021360443
2026-06-23,0.022096639,0.022019183,0.021900698,0.024270769,0.021165708
2026-06-24,0.021598101,0.0216278,0.021625169,0.023984201,0.02093455
2026-06-25,0.021995703,0.021819427,0.02193716,0.024175278,0.021138903
2026-06-26,0.021797503,0.021732538,0.021852545,0.024370718,0.021329556
2026-06-29,0.022088878,0.021922415,0.022035001,0.024308748,0.021295733
2026-06-30,0.022286361,0.022120561,0.022235938,0.024493132,0.021113627
2026-07-01,0.02228645,0.022118689,0.022114856,0.024554565,0.021338424
2026-07-02,0.022095398,0.022142297,0.022139284,0.024570664,0.021306447
2026-07-06,0.022391425,0.022234144,0.022241518,0.024700983,0.021460288
2026-07-07,0.022488234,0.022334349,0.022339099,0.024675042,0.021566739
2026-07-08,0.022786421,0.022625919,0.022290342,0.024788867,0.021332765
2026-07-09,0.022496564,0.022333221,0.022115817,0.024726277,0.021259921
2026-07-10,0.022487107,0.022322505,0.022217267,0.024920636,0.021278088
2026-07-13,0.022780138,0.02250065,0.022400436,0.024847298,0.021401134
2026-07-14,0.022497025,0.02243223,0.022324737,0.024916286,0.021451392
2026-07-15,0.022202685,0.022141888,0.022155408,0.024656911,0.021538119
2026-07-16,0.02209939,0.022040296,0.022053788,0.024536192,0.021231538
2026-07-17,0.022391217,0.022224808,0.022236508,0.024702501,0.021247135
2026-07-20,0.022489648,0.022322606,0.02233374,0.024927455,0.021297703
2026-07-21,0.022485806,0.022524403,0.02241038,0.025021134,0.021535845
2026-07-22,0.022675323,0.022614457,0.022618062,0.025059981,0.021409536
2026-07-23,0.02256869,0.022611616,0.022607032,0.025026101,0.02134347
2026-07-24,0.022077981,0.022331762,0.022437167,0.024975663,0.021312885
2026-07-27,0.021484662,0.021730243,0.021940927,0.024580546,0.020888806
2026-07-28,0.021290601,0.021534961,0.021862396,0.024616116,0.020963772
2026-07-29,0.022099733,0.022350483,0.022472749,0.025338335,0.021484925
2026-07-30,0.022098618,0.022350214,0.022581605,0.025318944,0.021622487
2026-07-31,0.022295443,0.022447026,0.022675662,0.025406579,0.021689673
2026-08-03,0.021996542,0.022249058,0.022588276,0.025322463,0.021808226
2026-08-04,0.021602595,0.021856956,0.022194329,0.02518884,0.021662932
2026-08-05,0.021508569,0.0217599,0.022097475,0.025187708,0.021478537
2026-08-06,0.021995561,0.022143249,0.022482474,0.025214846,0.021854423
2026-08-07,0.021905764,0.022160349,0.02238767,0.025375591,0.021665576
2026-08-10,0.02219784,0.022564817,0.022787973,0.025418546,0.021896257
2026-08-11,0.022004676,0.022372587,0.022594044,0.025472924,0.021742941
2026-08-12,0.022105578,0.022367379,0.022479497,0.025526892,0.021961757
2026-08-13,0.02181297,0.022180455,0.022290052,0.025366885,0.021982245
2026-08-14,0.022111141,0.022370737,0.022603143,0.025648687,0.021926833
2026-08-17,0.022209527,0.022476828,0.022714375,0.025561247,0.021993312
2026-08-18,0.022406532,0.022670553,0.022912888,0.025597167,0.021880796
2026-08-19,0.022498091,0.022650666,0.02288506,0.025283058,0.022024979
2026-08-20,0.023101219,0.0232581,0.023261161,0.025461878,0.022387114
2026-08-21,0.023094339,0.023146099,0.023271318,0.025437212,0.022168083
2026-08-24,0.022893937,0.023045282,0.023045898,0.025351891,0.022087929
2026-08-25,0.022801588,0.022945907,0.023067619,0.025340362,0.021920123
2026-08-26,0.02280157,0.023046446,0.023052193,0.025330741,0.022058158
2026-08-27,0.022801031,0.023044824,0.023160339,0.025430088,0.022160759
2026-08-28,0.022677267,0.022708919,0.022929604,0.025153726,0.022047262
2026-08-31,0.022782336,0.023031162,0.022907776,0.025314323,0.022014511
2026-09-01,0.023370465,0.023297531,0.023293496,0.025536856,0.022234975
2026-09-02,0.0231713,0.023211132,0.023202002,0.02556544,0.022252043
2026-09-03,0.023377686,0.023310216,0.023309718,0.025541613,0.022245301
2026-09-04,0.023372905,0.023300706,0.023296218,0.025377834,0.022070201
2026-09-08,0.023671043,0.023608227,0.023478121,0.025444784,0.022144934
2026-09-09,0.023763514,0.02359148,0.023464475,0.025441742,0.022319181
2026-09-10,0.024246636,0.023960656,0.023722621,0.025677208,0.022319988
2026-09-11,0.023638828,0.023560152,0.023304595,0.025340458,0.021808757
2026-09-14,0.023633416,0.023547157,0.023405716,0.025159796,0.021967468
2026-09-15,0.023732337,0.023642392,0.023503263,0.025357932,0.021825119
2026-09-16,0.023125335,0.023138691,0.0229827,0.024942377,0.021560078
2026-09-17,0.022833111,0.023058629,0.0230163,0.024849991,0.021528604
2026-09-18,0.022721703,0.022949515,0.023016222,0.024809621,0.021447824
2026-09-21,0.022913526,0.02303221,0.023097416,0.025014537,0.021680155
2026-09-22,0.022827012,0.022935114,0.023001792,0.024796101,0.021464087
2026-09-23,0.023013009,0.023119864,0.023177328,0.024804629,0.02142687
2026-09-24,0.022915365,0.022922901,0.022996762,0.024731116,0.021420394
